<?xml version="1.0" encoding="UTF-8"?>
<kml xmlns="http://www.opengis.net/kml/2.2">
<Document>
  <name>Proyectos SEA - Región de Atacama</name>
  <description>KML generado desde Proyectos.xlsx - estilo GeoIPT</description>

  <Folder>
    <name>Aprobado</name>

    <Placemark>
      <name>Prospección Minera San Pietro</name>
      <description>
<![CDATA[
<div style="font-family:Segoe UI,Arial,sans-serif;font-size:13px;">
  <h2 style="margin:0;color:#1e3a8a;">Prospección Minera San Pietro</h2>
  <table style="border-collapse:collapse;margin-top:6px;">
    <tr><td><b>Tipo presentación:</b></td><td>DIA</td></tr>
    <tr><td><b>Estado:</b></td><td>Aprobado</td></tr>
    <tr><td><b>Sector:</b></td><td>Minería</td></tr>
    <tr><td><b>Titular:</b></td><td>NEW GOLDEN EXPLORATIONS CHILE SPA</td></tr>
    <tr><td><b>Inversión:</b></td><td>15.0 MMU$</td></tr>
    <tr><td><b>Región / Comuna:</b></td><td>Región de Atacama / Chañaral-Diego de Almagro</td></tr>
    <tr><td><b>Fecha ingreso:</b></td><td></td></tr>
    <tr><td><b>Fecha calificación:</b></td><td>2025-11-06</td></tr>
    <tr><td><b>Lat/Long:</b></td><td>-26.475222, -70.096882</td></tr>
    <tr><td><b>UTM 19S:</b></td><td>390668 E / 7071220 N</td></tr>
  </table>
</div>
]]>
</description>
      <Point>
        <coordinates>-70.096882,-26.475222,0</coordinates>
      </Point>
    </Placemark>

    <Placemark>
      <name>Prospección Minera Dionisio</name>
      <description>
<![CDATA[
<div style="font-family:Segoe UI,Arial,sans-serif;font-size:13px;">
  <h2 style="margin:0;color:#1e3a8a;">Prospección Minera Dionisio</h2>
  <table style="border-collapse:collapse;margin-top:6px;">
    <tr><td><b>Tipo presentación:</b></td><td>DIA</td></tr>
    <tr><td><b>Estado:</b></td><td>Aprobado</td></tr>
    <tr><td><b>Sector:</b></td><td>Minería</td></tr>
    <tr><td><b>Titular:</b></td><td>Nuevo Cobre S.A.</td></tr>
    <tr><td><b>Inversión:</b></td><td>37.0 MMU$</td></tr>
    <tr><td><b>Región / Comuna:</b></td><td>Región de Atacama / Diego de Almagro</td></tr>
    <tr><td><b>Fecha ingreso:</b></td><td></td></tr>
    <tr><td><b>Fecha calificación:</b></td><td>2025-07-31</td></tr>
    <tr><td><b>Lat/Long:</b></td><td>-26.500178, -69.3921</td></tr>
    <tr><td><b>UTM 19S:</b></td><td>460927 E / 7068863 N</td></tr>
  </table>
</div>
]]>
</description>
      <Point>
        <coordinates>-69.3921,-26.500178,0</coordinates>
      </Point>
    </Placemark>

    <Placemark>
      <name>Proyecto de Explotación y Procesamiento de Minerales La Farola</name>
      <description>
<![CDATA[
<div style="font-family:Segoe UI,Arial,sans-serif;font-size:13px;">
  <h2 style="margin:0;color:#1e3a8a;">Proyecto de Explotación y Procesamiento de Minerales La Farola</h2>
  <table style="border-collapse:collapse;margin-top:6px;">
    <tr><td><b>Tipo presentación:</b></td><td>DIA</td></tr>
    <tr><td><b>Estado:</b></td><td>Aprobado</td></tr>
    <tr><td><b>Sector:</b></td><td>Minería</td></tr>
    <tr><td><b>Titular:</b></td><td>MINERA ALTAIR S.A.</td></tr>
    <tr><td><b>Inversión:</b></td><td>260.0 MMU$</td></tr>
    <tr><td><b>Región / Comuna:</b></td><td>Región de Atacama / Tierra Amarilla</td></tr>
    <tr><td><b>Fecha ingreso:</b></td><td></td></tr>
    <tr><td><b>Fecha calificación:</b></td><td>2025-03-31</td></tr>
    <tr><td><b>Lat/Long:</b></td><td>-27.584156, -70.352274</td></tr>
    <tr><td><b>UTM 19S:</b></td><td>366527 E / 6948132 N</td></tr>
  </table>
</div>
]]>
</description>
      <Point>
        <coordinates>-70.352274,-27.584156,0</coordinates>
      </Point>
    </Placemark>

    <Placemark>
      <name>Prospección Minera Sector Casale</name>
      <description>
<![CDATA[
<div style="font-family:Segoe UI,Arial,sans-serif;font-size:13px;">
  <h2 style="margin:0;color:#1e3a8a;">Prospección Minera Sector Casale</h2>
  <table style="border-collapse:collapse;margin-top:6px;">
    <tr><td><b>Tipo presentación:</b></td><td>DIA</td></tr>
    <tr><td><b>Estado:</b></td><td>Aprobado</td></tr>
    <tr><td><b>Sector:</b></td><td>Minería</td></tr>
    <tr><td><b>Titular:</b></td><td>Norte Abierto SPA</td></tr>
    <tr><td><b>Inversión:</b></td><td>52.0 MMU$</td></tr>
    <tr><td><b>Región / Comuna:</b></td><td>Región de Atacama / Tierra Amarilla</td></tr>
    <tr><td><b>Fecha ingreso:</b></td><td></td></tr>
    <tr><td><b>Fecha calificación:</b></td><td>2025-06-26</td></tr>
    <tr><td><b>Lat/Long:</b></td><td>-27.807203, -69.270911</td></tr>
    <tr><td><b>UTM 19S:</b></td><td>473316 E / 6924125 N</td></tr>
  </table>
</div>
]]>
</description>
      <Point>
        <coordinates>-69.270911,-27.807203,0</coordinates>
      </Point>
    </Placemark>

    <Placemark>
      <name>Optimización Operacional Mina Carola</name>
      <description>
<![CDATA[
<div style="font-family:Segoe UI,Arial,sans-serif;font-size:13px;">
  <h2 style="margin:0;color:#1e3a8a;">Optimización Operacional Mina Carola</h2>
  <table style="border-collapse:collapse;margin-top:6px;">
    <tr><td><b>Tipo presentación:</b></td><td>DIA</td></tr>
    <tr><td><b>Estado:</b></td><td>Aprobado</td></tr>
    <tr><td><b>Sector:</b></td><td>Minería</td></tr>
    <tr><td><b>Titular:</b></td><td>Sociedad Contractual Minera Carola</td></tr>
    <tr><td><b>Inversión:</b></td><td>5.0 MMU$</td></tr>
    <tr><td><b>Región / Comuna:</b></td><td>Región de Atacama / Tierra Amarilla</td></tr>
    <tr><td><b>Fecha ingreso:</b></td><td></td></tr>
    <tr><td><b>Fecha calificación:</b></td><td>2025-04-08</td></tr>
    <tr><td><b>Lat/Long:</b></td><td>-27.497688, -70.261297</td></tr>
    <tr><td><b>UTM 19S:</b></td><td>375410 E / 6957806 N</td></tr>
  </table>
</div>
]]>
</description>
      <Point>
        <coordinates>-70.261297,-27.497688,0</coordinates>
      </Point>
    </Placemark>

    <Placemark>
      <name>Optimización Operacional Planta Cerrillos</name>
      <description>
<![CDATA[
<div style="font-family:Segoe UI,Arial,sans-serif;font-size:13px;">
  <h2 style="margin:0;color:#1e3a8a;">Optimización Operacional Planta Cerrillos</h2>
  <table style="border-collapse:collapse;margin-top:6px;">
    <tr><td><b>Tipo presentación:</b></td><td>DIA</td></tr>
    <tr><td><b>Estado:</b></td><td>Aprobado</td></tr>
    <tr><td><b>Sector:</b></td><td>Minería</td></tr>
    <tr><td><b>Titular:</b></td><td>Compañía Exploradora y Explotadora Minera Chilena Rumana COEMIN S.A.</td></tr>
    <tr><td><b>Inversión:</b></td><td>2.0 MMU$</td></tr>
    <tr><td><b>Región / Comuna:</b></td><td>Región de Atacama / Tierra Amarilla-Copiapó</td></tr>
    <tr><td><b>Fecha ingreso:</b></td><td></td></tr>
    <tr><td><b>Fecha calificación:</b></td><td>2025-04-08</td></tr>
    <tr><td><b>Lat/Long:</b></td><td>-27.572712, -70.247972</td></tr>
    <tr><td><b>UTM 19S:</b></td><td>376810 E / 6949508 N</td></tr>
  </table>
</div>
]]>
</description>
      <Point>
        <coordinates>-70.247972,-27.572712,0</coordinates>
      </Point>
    </Placemark>

    <Placemark>
      <name>Prospección Estrellita</name>
      <description>
<![CDATA[
<div style="font-family:Segoe UI,Arial,sans-serif;font-size:13px;">
  <h2 style="margin:0;color:#1e3a8a;">Prospección Estrellita</h2>
  <table style="border-collapse:collapse;margin-top:6px;">
    <tr><td><b>Tipo presentación:</b></td><td>DIA</td></tr>
    <tr><td><b>Estado:</b></td><td>Aprobado</td></tr>
    <tr><td><b>Sector:</b></td><td>Minería</td></tr>
    <tr><td><b>Titular:</b></td><td>Minera Santo Domingo SCM</td></tr>
    <tr><td><b>Inversión:</b></td><td>25.0 MMU$</td></tr>
    <tr><td><b>Región / Comuna:</b></td><td>Región de Atacama / Diego de Almagro</td></tr>
    <tr><td><b>Fecha ingreso:</b></td><td></td></tr>
    <tr><td><b>Fecha calificación:</b></td><td>2024-10-29</td></tr>
    <tr><td><b>Lat/Long:</b></td><td>-26.452731, -70.044032</td></tr>
    <tr><td><b>UTM 19S:</b></td><td>395916 E / 7073755 N</td></tr>
  </table>
</div>
]]>
</description>
      <Point>
        <coordinates>-70.044032,-26.452731,0</coordinates>
      </Point>
    </Placemark>

    <Placemark>
      <name>Ampliación Proyecto de Explotación La Cuesta</name>
      <description>
<![CDATA[
<div style="font-family:Segoe UI,Arial,sans-serif;font-size:13px;">
  <h2 style="margin:0;color:#1e3a8a;">Ampliación Proyecto de Explotación La Cuesta</h2>
  <table style="border-collapse:collapse;margin-top:6px;">
    <tr><td><b>Tipo presentación:</b></td><td>DIA</td></tr>
    <tr><td><b>Estado:</b></td><td>Aprobado</td></tr>
    <tr><td><b>Sector:</b></td><td>Minería</td></tr>
    <tr><td><b>Titular:</b></td><td>COMPAÑIA MINERA CHIPANA S.A.</td></tr>
    <tr><td><b>Inversión:</b></td><td>2.0 MMU$</td></tr>
    <tr><td><b>Región / Comuna:</b></td><td>Región de Atacama / Freirina</td></tr>
    <tr><td><b>Fecha ingreso:</b></td><td></td></tr>
    <tr><td><b>Fecha calificación:</b></td><td>2025-03-03</td></tr>
    <tr><td><b>Lat/Long:</b></td><td>-28.90511, -71.089613</td></tr>
    <tr><td><b>UTM 19S:</b></td><td>296262 E / 6800731 N</td></tr>
  </table>
</div>
]]>
</description>
      <Point>
        <coordinates>-71.089613,-28.90511,0</coordinates>
      </Point>
    </Placemark>

    <Placemark>
      <name>Recuperación de Acopios de la faena Algarrobo</name>
      <description>
<![CDATA[
<div style="font-family:Segoe UI,Arial,sans-serif;font-size:13px;">
  <h2 style="margin:0;color:#1e3a8a;">Recuperación de Acopios de la faena Algarrobo</h2>
  <table style="border-collapse:collapse;margin-top:6px;">
    <tr><td><b>Tipo presentación:</b></td><td>DIA</td></tr>
    <tr><td><b>Estado:</b></td><td>Aprobado</td></tr>
    <tr><td><b>Sector:</b></td><td>Minería</td></tr>
    <tr><td><b>Titular:</b></td><td>Compañía Minera del Pacífico S.A.</td></tr>
    <tr><td><b>Inversión:</b></td><td>17.202 MMU$</td></tr>
    <tr><td><b>Región / Comuna:</b></td><td>Región de Atacama / Vallenar</td></tr>
    <tr><td><b>Fecha ingreso:</b></td><td></td></tr>
    <tr><td><b>Fecha calificación:</b></td><td>2024-09-03</td></tr>
    <tr><td><b>Lat/Long:</b></td><td>-28.800232, -70.981032</td></tr>
    <tr><td><b>UTM 19S:</b></td><td>306657 E / 6812536 N</td></tr>
  </table>
</div>
]]>
</description>
      <Point>
        <coordinates>-70.981032,-28.800232,0</coordinates>
      </Point>
    </Placemark>

    <Placemark>
      <name>AUMENTO DE TASA DE PROCESAMIENTO PROYECTO DOÑA EMA CONDOR RIFF</name>
      <description>
<![CDATA[
<div style="font-family:Segoe UI,Arial,sans-serif;font-size:13px;">
  <h2 style="margin:0;color:#1e3a8a;">AUMENTO DE TASA DE PROCESAMIENTO PROYECTO DOÑA EMA CONDOR RIFF</h2>
  <table style="border-collapse:collapse;margin-top:6px;">
    <tr><td><b>Tipo presentación:</b></td><td>DIA</td></tr>
    <tr><td><b>Estado:</b></td><td>Aprobado</td></tr>
    <tr><td><b>Sector:</b></td><td>Minería</td></tr>
    <tr><td><b>Titular:</b></td><td>Compañía Minera Minerales Copiapó Ltda.</td></tr>
    <tr><td><b>Inversión:</b></td><td>0.5 MMU$</td></tr>
    <tr><td><b>Región / Comuna:</b></td><td>Región de Atacama / Copiapó</td></tr>
    <tr><td><b>Fecha ingreso:</b></td><td></td></tr>
    <tr><td><b>Fecha calificación:</b></td><td>2023-05-02</td></tr>
    <tr><td><b>Lat/Long:</b></td><td>-27.232423, -70.350613</td></tr>
    <tr><td><b>UTM 19S:</b></td><td>366268 E / 6987100 N</td></tr>
  </table>
</div>
]]>
</description>
      <Point>
        <coordinates>-70.350613,-27.232423,0</coordinates>
      </Point>
    </Placemark>

    <Placemark>
      <name>Sondajes Mineros Proyecto Carrizalillo</name>
      <description>
<![CDATA[
<div style="font-family:Segoe UI,Arial,sans-serif;font-size:13px;">
  <h2 style="margin:0;color:#1e3a8a;">Sondajes Mineros Proyecto Carrizalillo</h2>
  <table style="border-collapse:collapse;margin-top:6px;">
    <tr><td><b>Tipo presentación:</b></td><td>DIA</td></tr>
    <tr><td><b>Estado:</b></td><td>Aprobado</td></tr>
    <tr><td><b>Sector:</b></td><td>Minería</td></tr>
    <tr><td><b>Titular:</b></td><td>Minera Carrizalillo SpA</td></tr>
    <tr><td><b>Inversión:</b></td><td>16.5 MMU$</td></tr>
    <tr><td><b>Región / Comuna:</b></td><td>Región de Atacama / Chañaral</td></tr>
    <tr><td><b>Fecha ingreso:</b></td><td></td></tr>
    <tr><td><b>Fecha calificación:</b></td><td>2022-09-28</td></tr>
    <tr><td><b>Lat/Long:</b></td><td>-26.021422, -70.30933</td></tr>
    <tr><td><b>UTM 19S:</b></td><td>368982 E / 7121287 N</td></tr>
  </table>
</div>
]]>
</description>
      <Point>
        <coordinates>-70.30933,-26.021422,0</coordinates>
      </Point>
    </Placemark>

    <Placemark>
      <name>Ajustes operacionales Planta de Magnetita</name>
      <description>
<![CDATA[
<div style="font-family:Segoe UI,Arial,sans-serif;font-size:13px;">
  <h2 style="margin:0;color:#1e3a8a;">Ajustes operacionales Planta de Magnetita</h2>
  <table style="border-collapse:collapse;margin-top:6px;">
    <tr><td><b>Tipo presentación:</b></td><td>DIA</td></tr>
    <tr><td><b>Estado:</b></td><td>Aprobado</td></tr>
    <tr><td><b>Sector:</b></td><td>Minería</td></tr>
    <tr><td><b>Titular:</b></td><td>Compañía Minera del Pacífico S.A.</td></tr>
    <tr><td><b>Inversión:</b></td><td>31.0 MMU$</td></tr>
    <tr><td><b>Región / Comuna:</b></td><td>Región de Atacama / Tierra Amarilla</td></tr>
    <tr><td><b>Fecha ingreso:</b></td><td></td></tr>
    <tr><td><b>Fecha calificación:</b></td><td>2022-09-01</td></tr>
    <tr><td><b>Lat/Long:</b></td><td>-27.518638, -70.32452</td></tr>
    <tr><td><b>UTM 19S:</b></td><td>369189 E / 6955420 N</td></tr>
  </table>
</div>
]]>
</description>
      <Point>
        <coordinates>-70.32452,-27.518638,0</coordinates>
      </Point>
    </Placemark>

    <Placemark>
      <name>Proyecto Minero Tránsito</name>
      <description>
<![CDATA[
<div style="font-family:Segoe UI,Arial,sans-serif;font-size:13px;">
  <h2 style="margin:0;color:#1e3a8a;">Proyecto Minero Tránsito</h2>
  <table style="border-collapse:collapse;margin-top:6px;">
    <tr><td><b>Tipo presentación:</b></td><td>DIA</td></tr>
    <tr><td><b>Estado:</b></td><td>Aprobado</td></tr>
    <tr><td><b>Sector:</b></td><td>Minería</td></tr>
    <tr><td><b>Titular:</b></td><td>Sociedad Punta del Cobre S.A.</td></tr>
    <tr><td><b>Inversión:</b></td><td>3.8 MMU$</td></tr>
    <tr><td><b>Región / Comuna:</b></td><td>Región de Atacama / Tierra Amarilla-Copiapó</td></tr>
    <tr><td><b>Fecha ingreso:</b></td><td></td></tr>
    <tr><td><b>Fecha calificación:</b></td><td>2023-05-02</td></tr>
    <tr><td><b>Lat/Long:</b></td><td>-27.533256, -70.353159</td></tr>
    <tr><td><b>UTM 19S:</b></td><td>366378 E / 6953770 N</td></tr>
  </table>
</div>
]]>
</description>
      <Point>
        <coordinates>-70.353159,-27.533256,0</coordinates>
      </Point>
    </Placemark>

    <Placemark>
      <name>Explotación Mina Lunar</name>
      <description>
<![CDATA[
<div style="font-family:Segoe UI,Arial,sans-serif;font-size:13px;">
  <h2 style="margin:0;color:#1e3a8a;">Explotación Mina Lunar</h2>
  <table style="border-collapse:collapse;margin-top:6px;">
    <tr><td><b>Tipo presentación:</b></td><td>DIA</td></tr>
    <tr><td><b>Estado:</b></td><td>Aprobado</td></tr>
    <tr><td><b>Sector:</b></td><td>Minería</td></tr>
    <tr><td><b>Titular:</b></td><td>Inversiones Cooper Mining S.A.</td></tr>
    <tr><td><b>Inversión:</b></td><td>6.0 MMU$</td></tr>
    <tr><td><b>Región / Comuna:</b></td><td>Región de Atacama / Copiapó</td></tr>
    <tr><td><b>Fecha ingreso:</b></td><td></td></tr>
    <tr><td><b>Fecha calificación:</b></td><td>2022-03-08</td></tr>
    <tr><td><b>Lat/Long:</b></td><td>-27.224479, -70.378467</td></tr>
    <tr><td><b>UTM 19S:</b></td><td>363500 E / 6987950 N</td></tr>
  </table>
</div>
]]>
</description>
      <Point>
        <coordinates>-70.378467,-27.224479,0</coordinates>
      </Point>
    </Placemark>

    <Placemark>
      <name>Aprovechamiento de Acopios de Minerales de Hierro Adrianitas-Raúl</name>
      <description>
<![CDATA[
<div style="font-family:Segoe UI,Arial,sans-serif;font-size:13px;">
  <h2 style="margin:0;color:#1e3a8a;">Aprovechamiento de Acopios de Minerales de Hierro Adrianitas-Raúl</h2>
  <table style="border-collapse:collapse;margin-top:6px;">
    <tr><td><b>Tipo presentación:</b></td><td>DIA</td></tr>
    <tr><td><b>Estado:</b></td><td>Aprobado</td></tr>
    <tr><td><b>Sector:</b></td><td>Minería</td></tr>
    <tr><td><b>Titular:</b></td><td>Compañía Minera del Pacífico S.A.</td></tr>
    <tr><td><b>Inversión:</b></td><td>1.7 MMU$</td></tr>
    <tr><td><b>Región / Comuna:</b></td><td>Región de Atacama / Copiapó</td></tr>
    <tr><td><b>Fecha ingreso:</b></td><td></td></tr>
    <tr><td><b>Fecha calificación:</b></td><td>2022-05-25</td></tr>
    <tr><td><b>Lat/Long:</b></td><td>-27.176684, -70.379171</td></tr>
    <tr><td><b>UTM 19S:</b></td><td>363372 E / 6993244 N</td></tr>
  </table>
</div>
]]>
</description>
      <Point>
        <coordinates>-70.379171,-27.176684,0</coordinates>
      </Point>
    </Placemark>

    <Placemark>
      <name>Extracción de Material de Empréstito Faena Refugio</name>
      <description>
<![CDATA[
<div style="font-family:Segoe UI,Arial,sans-serif;font-size:13px;">
  <h2 style="margin:0;color:#1e3a8a;">Extracción de Material de Empréstito Faena Refugio</h2>
  <table style="border-collapse:collapse;margin-top:6px;">
    <tr><td><b>Tipo presentación:</b></td><td>DIA</td></tr>
    <tr><td><b>Estado:</b></td><td>Aprobado</td></tr>
    <tr><td><b>Sector:</b></td><td>Minería</td></tr>
    <tr><td><b>Titular:</b></td><td>Compañía Minera Maricunga</td></tr>
    <tr><td><b>Inversión:</b></td><td>1.4 MMU$</td></tr>
    <tr><td><b>Región / Comuna:</b></td><td>Región de Atacama / Tierra Amarilla</td></tr>
    <tr><td><b>Fecha ingreso:</b></td><td></td></tr>
    <tr><td><b>Fecha calificación:</b></td><td>2021-12-27</td></tr>
    <tr><td><b>Lat/Long:</b></td><td>-27.534588, -69.320694</td></tr>
    <tr><td><b>UTM 19S:</b></td><td>468334 E / 6954311 N</td></tr>
  </table>
</div>
]]>
</description>
      <Point>
        <coordinates>-69.320694,-27.534588,0</coordinates>
      </Point>
    </Placemark>

    <Placemark>
      <name>Explotación Minera Morión 48</name>
      <description>
<![CDATA[
<div style="font-family:Segoe UI,Arial,sans-serif;font-size:13px;">
  <h2 style="margin:0;color:#1e3a8a;">Explotación Minera Morión 48</h2>
  <table style="border-collapse:collapse;margin-top:6px;">
    <tr><td><b>Tipo presentación:</b></td><td>DIA</td></tr>
    <tr><td><b>Estado:</b></td><td>Aprobado</td></tr>
    <tr><td><b>Sector:</b></td><td>Minería</td></tr>
    <tr><td><b>Titular:</b></td><td>MINERA SAN FIERRO CHILE LIMITADA</td></tr>
    <tr><td><b>Inversión:</b></td><td>26.0 MMU$</td></tr>
    <tr><td><b>Región / Comuna:</b></td><td>Región de Atacama / Chañaral-Copiapó</td></tr>
    <tr><td><b>Fecha ingreso:</b></td><td></td></tr>
    <tr><td><b>Fecha calificación:</b></td><td>2022-07-29</td></tr>
    <tr><td><b>Lat/Long:</b></td><td>-26.870568, -70.106076</td></tr>
    <tr><td><b>UTM 19S:</b></td><td>390131 E / 7027421 N</td></tr>
  </table>
</div>
]]>
</description>
      <Point>
        <coordinates>-70.106076,-26.870568,0</coordinates>
      </Point>
    </Placemark>

    <Placemark>
      <name>MEJORAMIENTO OPERACIONAL DEPOSITACION RELAVES, PLANTA MANUEL ANTONIO MATTA, ENAMI</name>
      <description>
<![CDATA[
<div style="font-family:Segoe UI,Arial,sans-serif;font-size:13px;">
  <h2 style="margin:0;color:#1e3a8a;">MEJORAMIENTO OPERACIONAL DEPOSITACION RELAVES, PLANTA MANUEL ANTONIO MATTA, ENAMI</h2>
  <table style="border-collapse:collapse;margin-top:6px;">
    <tr><td><b>Tipo presentación:</b></td><td>DIA</td></tr>
    <tr><td><b>Estado:</b></td><td>Aprobado</td></tr>
    <tr><td><b>Sector:</b></td><td>Minería</td></tr>
    <tr><td><b>Titular:</b></td><td>Empresa Nacional de Minería</td></tr>
    <tr><td><b>Inversión:</b></td><td>18.4 MMU$</td></tr>
    <tr><td><b>Región / Comuna:</b></td><td>Región de Atacama / Copiapó</td></tr>
    <tr><td><b>Fecha ingreso:</b></td><td></td></tr>
    <tr><td><b>Fecha calificación:</b></td><td>2021-11-25</td></tr>
    <tr><td><b>Lat/Long:</b></td><td>-27.408278, -70.254709</td></tr>
    <tr><td><b>UTM 19S:</b></td><td>375961 E / 6967718 N</td></tr>
  </table>
</div>
]]>
</description>
      <Point>
        <coordinates>-70.254709,-27.408278,0</coordinates>
      </Point>
    </Placemark>

    <Placemark>
      <name>Ampliación Proyecto de Explotación Mantos Cobrizos, 20.000 TPM</name>
      <description>
<![CDATA[
<div style="font-family:Segoe UI,Arial,sans-serif;font-size:13px;">
  <h2 style="margin:0;color:#1e3a8a;">Ampliación Proyecto de Explotación Mantos Cobrizos, 20.000 TPM</h2>
  <table style="border-collapse:collapse;margin-top:6px;">
    <tr><td><b>Tipo presentación:</b></td><td>DIA</td></tr>
    <tr><td><b>Estado:</b></td><td>Aprobado</td></tr>
    <tr><td><b>Sector:</b></td><td>Minería</td></tr>
    <tr><td><b>Titular:</b></td><td>Compañía Minera Carmen Bajo Limitada</td></tr>
    <tr><td><b>Inversión:</b></td><td>0.75 MMU$</td></tr>
    <tr><td><b>Región / Comuna:</b></td><td>Región de Atacama / Tierra Amarilla-Copiapó</td></tr>
    <tr><td><b>Fecha ingreso:</b></td><td></td></tr>
    <tr><td><b>Fecha calificación:</b></td><td>2021-11-05</td></tr>
    <tr><td><b>Lat/Long:</b></td><td>-27.367462, -70.175068</td></tr>
    <tr><td><b>UTM 19S:</b></td><td>383792 E / 6972316 N</td></tr>
  </table>
</div>
]]>
</description>
      <Point>
        <coordinates>-70.175068,-27.367462,0</coordinates>
      </Point>
    </Placemark>

    <Placemark>
      <name>Proyecto Prospección Minera Ternera</name>
      <description>
<![CDATA[
<div style="font-family:Segoe UI,Arial,sans-serif;font-size:13px;">
  <h2 style="margin:0;color:#1e3a8a;">Proyecto Prospección Minera Ternera</h2>
  <table style="border-collapse:collapse;margin-top:6px;">
    <tr><td><b>Tipo presentación:</b></td><td>DIA</td></tr>
    <tr><td><b>Estado:</b></td><td>Aprobado</td></tr>
    <tr><td><b>Sector:</b></td><td>Minería</td></tr>
    <tr><td><b>Titular:</b></td><td>El Zorro S.C.M</td></tr>
    <tr><td><b>Inversión:</b></td><td>20.0 MMU$</td></tr>
    <tr><td><b>Región / Comuna:</b></td><td>Región de Atacama / Caldera</td></tr>
    <tr><td><b>Fecha ingreso:</b></td><td></td></tr>
    <tr><td><b>Fecha calificación:</b></td><td>2021-07-01</td></tr>
    <tr><td><b>Lat/Long:</b></td><td>-26.792582, -70.604578</td></tr>
    <tr><td><b>UTM 19S:</b></td><td>340498 E / 7035531 N</td></tr>
  </table>
</div>
]]>
</description>
      <Point>
        <coordinates>-70.604578,-26.792582,0</coordinates>
      </Point>
    </Placemark>

    <Placemark>
      <name>Continuidad Operacional a Corto Plazo Mina Alcaparrosa</name>
      <description>
<![CDATA[
<div style="font-family:Segoe UI,Arial,sans-serif;font-size:13px;">
  <h2 style="margin:0;color:#1e3a8a;">Continuidad Operacional a Corto Plazo Mina Alcaparrosa</h2>
  <table style="border-collapse:collapse;margin-top:6px;">
    <tr><td><b>Tipo presentación:</b></td><td>DIA</td></tr>
    <tr><td><b>Estado:</b></td><td>Aprobado</td></tr>
    <tr><td><b>Sector:</b></td><td>Minería</td></tr>
    <tr><td><b>Titular:</b></td><td>Compañía Contractual Minera Ojos del Salado  </td></tr>
    <tr><td><b>Inversión:</b></td><td>35.0 MMU$</td></tr>
    <tr><td><b>Región / Comuna:</b></td><td>Región de Atacama / Tierra Amarilla</td></tr>
    <tr><td><b>Fecha ingreso:</b></td><td></td></tr>
    <tr><td><b>Fecha calificación:</b></td><td>2021-07-30</td></tr>
    <tr><td><b>Lat/Long:</b></td><td>-27.465732, -70.274382</td></tr>
    <tr><td><b>UTM 19S:</b></td><td>374081 E / 6961333 N</td></tr>
  </table>
</div>
]]>
</description>
      <Point>
        <coordinates>-70.274382,-27.465732,0</coordinates>
      </Point>
    </Placemark>

    <Placemark>
      <name>CONTINUIDAD OPERACIONAL, PLANTA EL SALADO - ENAMI</name>
      <description>
<![CDATA[
<div style="font-family:Segoe UI,Arial,sans-serif;font-size:13px;">
  <h2 style="margin:0;color:#1e3a8a;">CONTINUIDAD OPERACIONAL, PLANTA EL SALADO - ENAMI</h2>
  <table style="border-collapse:collapse;margin-top:6px;">
    <tr><td><b>Tipo presentación:</b></td><td>DIA</td></tr>
    <tr><td><b>Estado:</b></td><td>Aprobado</td></tr>
    <tr><td><b>Sector:</b></td><td>Minería</td></tr>
    <tr><td><b>Titular:</b></td><td>Empresa Nacional de Minería</td></tr>
    <tr><td><b>Inversión:</b></td><td>0.76 MMU$</td></tr>
    <tr><td><b>Región / Comuna:</b></td><td>Región de Atacama / Chañaral</td></tr>
    <tr><td><b>Fecha ingreso:</b></td><td></td></tr>
    <tr><td><b>Fecha calificación:</b></td><td>2021-07-30</td></tr>
    <tr><td><b>Lat/Long:</b></td><td>-26.411319, -70.322224</td></tr>
    <tr><td><b>UTM 19S:</b></td><td>368132 E / 7078087 N</td></tr>
  </table>
</div>
]]>
</description>
      <Point>
        <coordinates>-70.322224,-26.411319,0</coordinates>
      </Point>
    </Placemark>

    <Placemark>
      <name>Optimización Óxidos Mantoverde</name>
      <description>
<![CDATA[
<div style="font-family:Segoe UI,Arial,sans-serif;font-size:13px;">
  <h2 style="margin:0;color:#1e3a8a;">Optimización Óxidos Mantoverde</h2>
  <table style="border-collapse:collapse;margin-top:6px;">
    <tr><td><b>Tipo presentación:</b></td><td>DIA</td></tr>
    <tr><td><b>Estado:</b></td><td>Aprobado</td></tr>
    <tr><td><b>Sector:</b></td><td>Minería</td></tr>
    <tr><td><b>Titular:</b></td><td>MANTOVERDE S.A.</td></tr>
    <tr><td><b>Inversión:</b></td><td>40.0 MMU$</td></tr>
    <tr><td><b>Región / Comuna:</b></td><td>Región de Atacama / Chañaral</td></tr>
    <tr><td><b>Fecha ingreso:</b></td><td></td></tr>
    <tr><td><b>Fecha calificación:</b></td><td>2021-06-10</td></tr>
    <tr><td><b>Lat/Long:</b></td><td>-26.565878, -70.322889</td></tr>
    <tr><td><b>UTM 19S:</b></td><td>368242 E / 7060966 N</td></tr>
  </table>
</div>
]]>
</description>
      <Point>
        <coordinates>-70.322889,-26.565878,0</coordinates>
      </Point>
    </Placemark>

    <Placemark>
      <name>Proyecto Minero Diego de Almeyda</name>
      <description>
<![CDATA[
<div style="font-family:Segoe UI,Arial,sans-serif;font-size:13px;">
  <h2 style="margin:0;color:#1e3a8a;">Proyecto Minero Diego de Almeyda</h2>
  <table style="border-collapse:collapse;margin-top:6px;">
    <tr><td><b>Tipo presentación:</b></td><td>DIA</td></tr>
    <tr><td><b>Estado:</b></td><td>Aprobado</td></tr>
    <tr><td><b>Sector:</b></td><td>Minería</td></tr>
    <tr><td><b>Titular:</b></td><td>Compañía Minera Potrerillos Ltda.</td></tr>
    <tr><td><b>Inversión:</b></td><td>32.62 MMU$</td></tr>
    <tr><td><b>Región / Comuna:</b></td><td>Región de Atacama / Diego de Almagro</td></tr>
    <tr><td><b>Fecha ingreso:</b></td><td></td></tr>
    <tr><td><b>Fecha calificación:</b></td><td>2021-06-10</td></tr>
    <tr><td><b>Lat/Long:</b></td><td>-26.364415, -70.01775</td></tr>
    <tr><td><b>UTM 19S:</b></td><td>398459 E / 7083558 N</td></tr>
  </table>
</div>
]]>
</description>
      <Point>
        <coordinates>-70.01775,-26.364415,0</coordinates>
      </Point>
    </Placemark>

    <Placemark>
      <name>Prospecciones Geológicas Cortadera</name>
      <description>
<![CDATA[
<div style="font-family:Segoe UI,Arial,sans-serif;font-size:13px;">
  <h2 style="margin:0;color:#1e3a8a;">Prospecciones Geológicas Cortadera</h2>
  <table style="border-collapse:collapse;margin-top:6px;">
    <tr><td><b>Tipo presentación:</b></td><td>DIA</td></tr>
    <tr><td><b>Estado:</b></td><td>Aprobado</td></tr>
    <tr><td><b>Sector:</b></td><td>Minería</td></tr>
    <tr><td><b>Titular:</b></td><td>Sociedad Minera La Frontera SpA</td></tr>
    <tr><td><b>Inversión:</b></td><td>18.4 MMU$</td></tr>
    <tr><td><b>Región / Comuna:</b></td><td>Región de Atacama / Vallenar</td></tr>
    <tr><td><b>Fecha ingreso:</b></td><td></td></tr>
    <tr><td><b>Fecha calificación:</b></td><td>2021-03-10</td></tr>
    <tr><td><b>Lat/Long:</b></td><td>-28.787974, -70.689922</td></tr>
    <tr><td><b>UTM 19S:</b></td><td>335054 E / 6814333 N</td></tr>
  </table>
</div>
]]>
</description>
      <Point>
        <coordinates>-70.689922,-28.787974,0</coordinates>
      </Point>
    </Placemark>

    <Placemark>
      <name>Modificación Proyecto Delirio</name>
      <description>
<![CDATA[
<div style="font-family:Segoe UI,Arial,sans-serif;font-size:13px;">
  <h2 style="margin:0;color:#1e3a8a;">Modificación Proyecto Delirio</h2>
  <table style="border-collapse:collapse;margin-top:6px;">
    <tr><td><b>Tipo presentación:</b></td><td>DIA</td></tr>
    <tr><td><b>Estado:</b></td><td>Aprobado</td></tr>
    <tr><td><b>Sector:</b></td><td>Minería</td></tr>
    <tr><td><b>Titular:</b></td><td>Santiago Metals Proyecto Dos Ltda</td></tr>
    <tr><td><b>Inversión:</b></td><td>1.5 MMU$</td></tr>
    <tr><td><b>Región / Comuna:</b></td><td>Región de Atacama / Diego de Almagro</td></tr>
    <tr><td><b>Fecha ingreso:</b></td><td></td></tr>
    <tr><td><b>Fecha calificación:</b></td><td>2020-12-16</td></tr>
    <tr><td><b>Lat/Long:</b></td><td>-26.746367, -69.84128</td></tr>
    <tr><td><b>UTM 19S:</b></td><td>416344 E / 7041380 N</td></tr>
  </table>
</div>
]]>
</description>
      <Point>
        <coordinates>-69.84128,-26.746367,0</coordinates>
      </Point>
    </Placemark>

    <Placemark>
      <name>Modificación Plan Minero Mina Los Colorados</name>
      <description>
<![CDATA[
<div style="font-family:Segoe UI,Arial,sans-serif;font-size:13px;">
  <h2 style="margin:0;color:#1e3a8a;">Modificación Plan Minero Mina Los Colorados</h2>
  <table style="border-collapse:collapse;margin-top:6px;">
    <tr><td><b>Tipo presentación:</b></td><td>DIA</td></tr>
    <tr><td><b>Estado:</b></td><td>Aprobado</td></tr>
    <tr><td><b>Sector:</b></td><td>Minería</td></tr>
    <tr><td><b>Titular:</b></td><td>Compañía Minera del Pacífico S.A.</td></tr>
    <tr><td><b>Inversión:</b></td><td>2.0 MMU$</td></tr>
    <tr><td><b>Región / Comuna:</b></td><td>Región de Atacama / Huasco</td></tr>
    <tr><td><b>Fecha ingreso:</b></td><td></td></tr>
    <tr><td><b>Fecha calificación:</b></td><td>2021-04-20</td></tr>
    <tr><td><b>Lat/Long:</b></td><td>-28.28525, -70.816692</td></tr>
    <tr><td><b>UTM 19S:</b></td><td>321834 E / 6869860 N</td></tr>
  </table>
</div>
]]>
</description>
      <Point>
        <coordinates>-70.816692,-28.28525,0</coordinates>
      </Point>
    </Placemark>

    <Placemark>
      <name>DIA Mejora Ambiental DLC II</name>
      <description>
<![CDATA[
<div style="font-family:Segoe UI,Arial,sans-serif;font-size:13px;">
  <h2 style="margin:0;color:#1e3a8a;">DIA Mejora Ambiental DLC II</h2>
  <table style="border-collapse:collapse;margin-top:6px;">
    <tr><td><b>Tipo presentación:</b></td><td>DIA</td></tr>
    <tr><td><b>Estado:</b></td><td>Aprobado</td></tr>
    <tr><td><b>Sector:</b></td><td>Minería</td></tr>
    <tr><td><b>Titular:</b></td><td>Sociedad Punta del Cobre S.A.</td></tr>
    <tr><td><b>Inversión:</b></td><td>30.0 MMU$</td></tr>
    <tr><td><b>Región / Comuna:</b></td><td>Región de Atacama / Copiapó</td></tr>
    <tr><td><b>Fecha ingreso:</b></td><td></td></tr>
    <tr><td><b>Fecha calificación:</b></td><td>2020-05-15</td></tr>
    <tr><td><b>Lat/Long:</b></td><td>-27.444381, -70.321153</td></tr>
    <tr><td><b>UTM 19S:</b></td><td>369434 E / 6963650 N</td></tr>
  </table>
</div>
]]>
</description>
      <Point>
        <coordinates>-70.321153,-27.444381,0</coordinates>
      </Point>
    </Placemark>

    <Placemark>
      <name>REGULARIZACIÓN PLANTA DE EXTRACCIÓN DE ÁRIDOS DAYMA</name>
      <description>
<![CDATA[
<div style="font-family:Segoe UI,Arial,sans-serif;font-size:13px;">
  <h2 style="margin:0;color:#1e3a8a;">REGULARIZACIÓN PLANTA DE EXTRACCIÓN DE ÁRIDOS DAYMA</h2>
  <table style="border-collapse:collapse;margin-top:6px;">
    <tr><td><b>Tipo presentación:</b></td><td>DIA</td></tr>
    <tr><td><b>Estado:</b></td><td>Aprobado</td></tr>
    <tr><td><b>Sector:</b></td><td>Minería</td></tr>
    <tr><td><b>Titular:</b></td><td>ARRIENDOS Y SERVICIOS DAYMA LIMITADA</td></tr>
    <tr><td><b>Inversión:</b></td><td>1.4 MMU$</td></tr>
    <tr><td><b>Región / Comuna:</b></td><td>Región de Atacama / Copiapó</td></tr>
    <tr><td><b>Fecha ingreso:</b></td><td></td></tr>
    <tr><td><b>Fecha calificación:</b></td><td>2020-05-15</td></tr>
    <tr><td><b>Lat/Long:</b></td><td>-27.349219, -70.365938</td></tr>
    <tr><td><b>UTM 19S:</b></td><td>364892 E / 6974145 N</td></tr>
  </table>
</div>
]]>
</description>
      <Point>
        <coordinates>-70.365938,-27.349219,0</coordinates>
      </Point>
    </Placemark>

    <Placemark>
      <name>Continuidad Operacional Mina Mantos de Cobre</name>
      <description>
<![CDATA[
<div style="font-family:Segoe UI,Arial,sans-serif;font-size:13px;">
  <h2 style="margin:0;color:#1e3a8a;">Continuidad Operacional Mina Mantos de Cobre</h2>
  <table style="border-collapse:collapse;margin-top:6px;">
    <tr><td><b>Tipo presentación:</b></td><td>DIA</td></tr>
    <tr><td><b>Estado:</b></td><td>Aprobado</td></tr>
    <tr><td><b>Sector:</b></td><td>Minería</td></tr>
    <tr><td><b>Titular:</b></td><td>Sociedad Punta del Cobre S.A.</td></tr>
    <tr><td><b>Inversión:</b></td><td>4.0 MMU$</td></tr>
    <tr><td><b>Región / Comuna:</b></td><td>Región de Atacama / Tierra Amarilla</td></tr>
    <tr><td><b>Fecha ingreso:</b></td><td></td></tr>
    <tr><td><b>Fecha calificación:</b></td><td>2021-07-01</td></tr>
    <tr><td><b>Lat/Long:</b></td><td>-27.461222, -70.254499</td></tr>
    <tr><td><b>UTM 19S:</b></td><td>376041 E / 6961853 N</td></tr>
  </table>
</div>
]]>
</description>
      <Point>
        <coordinates>-70.254499,-27.461222,0</coordinates>
      </Point>
    </Placemark>

    <Placemark>
      <name>Exploración Minera La Pepa</name>
      <description>
<![CDATA[
<div style="font-family:Segoe UI,Arial,sans-serif;font-size:13px;">
  <h2 style="margin:0;color:#1e3a8a;">Exploración Minera La Pepa</h2>
  <table style="border-collapse:collapse;margin-top:6px;">
    <tr><td><b>Tipo presentación:</b></td><td>DIA</td></tr>
    <tr><td><b>Estado:</b></td><td>Aprobado</td></tr>
    <tr><td><b>Sector:</b></td><td>Minería</td></tr>
    <tr><td><b>Titular:</b></td><td>Mineros Chile SpA</td></tr>
    <tr><td><b>Inversión:</b></td><td>9.66 MMU$</td></tr>
    <tr><td><b>Región / Comuna:</b></td><td>Región de Atacama / Tierra Amarilla</td></tr>
    <tr><td><b>Fecha ingreso:</b></td><td></td></tr>
    <tr><td><b>Fecha calificación:</b></td><td>2020-05-25</td></tr>
    <tr><td><b>Lat/Long:</b></td><td>-27.248787, -69.303216</td></tr>
    <tr><td><b>UTM 19S:</b></td><td>469983 E / 6985972 N</td></tr>
  </table>
</div>
]]>
</description>
      <Point>
        <coordinates>-69.303216,-27.248787,0</coordinates>
      </Point>
    </Placemark>

    <Placemark>
      <name>Optimización Proyecto Planta Nora</name>
      <description>
<![CDATA[
<div style="font-family:Segoe UI,Arial,sans-serif;font-size:13px;">
  <h2 style="margin:0;color:#1e3a8a;">Optimización Proyecto Planta Nora</h2>
  <table style="border-collapse:collapse;margin-top:6px;">
    <tr><td><b>Tipo presentación:</b></td><td>DIA</td></tr>
    <tr><td><b>Estado:</b></td><td>Aprobado</td></tr>
    <tr><td><b>Sector:</b></td><td>Minería</td></tr>
    <tr><td><b>Titular:</b></td><td>Sociedad Contractual Minera Berta</td></tr>
    <tr><td><b>Inversión:</b></td><td>2.2 MMU$</td></tr>
    <tr><td><b>Región / Comuna:</b></td><td>Región de Atacama / Diego de Almagro</td></tr>
    <tr><td><b>Fecha ingreso:</b></td><td></td></tr>
    <tr><td><b>Fecha calificación:</b></td><td>2020-03-24</td></tr>
    <tr><td><b>Lat/Long:</b></td><td>-26.352194, -70.06315</td></tr>
    <tr><td><b>UTM 19S:</b></td><td>393918 E / 7084875 N</td></tr>
  </table>
</div>
]]>
</description>
      <Point>
        <coordinates>-70.06315,-26.352194,0</coordinates>
      </Point>
    </Placemark>

    <Placemark>
      <name>Prospecciones La Cobaltera</name>
      <description>
<![CDATA[
<div style="font-family:Segoe UI,Arial,sans-serif;font-size:13px;">
  <h2 style="margin:0;color:#1e3a8a;">Prospecciones La Cobaltera</h2>
  <table style="border-collapse:collapse;margin-top:6px;">
    <tr><td><b>Tipo presentación:</b></td><td>DIA</td></tr>
    <tr><td><b>Estado:</b></td><td>Aprobado</td></tr>
    <tr><td><b>Sector:</b></td><td>Minería</td></tr>
    <tr><td><b>Titular:</b></td><td>Baltum Minería SpA</td></tr>
    <tr><td><b>Inversión:</b></td><td>20.0 MMU$</td></tr>
    <tr><td><b>Región / Comuna:</b></td><td>Región de Atacama / Freirina</td></tr>
    <tr><td><b>Fecha ingreso:</b></td><td></td></tr>
    <tr><td><b>Fecha calificación:</b></td><td>2019-12-19</td></tr>
    <tr><td><b>Lat/Long:</b></td><td>-28.700811, -71.212182</td></tr>
    <tr><td><b>UTM 19S:</b></td><td>283887 E / 6823157 N</td></tr>
  </table>
</div>
]]>
</description>
      <Point>
        <coordinates>-71.212182,-28.700811,0</coordinates>
      </Point>
    </Placemark>

    <Placemark>
      <name>Continuidad Operacional Mina Dos Amigos</name>
      <description>
<![CDATA[
<div style="font-family:Segoe UI,Arial,sans-serif;font-size:13px;">
  <h2 style="margin:0;color:#1e3a8a;">Continuidad Operacional Mina Dos Amigos</h2>
  <table style="border-collapse:collapse;margin-top:6px;">
    <tr><td><b>Tipo presentación:</b></td><td>DIA</td></tr>
    <tr><td><b>Estado:</b></td><td>Aprobado</td></tr>
    <tr><td><b>Sector:</b></td><td>Minería</td></tr>
    <tr><td><b>Titular:</b></td><td>Compañia Minera Falda Verde</td></tr>
    <tr><td><b>Inversión:</b></td><td>10.0 MMU$</td></tr>
    <tr><td><b>Región / Comuna:</b></td><td>Región de Atacama / Vallenar</td></tr>
    <tr><td><b>Fecha ingreso:</b></td><td></td></tr>
    <tr><td><b>Fecha calificación:</b></td><td>2019-12-19</td></tr>
    <tr><td><b>Lat/Long:</b></td><td>-28.98237, -70.893674</td></tr>
    <tr><td><b>UTM 19S:</b></td><td>315507 E / 6792490 N</td></tr>
  </table>
</div>
]]>
</description>
      <Point>
        <coordinates>-70.893674,-28.98237,0</coordinates>
      </Point>
    </Placemark>

    <Placemark>
      <name>Sondajes Fenix Gold</name>
      <description>
<![CDATA[
<div style="font-family:Segoe UI,Arial,sans-serif;font-size:13px;">
  <h2 style="margin:0;color:#1e3a8a;">Sondajes Fenix Gold</h2>
  <table style="border-collapse:collapse;margin-top:6px;">
    <tr><td><b>Tipo presentación:</b></td><td>DIA</td></tr>
    <tr><td><b>Estado:</b></td><td>Aprobado</td></tr>
    <tr><td><b>Sector:</b></td><td>Minería</td></tr>
    <tr><td><b>Titular:</b></td><td>Fenix Gold Limitada</td></tr>
    <tr><td><b>Inversión:</b></td><td>5.0 MMU$</td></tr>
    <tr><td><b>Región / Comuna:</b></td><td>Región de Atacama / Copiapó</td></tr>
    <tr><td><b>Fecha ingreso:</b></td><td></td></tr>
    <tr><td><b>Fecha calificación:</b></td><td>2019-12-02</td></tr>
    <tr><td><b>Lat/Long:</b></td><td>-27.00218, -69.243697</td></tr>
    <tr><td><b>UTM 19S:</b></td><td>475822 E / 7013300 N</td></tr>
  </table>
</div>
]]>
</description>
      <Point>
        <coordinates>-69.243697,-27.00218,0</coordinates>
      </Point>
    </Placemark>

    <Placemark>
      <name>Normalización Continuidad Operacional ? Planta Vallenar ? ENAMI</name>
      <description>
<![CDATA[
<div style="font-family:Segoe UI,Arial,sans-serif;font-size:13px;">
  <h2 style="margin:0;color:#1e3a8a;">Normalización Continuidad Operacional ? Planta Vallenar ? ENAMI</h2>
  <table style="border-collapse:collapse;margin-top:6px;">
    <tr><td><b>Tipo presentación:</b></td><td>DIA</td></tr>
    <tr><td><b>Estado:</b></td><td>Aprobado</td></tr>
    <tr><td><b>Sector:</b></td><td>Minería</td></tr>
    <tr><td><b>Titular:</b></td><td>Empresa Nacional de Minería</td></tr>
    <tr><td><b>Inversión:</b></td><td>4.632 MMU$</td></tr>
    <tr><td><b>Región / Comuna:</b></td><td>Región de Atacama / Vallenar</td></tr>
    <tr><td><b>Fecha ingreso:</b></td><td></td></tr>
    <tr><td><b>Fecha calificación:</b></td><td>2019-12-02</td></tr>
    <tr><td><b>Lat/Long:</b></td><td>-28.563951, -70.738839</td></tr>
    <tr><td><b>UTM 19S:</b></td><td>329917 E / 6839089 N</td></tr>
  </table>
</div>
]]>
</description>
      <Point>
        <coordinates>-70.738839,-28.563951,0</coordinates>
      </Point>
    </Placemark>

    <Placemark>
      <name>Reinicio Operacional Planta Dos Amigos</name>
      <description>
<![CDATA[
<div style="font-family:Segoe UI,Arial,sans-serif;font-size:13px;">
  <h2 style="margin:0;color:#1e3a8a;">Reinicio Operacional Planta Dos Amigos</h2>
  <table style="border-collapse:collapse;margin-top:6px;">
    <tr><td><b>Tipo presentación:</b></td><td>DIA</td></tr>
    <tr><td><b>Estado:</b></td><td>Aprobado</td></tr>
    <tr><td><b>Sector:</b></td><td>Minería</td></tr>
    <tr><td><b>Titular:</b></td><td>Compañia Explotadora de Minas SpA</td></tr>
    <tr><td><b>Inversión:</b></td><td>10.0 MMU$</td></tr>
    <tr><td><b>Región / Comuna:</b></td><td>Región de Atacama / Vallenar</td></tr>
    <tr><td><b>Fecha ingreso:</b></td><td></td></tr>
    <tr><td><b>Fecha calificación:</b></td><td>2019-10-30</td></tr>
    <tr><td><b>Lat/Long:</b></td><td>-28.978076, -70.895556</td></tr>
    <tr><td><b>UTM 19S:</b></td><td>315316 E / 6792963 N</td></tr>
  </table>
</div>
]]>
</description>
      <Point>
        <coordinates>-70.895556,-28.978076,0</coordinates>
      </Point>
    </Placemark>

    <Placemark>
      <name>Proyecto Prospección Horizonte</name>
      <description>
<![CDATA[
<div style="font-family:Segoe UI,Arial,sans-serif;font-size:13px;">
  <h2 style="margin:0;color:#1e3a8a;">Proyecto Prospección Horizonte</h2>
  <table style="border-collapse:collapse;margin-top:6px;">
    <tr><td><b>Tipo presentación:</b></td><td>DIA</td></tr>
    <tr><td><b>Estado:</b></td><td>Aprobado</td></tr>
    <tr><td><b>Sector:</b></td><td>Minería</td></tr>
    <tr><td><b>Titular:</b></td><td>Minera Gold Fields Salares Norte SpA</td></tr>
    <tr><td><b>Inversión:</b></td><td>70.0 MMU$</td></tr>
    <tr><td><b>Región / Comuna:</b></td><td>Región de Atacama / Diego de Almagro</td></tr>
    <tr><td><b>Fecha ingreso:</b></td><td></td></tr>
    <tr><td><b>Fecha calificación:</b></td><td>2019-07-17</td></tr>
    <tr><td><b>Lat/Long:</b></td><td>-26.077701, -68.978573</td></tr>
    <tr><td><b>UTM 19S:</b></td><td>502143 E / 7115711 N</td></tr>
  </table>
</div>
]]>
</description>
      <Point>
        <coordinates>-68.978573,-26.077701,0</coordinates>
      </Point>
    </Placemark>

    <Placemark>
      <name>Cese de la descarga de Relaves en Ensenada Chapaco</name>
      <description>
<![CDATA[
<div style="font-family:Segoe UI,Arial,sans-serif;font-size:13px;">
  <h2 style="margin:0;color:#1e3a8a;">Cese de la descarga de Relaves en Ensenada Chapaco</h2>
  <table style="border-collapse:collapse;margin-top:6px;">
    <tr><td><b>Tipo presentación:</b></td><td>DIA</td></tr>
    <tr><td><b>Estado:</b></td><td>Aprobado</td></tr>
    <tr><td><b>Sector:</b></td><td>Minería</td></tr>
    <tr><td><b>Titular:</b></td><td>Compañía Minera del Pacífico S.A.</td></tr>
    <tr><td><b>Inversión:</b></td><td>11.0 MMU$</td></tr>
    <tr><td><b>Región / Comuna:</b></td><td>Región de Atacama / Huasco</td></tr>
    <tr><td><b>Fecha ingreso:</b></td><td></td></tr>
    <tr><td><b>Fecha calificación:</b></td><td>2019-09-16</td></tr>
    <tr><td><b>Lat/Long:</b></td><td>-28.481841, -71.24709</td></tr>
    <tr><td><b>UTM 19S:</b></td><td>280020 E / 6847362 N</td></tr>
  </table>
</div>
]]>
</description>
      <Point>
        <coordinates>-71.24709,-28.481841,0</coordinates>
      </Point>
    </Placemark>

    <Placemark>
      <name>Recuperación de mineral de cobre desde botaderos Venado Sur</name>
      <description>
<![CDATA[
<div style="font-family:Segoe UI,Arial,sans-serif;font-size:13px;">
  <h2 style="margin:0;color:#1e3a8a;">Recuperación de mineral de cobre desde botaderos Venado Sur</h2>
  <table style="border-collapse:collapse;margin-top:6px;">
    <tr><td><b>Tipo presentación:</b></td><td>DIA</td></tr>
    <tr><td><b>Estado:</b></td><td>Aprobado</td></tr>
    <tr><td><b>Sector:</b></td><td>Minería</td></tr>
    <tr><td><b>Titular:</b></td><td>Sociedad Punta del Cobre S.A.</td></tr>
    <tr><td><b>Inversión:</b></td><td>3.5 MMU$</td></tr>
    <tr><td><b>Región / Comuna:</b></td><td>Región de Atacama / Copiapó</td></tr>
    <tr><td><b>Fecha ingreso:</b></td><td></td></tr>
    <tr><td><b>Fecha calificación:</b></td><td>2019-04-03</td></tr>
    <tr><td><b>Lat/Long:</b></td><td>-27.273375, -69.975126</td></tr>
    <tr><td><b>UTM 19S:</b></td><td>403485 E / 6982909 N</td></tr>
  </table>
</div>
]]>
</description>
      <Point>
        <coordinates>-69.975126,-27.273375,0</coordinates>
      </Point>
    </Placemark>

    <Placemark>
      <name>Proyecto Vidalita</name>
      <description>
<![CDATA[
<div style="font-family:Segoe UI,Arial,sans-serif;font-size:13px;">
  <h2 style="margin:0;color:#1e3a8a;">Proyecto Vidalita</h2>
  <table style="border-collapse:collapse;margin-top:6px;">
    <tr><td><b>Tipo presentación:</b></td><td>DIA</td></tr>
    <tr><td><b>Estado:</b></td><td>Aprobado</td></tr>
    <tr><td><b>Sector:</b></td><td>Minería</td></tr>
    <tr><td><b>Titular:</b></td><td>EMU CHILE SpA</td></tr>
    <tr><td><b>Inversión:</b></td><td>6.0 MMU$</td></tr>
    <tr><td><b>Región / Comuna:</b></td><td>Región de Atacama / Tierra Amarilla</td></tr>
    <tr><td><b>Fecha ingreso:</b></td><td></td></tr>
    <tr><td><b>Fecha calificación:</b></td><td>2019-10-30</td></tr>
    <tr><td><b>Lat/Long:</b></td><td>-27.694323, -69.091381</td></tr>
    <tr><td><b>UTM 19S:</b></td><td>490990 E / 6936655 N</td></tr>
  </table>
</div>
]]>
</description>
      <Point>
        <coordinates>-69.091381,-27.694323,0</coordinates>
      </Point>
    </Placemark>

    <Placemark>
      <name>Modificación Prospección Minera Vicuña, Sector Tamberías</name>
      <description>
<![CDATA[
<div style="font-family:Segoe UI,Arial,sans-serif;font-size:13px;">
  <h2 style="margin:0;color:#1e3a8a;">Modificación Prospección Minera Vicuña, Sector Tamberías</h2>
  <table style="border-collapse:collapse;margin-top:6px;">
    <tr><td><b>Tipo presentación:</b></td><td>DIA</td></tr>
    <tr><td><b>Estado:</b></td><td>Aprobado</td></tr>
    <tr><td><b>Sector:</b></td><td>Minería</td></tr>
    <tr><td><b>Titular:</b></td><td>Vicuña Chile SpA.</td></tr>
    <tr><td><b>Inversión:</b></td><td>30.0 MMU$</td></tr>
    <tr><td><b>Región / Comuna:</b></td><td>Región de Atacama / Tierra Amarilla</td></tr>
    <tr><td><b>Fecha ingreso:</b></td><td></td></tr>
    <tr><td><b>Fecha calificación:</b></td><td>2019-08-07</td></tr>
    <tr><td><b>Lat/Long:</b></td><td>-28.485322, -69.684651</td></tr>
    <tr><td><b>UTM 19S:</b></td><td>432987 E / 6848843 N</td></tr>
  </table>
</div>
]]>
</description>
      <Point>
        <coordinates>-69.684651,-28.485322,0</coordinates>
      </Point>
    </Placemark>

    <Placemark>
      <name>Sistema de Control de Emisiones Planta de Pellets de Huasco</name>
      <description>
<![CDATA[
<div style="font-family:Segoe UI,Arial,sans-serif;font-size:13px;">
  <h2 style="margin:0;color:#1e3a8a;">Sistema de Control de Emisiones Planta de Pellets de Huasco</h2>
  <table style="border-collapse:collapse;margin-top:6px;">
    <tr><td><b>Tipo presentación:</b></td><td>DIA</td></tr>
    <tr><td><b>Estado:</b></td><td>Aprobado</td></tr>
    <tr><td><b>Sector:</b></td><td>Minería</td></tr>
    <tr><td><b>Titular:</b></td><td>Compañía Minera del Pacífico S.A.</td></tr>
    <tr><td><b>Inversión:</b></td><td>40.0 MMU$</td></tr>
    <tr><td><b>Región / Comuna:</b></td><td>Región de Atacama / Huasco</td></tr>
    <tr><td><b>Fecha ingreso:</b></td><td></td></tr>
    <tr><td><b>Fecha calificación:</b></td><td>2018-10-12</td></tr>
    <tr><td><b>Lat/Long:</b></td><td>-28.481962, -71.247941</td></tr>
    <tr><td><b>UTM 19S:</b></td><td>279937 E / 6847347 N</td></tr>
  </table>
</div>
]]>
</description>
      <Point>
        <coordinates>-71.247941,-28.481962,0</coordinates>
      </Point>
    </Placemark>

    <Placemark>
      <name>Modificación RCA N° 227/2011 Flotación de Escorias Potrerillos</name>
      <description>
<![CDATA[
<div style="font-family:Segoe UI,Arial,sans-serif;font-size:13px;">
  <h2 style="margin:0;color:#1e3a8a;">Modificación RCA N° 227/2011 Flotación de Escorias Potrerillos</h2>
  <table style="border-collapse:collapse;margin-top:6px;">
    <tr><td><b>Tipo presentación:</b></td><td>DIA</td></tr>
    <tr><td><b>Estado:</b></td><td>Aprobado</td></tr>
    <tr><td><b>Sector:</b></td><td>Minería</td></tr>
    <tr><td><b>Titular:</b></td><td>Codelco Chile División Salvador</td></tr>
    <tr><td><b>Inversión:</b></td><td>9.5 MMU$</td></tr>
    <tr><td><b>Región / Comuna:</b></td><td>Región de Atacama / Diego de Almagro</td></tr>
    <tr><td><b>Fecha ingreso:</b></td><td></td></tr>
    <tr><td><b>Fecha calificación:</b></td><td>2018-11-22</td></tr>
    <tr><td><b>Lat/Long:</b></td><td>-26.437797, -69.477742</td></tr>
    <tr><td><b>UTM 19S:</b></td><td>452367 E / 7075743 N</td></tr>
  </table>
</div>
]]>
</description>
      <Point>
        <coordinates>-69.477742,-26.437797,0</coordinates>
      </Point>
    </Placemark>

    <Placemark>
      <name>CONTINUIDAD OPERACIONAL DE FAENA MINERA ATACAMA KOZAN</name>
      <description>
<![CDATA[
<div style="font-family:Segoe UI,Arial,sans-serif;font-size:13px;">
  <h2 style="margin:0;color:#1e3a8a;">CONTINUIDAD OPERACIONAL DE FAENA MINERA ATACAMA KOZAN</h2>
  <table style="border-collapse:collapse;margin-top:6px;">
    <tr><td><b>Tipo presentación:</b></td><td>DIA</td></tr>
    <tr><td><b>Estado:</b></td><td>Aprobado</td></tr>
    <tr><td><b>Sector:</b></td><td>Minería</td></tr>
    <tr><td><b>Titular:</b></td><td>Sociedad Contractual Minera Atacama Kozan</td></tr>
    <tr><td><b>Inversión:</b></td><td>15.764 MMU$</td></tr>
    <tr><td><b>Región / Comuna:</b></td><td>Región de Atacama / Tierra Amarilla-Copiapó</td></tr>
    <tr><td><b>Fecha ingreso:</b></td><td></td></tr>
    <tr><td><b>Fecha calificación:</b></td><td>2018-10-29</td></tr>
    <tr><td><b>Lat/Long:</b></td><td>-27.503097, -70.272018</td></tr>
    <tr><td><b>UTM 19S:</b></td><td>374357 E / 6957196 N</td></tr>
  </table>
</div>
]]>
</description>
      <Point>
        <coordinates>-70.272018,-27.503097,0</coordinates>
      </Point>
    </Placemark>

    <Placemark>
      <name>Continuidad Operacional y Optimización del Sellado y Estabilizado de Depósito de Relaves Nº 1</name>
      <description>
<![CDATA[
<div style="font-family:Segoe UI,Arial,sans-serif;font-size:13px;">
  <h2 style="margin:0;color:#1e3a8a;">Continuidad Operacional y Optimización del Sellado y Estabilizado de Depósito de Relaves Nº 1</h2>
  <table style="border-collapse:collapse;margin-top:6px;">
    <tr><td><b>Tipo presentación:</b></td><td>DIA</td></tr>
    <tr><td><b>Estado:</b></td><td>Aprobado</td></tr>
    <tr><td><b>Sector:</b></td><td>Minería</td></tr>
    <tr><td><b>Titular:</b></td><td>Compañía Exploradora y Explotadora Minera Chilena Rumana COEMIN S.A.</td></tr>
    <tr><td><b>Inversión:</b></td><td>1.3 MMU$</td></tr>
    <tr><td><b>Región / Comuna:</b></td><td>Región de Atacama / Tierra Amarilla</td></tr>
    <tr><td><b>Fecha ingreso:</b></td><td></td></tr>
    <tr><td><b>Fecha calificación:</b></td><td>2018-01-15</td></tr>
    <tr><td><b>Lat/Long:</b></td><td>-27.555174, -70.228632</td></tr>
    <tr><td><b>UTM 19S:</b></td><td>378700 E / 6951470 N</td></tr>
  </table>
</div>
]]>
</description>
      <Point>
        <coordinates>-70.228632,-27.555174,0</coordinates>
      </Point>
    </Placemark>

    <Placemark>
      <name>Proyecto Minero Mariposa</name>
      <description>
<![CDATA[
<div style="font-family:Segoe UI,Arial,sans-serif;font-size:13px;">
  <h2 style="margin:0;color:#1e3a8a;">Proyecto Minero Mariposa</h2>
  <table style="border-collapse:collapse;margin-top:6px;">
    <tr><td><b>Tipo presentación:</b></td><td>DIA</td></tr>
    <tr><td><b>Estado:</b></td><td>Aprobado</td></tr>
    <tr><td><b>Sector:</b></td><td>Minería</td></tr>
    <tr><td><b>Titular:</b></td><td>Admiralty Minerals Chile PTI LTD Agencia en Chile</td></tr>
    <tr><td><b>Inversión:</b></td><td>70.0 MMU$</td></tr>
    <tr><td><b>Región / Comuna:</b></td><td>Región de Atacama / Caldera-Copiapó-Vallenar</td></tr>
    <tr><td><b>Fecha ingreso:</b></td><td></td></tr>
    <tr><td><b>Fecha calificación:</b></td><td>2018-03-15</td></tr>
    <tr><td><b>Lat/Long:</b></td><td>-28.67239, -70.819599</td></tr>
    <tr><td><b>UTM 19S:</b></td><td>322199 E / 6826955 N</td></tr>
  </table>
</div>
]]>
</description>
      <Point>
        <coordinates>-70.819599,-28.67239,0</coordinates>
      </Point>
    </Placemark>

    <Placemark>
      <name>Explotación Mina Fortuna</name>
      <description>
<![CDATA[
<div style="font-family:Segoe UI,Arial,sans-serif;font-size:13px;">
  <h2 style="margin:0;color:#1e3a8a;">Explotación Mina Fortuna</h2>
  <table style="border-collapse:collapse;margin-top:6px;">
    <tr><td><b>Tipo presentación:</b></td><td>DIA</td></tr>
    <tr><td><b>Estado:</b></td><td>Aprobado</td></tr>
    <tr><td><b>Sector:</b></td><td>Minería</td></tr>
    <tr><td><b>Titular:</b></td><td>Sociedad Minera TPX S.A.</td></tr>
    <tr><td><b>Inversión:</b></td><td>60.0 MMU$</td></tr>
    <tr><td><b>Región / Comuna:</b></td><td>Región de Atacama / Copiapó</td></tr>
    <tr><td><b>Fecha ingreso:</b></td><td></td></tr>
    <tr><td><b>Fecha calificación:</b></td><td>2018-04-26</td></tr>
    <tr><td><b>Lat/Long:</b></td><td>-27.254475, -70.402977</td></tr>
    <tr><td><b>UTM 19S:</b></td><td>361110 E / 6984600 N</td></tr>
  </table>
</div>
]]>
</description>
      <Point>
        <coordinates>-70.402977,-27.254475,0</coordinates>
      </Point>
    </Placemark>

    <Placemark>
      <name>Aumento Ritmo de Extracción Mina Carola</name>
      <description>
<![CDATA[
<div style="font-family:Segoe UI,Arial,sans-serif;font-size:13px;">
  <h2 style="margin:0;color:#1e3a8a;">Aumento Ritmo de Extracción Mina Carola</h2>
  <table style="border-collapse:collapse;margin-top:6px;">
    <tr><td><b>Tipo presentación:</b></td><td>DIA</td></tr>
    <tr><td><b>Estado:</b></td><td>Aprobado</td></tr>
    <tr><td><b>Sector:</b></td><td>Minería</td></tr>
    <tr><td><b>Titular:</b></td><td>Sociedad Contractual Minera Carola</td></tr>
    <tr><td><b>Inversión:</b></td><td>20.0 MMU$</td></tr>
    <tr><td><b>Región / Comuna:</b></td><td>Región de Atacama / Tierra Amarilla</td></tr>
    <tr><td><b>Fecha ingreso:</b></td><td></td></tr>
    <tr><td><b>Fecha calificación:</b></td><td>2018-11-09</td></tr>
    <tr><td><b>Lat/Long:</b></td><td>-27.472652, -70.242327</td></tr>
    <tr><td><b>UTM 19S:</b></td><td>377256 E / 6960598 N</td></tr>
  </table>
</div>
]]>
</description>
      <Point>
        <coordinates>-70.242327,-27.472652,0</coordinates>
      </Point>
    </Placemark>

    <Placemark>
      <name>Actualización y modificación del programa de prospecciones geológicas Proyecto Productora</name>
      <description>
<![CDATA[
<div style="font-family:Segoe UI,Arial,sans-serif;font-size:13px;">
  <h2 style="margin:0;color:#1e3a8a;">Actualización y modificación del programa de prospecciones geológicas Proyecto Productora</h2>
  <table style="border-collapse:collapse;margin-top:6px;">
    <tr><td><b>Tipo presentación:</b></td><td>DIA</td></tr>
    <tr><td><b>Estado:</b></td><td>Aprobado</td></tr>
    <tr><td><b>Sector:</b></td><td>Minería</td></tr>
    <tr><td><b>Titular:</b></td><td>Sociedad Minera El Águila SpA</td></tr>
    <tr><td><b>Inversión:</b></td><td>18.4 MMU$</td></tr>
    <tr><td><b>Región / Comuna:</b></td><td>Región de Atacama / Vallenar</td></tr>
    <tr><td><b>Fecha ingreso:</b></td><td></td></tr>
    <tr><td><b>Fecha calificación:</b></td><td>2018-01-04</td></tr>
    <tr><td><b>Lat/Long:</b></td><td>-28.714185, -70.808362</td></tr>
    <tr><td><b>UTM 19S:</b></td><td>323367 E / 6822340 N</td></tr>
  </table>
</div>
]]>
</description>
      <Point>
        <coordinates>-70.808362,-28.714185,0</coordinates>
      </Point>
    </Placemark>

    <Placemark>
      <name>Continuidad Operacional Conducción de Relaves</name>
      <description>
<![CDATA[
<div style="font-family:Segoe UI,Arial,sans-serif;font-size:13px;">
  <h2 style="margin:0;color:#1e3a8a;">Continuidad Operacional Conducción de Relaves</h2>
  <table style="border-collapse:collapse;margin-top:6px;">
    <tr><td><b>Tipo presentación:</b></td><td>DIA</td></tr>
    <tr><td><b>Estado:</b></td><td>Aprobado</td></tr>
    <tr><td><b>Sector:</b></td><td>Minería</td></tr>
    <tr><td><b>Titular:</b></td><td>Compañía Contractual Minera Ojos del Salado  </td></tr>
    <tr><td><b>Inversión:</b></td><td>0.5 MMU$</td></tr>
    <tr><td><b>Región / Comuna:</b></td><td>Región de Atacama / Tierra Amarilla</td></tr>
    <tr><td><b>Fecha ingreso:</b></td><td></td></tr>
    <tr><td><b>Fecha calificación:</b></td><td>2017-11-08</td></tr>
    <tr><td><b>Lat/Long:</b></td><td>-27.493758, -70.272558</td></tr>
    <tr><td><b>UTM 19S:</b></td><td>374293 E / 6958230 N</td></tr>
  </table>
</div>
]]>
</description>
      <Point>
        <coordinates>-70.272558,-27.493758,0</coordinates>
      </Point>
    </Placemark>

    <Placemark>
      <name>Nuevo Depósito de Ripios Planta Matta</name>
      <description>
<![CDATA[
<div style="font-family:Segoe UI,Arial,sans-serif;font-size:13px;">
  <h2 style="margin:0;color:#1e3a8a;">Nuevo Depósito de Ripios Planta Matta</h2>
  <table style="border-collapse:collapse;margin-top:6px;">
    <tr><td><b>Tipo presentación:</b></td><td>DIA</td></tr>
    <tr><td><b>Estado:</b></td><td>Aprobado</td></tr>
    <tr><td><b>Sector:</b></td><td>Minería</td></tr>
    <tr><td><b>Titular:</b></td><td>Empresa Nacional de Minería</td></tr>
    <tr><td><b>Inversión:</b></td><td>1.35 MMU$</td></tr>
    <tr><td><b>Región / Comuna:</b></td><td>Región de Atacama / Copiapó</td></tr>
    <tr><td><b>Fecha ingreso:</b></td><td></td></tr>
    <tr><td><b>Fecha calificación:</b></td><td>2017-12-27</td></tr>
    <tr><td><b>Lat/Long:</b></td><td>-27.41572, -70.25293</td></tr>
    <tr><td><b>UTM 19S:</b></td><td>376145 E / 6966895 N</td></tr>
  </table>
</div>
]]>
</description>
      <Point>
        <coordinates>-70.25293,-27.41572,0</coordinates>
      </Point>
    </Placemark>

    <Placemark>
      <name>Continuidad Operacional División Salvador</name>
      <description>
<![CDATA[
<div style="font-family:Segoe UI,Arial,sans-serif;font-size:13px;">
  <h2 style="margin:0;color:#1e3a8a;">Continuidad Operacional División Salvador</h2>
  <table style="border-collapse:collapse;margin-top:6px;">
    <tr><td><b>Tipo presentación:</b></td><td>DIA</td></tr>
    <tr><td><b>Estado:</b></td><td>Aprobado</td></tr>
    <tr><td><b>Sector:</b></td><td>Minería</td></tr>
    <tr><td><b>Titular:</b></td><td>Codelco Chile División Salvador</td></tr>
    <tr><td><b>Inversión:</b></td><td>55.0 MMU$</td></tr>
    <tr><td><b>Región / Comuna:</b></td><td>Región de Atacama / Diego de Almagro</td></tr>
    <tr><td><b>Fecha ingreso:</b></td><td></td></tr>
    <tr><td><b>Fecha calificación:</b></td><td>2017-11-29</td></tr>
    <tr><td><b>Lat/Long:</b></td><td>-26.285254, -69.587101</td></tr>
    <tr><td><b>UTM 19S:</b></td><td>441386 E / 7092592 N</td></tr>
  </table>
</div>
]]>
</description>
      <Point>
        <coordinates>-69.587101,-26.285254,0</coordinates>
      </Point>
    </Placemark>

    <Placemark>
      <name>Proyecto Delirio</name>
      <description>
<![CDATA[
<div style="font-family:Segoe UI,Arial,sans-serif;font-size:13px;">
  <h2 style="margin:0;color:#1e3a8a;">Proyecto Delirio</h2>
  <table style="border-collapse:collapse;margin-top:6px;">
    <tr><td><b>Tipo presentación:</b></td><td>DIA</td></tr>
    <tr><td><b>Estado:</b></td><td>Aprobado</td></tr>
    <tr><td><b>Sector:</b></td><td>Minería</td></tr>
    <tr><td><b>Titular:</b></td><td>Santiago Metals Proyecto Dos Ltda</td></tr>
    <tr><td><b>Inversión:</b></td><td>14.7 MMU$</td></tr>
    <tr><td><b>Región / Comuna:</b></td><td>Región de Atacama / Diego de Almagro</td></tr>
    <tr><td><b>Fecha ingreso:</b></td><td></td></tr>
    <tr><td><b>Fecha calificación:</b></td><td>2017-06-16</td></tr>
    <tr><td><b>Lat/Long:</b></td><td>-26.740938, -69.828057</td></tr>
    <tr><td><b>UTM 19S:</b></td><td>417655 E / 7041990 N</td></tr>
  </table>
</div>
]]>
</description>
      <Point>
        <coordinates>-69.828057,-26.740938,0</coordinates>
      </Point>
    </Placemark>

    <Placemark>
      <name>Modificación Planta de Chancado de minerales Complejo Minero Dos Amigos</name>
      <description>
<![CDATA[
<div style="font-family:Segoe UI,Arial,sans-serif;font-size:13px;">
  <h2 style="margin:0;color:#1e3a8a;">Modificación Planta de Chancado de minerales Complejo Minero Dos Amigos</h2>
  <table style="border-collapse:collapse;margin-top:6px;">
    <tr><td><b>Tipo presentación:</b></td><td>DIA</td></tr>
    <tr><td><b>Estado:</b></td><td>Aprobado</td></tr>
    <tr><td><b>Sector:</b></td><td>Minería</td></tr>
    <tr><td><b>Titular:</b></td><td>Compañía Explotadora de Minas SPA</td></tr>
    <tr><td><b>Inversión:</b></td><td>1.7 MMU$</td></tr>
    <tr><td><b>Región / Comuna:</b></td><td>Región de Atacama / Vallenar</td></tr>
    <tr><td><b>Fecha ingreso:</b></td><td></td></tr>
    <tr><td><b>Fecha calificación:</b></td><td>2017-07-03</td></tr>
    <tr><td><b>Lat/Long:</b></td><td>-28.982135, -70.893985</td></tr>
    <tr><td><b>UTM 19S:</b></td><td>315476 E / 6792516 N</td></tr>
  </table>
</div>
]]>
</description>
      <Point>
        <coordinates>-70.893985,-28.982135,0</coordinates>
      </Point>
    </Placemark>

    <Placemark>
      <name>Nueva Planta de Filtros CODELCO División Salvador</name>
      <description>
<![CDATA[
<div style="font-family:Segoe UI,Arial,sans-serif;font-size:13px;">
  <h2 style="margin:0;color:#1e3a8a;">Nueva Planta de Filtros CODELCO División Salvador</h2>
  <table style="border-collapse:collapse;margin-top:6px;">
    <tr><td><b>Tipo presentación:</b></td><td>DIA</td></tr>
    <tr><td><b>Estado:</b></td><td>Aprobado</td></tr>
    <tr><td><b>Sector:</b></td><td>Minería</td></tr>
    <tr><td><b>Titular:</b></td><td>Codelco Chile División Salvador</td></tr>
    <tr><td><b>Inversión:</b></td><td>23.5 MMU$</td></tr>
    <tr><td><b>Región / Comuna:</b></td><td>Región de Atacama / Diego de Almagro</td></tr>
    <tr><td><b>Fecha ingreso:</b></td><td></td></tr>
    <tr><td><b>Fecha calificación:</b></td><td>2016-08-03</td></tr>
    <tr><td><b>Lat/Long:</b></td><td>-26.279384, -69.601397</td></tr>
    <tr><td><b>UTM 19S:</b></td><td>439956 E / 7093236 N</td></tr>
  </table>
</div>
]]>
</description>
      <Point>
        <coordinates>-69.601397,-26.279384,0</coordinates>
      </Point>
    </Placemark>

    <Placemark>
      <name>Modificación Prospección Minera Salares Norte</name>
      <description>
<![CDATA[
<div style="font-family:Segoe UI,Arial,sans-serif;font-size:13px;">
  <h2 style="margin:0;color:#1e3a8a;">Modificación Prospección Minera Salares Norte</h2>
  <table style="border-collapse:collapse;margin-top:6px;">
    <tr><td><b>Tipo presentación:</b></td><td>DIA</td></tr>
    <tr><td><b>Estado:</b></td><td>Aprobado</td></tr>
    <tr><td><b>Sector:</b></td><td>Minería</td></tr>
    <tr><td><b>Titular:</b></td><td>Minera Gold Fields Salares Norte SpA</td></tr>
    <tr><td><b>Inversión:</b></td><td>80.0 MMU$</td></tr>
    <tr><td><b>Región / Comuna:</b></td><td>Región de Atacama / Diego de Almagro</td></tr>
    <tr><td><b>Fecha ingreso:</b></td><td></td></tr>
    <tr><td><b>Fecha calificación:</b></td><td>2016-09-13</td></tr>
    <tr><td><b>Lat/Long:</b></td><td>-26.024238, -68.9118</td></tr>
    <tr><td><b>UTM 19S:</b></td><td>508825 E / 7121629 N</td></tr>
  </table>
</div>
]]>
</description>
      <Point>
        <coordinates>-68.9118,-26.024238,0</coordinates>
      </Point>
    </Placemark>

    <Placemark>
      <name>Mejoramiento Operacional Tranque de Relaves Las Cruces</name>
      <description>
<![CDATA[
<div style="font-family:Segoe UI,Arial,sans-serif;font-size:13px;">
  <h2 style="margin:0;color:#1e3a8a;">Mejoramiento Operacional Tranque de Relaves Las Cruces</h2>
  <table style="border-collapse:collapse;margin-top:6px;">
    <tr><td><b>Tipo presentación:</b></td><td>DIA</td></tr>
    <tr><td><b>Estado:</b></td><td>Aprobado</td></tr>
    <tr><td><b>Sector:</b></td><td>Minería</td></tr>
    <tr><td><b>Titular:</b></td><td>Sociedad Punta del Cobre S.A.</td></tr>
    <tr><td><b>Inversión:</b></td><td>4.5 MMU$</td></tr>
    <tr><td><b>Región / Comuna:</b></td><td>Región de Atacama / Copiapó</td></tr>
    <tr><td><b>Fecha ingreso:</b></td><td></td></tr>
    <tr><td><b>Fecha calificación:</b></td><td>2017-02-28</td></tr>
    <tr><td><b>Lat/Long:</b></td><td>-27.446183, -70.316913</td></tr>
    <tr><td><b>UTM 19S:</b></td><td>369855 E / 6963455 N</td></tr>
  </table>
</div>
]]>
</description>
      <Point>
        <coordinates>-70.316913,-27.446183,0</coordinates>
      </Point>
    </Placemark>

    <Placemark>
      <name>Prospección Geológica Carmen Paulina</name>
      <description>
<![CDATA[
<div style="font-family:Segoe UI,Arial,sans-serif;font-size:13px;">
  <h2 style="margin:0;color:#1e3a8a;">Prospección Geológica Carmen Paulina</h2>
  <table style="border-collapse:collapse;margin-top:6px;">
    <tr><td><b>Tipo presentación:</b></td><td>DIA</td></tr>
    <tr><td><b>Estado:</b></td><td>Aprobado</td></tr>
    <tr><td><b>Sector:</b></td><td>Minería</td></tr>
    <tr><td><b>Titular:</b></td><td>Compañia Minera Sierra Norte S.A</td></tr>
    <tr><td><b>Inversión:</b></td><td>4.2 MMU$</td></tr>
    <tr><td><b>Región / Comuna:</b></td><td>Región de Atacama / Diego de Almagro</td></tr>
    <tr><td><b>Fecha ingreso:</b></td><td></td></tr>
    <tr><td><b>Fecha calificación:</b></td><td>2016-08-25</td></tr>
    <tr><td><b>Lat/Long:</b></td><td>-26.395872, -70.157247</td></tr>
    <tr><td><b>UTM 19S:</b></td><td>384572 E / 7079956 N</td></tr>
  </table>
</div>
]]>
</description>
      <Point>
        <coordinates>-70.157247,-26.395872,0</coordinates>
      </Point>
    </Placemark>

    <Placemark>
      <name>Prospecciones Geológicas Mantos de Oro Fase 2</name>
      <description>
<![CDATA[
<div style="font-family:Segoe UI,Arial,sans-serif;font-size:13px;">
  <h2 style="margin:0;color:#1e3a8a;">Prospecciones Geológicas Mantos de Oro Fase 2</h2>
  <table style="border-collapse:collapse;margin-top:6px;">
    <tr><td><b>Tipo presentación:</b></td><td>DIA</td></tr>
    <tr><td><b>Estado:</b></td><td>Aprobado</td></tr>
    <tr><td><b>Sector:</b></td><td>Minería</td></tr>
    <tr><td><b>Titular:</b></td><td>Compañía Minera Mantos de Oro</td></tr>
    <tr><td><b>Inversión:</b></td><td>19.0 MMU$</td></tr>
    <tr><td><b>Región / Comuna:</b></td><td>Región de Atacama / Copiapó</td></tr>
    <tr><td><b>Fecha ingreso:</b></td><td></td></tr>
    <tr><td><b>Fecha calificación:</b></td><td>2016-04-01</td></tr>
    <tr><td><b>Lat/Long:</b></td><td>-26.796296, -69.239865</td></tr>
    <tr><td><b>UTM 19S:</b></td><td>476159 E / 7036104 N</td></tr>
  </table>
</div>
]]>
</description>
      <Point>
        <coordinates>-69.239865,-26.796296,0</coordinates>
      </Point>
    </Placemark>

    <Placemark>
      <name>Desarrollo Minero Distrito Cristales</name>
      <description>
<![CDATA[
<div style="font-family:Segoe UI,Arial,sans-serif;font-size:13px;">
  <h2 style="margin:0;color:#1e3a8a;">Desarrollo Minero Distrito Cristales</h2>
  <table style="border-collapse:collapse;margin-top:6px;">
    <tr><td><b>Tipo presentación:</b></td><td>DIA</td></tr>
    <tr><td><b>Estado:</b></td><td>Aprobado</td></tr>
    <tr><td><b>Sector:</b></td><td>Minería</td></tr>
    <tr><td><b>Titular:</b></td><td>Compañía Minera del Pacífico S.A.</td></tr>
    <tr><td><b>Inversión:</b></td><td>7.1 MMU$</td></tr>
    <tr><td><b>Región / Comuna:</b></td><td>Región de Atacama / Vallenar-Freirina</td></tr>
    <tr><td><b>Fecha ingreso:</b></td><td></td></tr>
    <tr><td><b>Fecha calificación:</b></td><td>2016-09-23</td></tr>
    <tr><td><b>Lat/Long:</b></td><td>-29.144228, -71.044187</td></tr>
    <tr><td><b>UTM 19S:</b></td><td>301151 E / 6774307 N</td></tr>
  </table>
</div>
]]>
</description>
      <Point>
        <coordinates>-71.044187,-29.144228,0</coordinates>
      </Point>
    </Placemark>

    <Placemark>
      <name>Proyecto Minero San Luis - Preferida</name>
      <description>
<![CDATA[
<div style="font-family:Segoe UI,Arial,sans-serif;font-size:13px;">
  <h2 style="margin:0;color:#1e3a8a;">Proyecto Minero San Luis - Preferida</h2>
  <table style="border-collapse:collapse;margin-top:6px;">
    <tr><td><b>Tipo presentación:</b></td><td>DIA</td></tr>
    <tr><td><b>Estado:</b></td><td>Aprobado</td></tr>
    <tr><td><b>Sector:</b></td><td>Minería</td></tr>
    <tr><td><b>Titular:</b></td><td>Minera Cruz Limitada</td></tr>
    <tr><td><b>Inversión:</b></td><td>5.0 MMU$</td></tr>
    <tr><td><b>Región / Comuna:</b></td><td>Región de Atacama / Chañaral</td></tr>
    <tr><td><b>Fecha ingreso:</b></td><td></td></tr>
    <tr><td><b>Fecha calificación:</b></td><td>2016-08-25</td></tr>
    <tr><td><b>Lat/Long:</b></td><td>-26.603228, -70.314598</td></tr>
    <tr><td><b>UTM 19S:</b></td><td>369110 E / 7056837 N</td></tr>
  </table>
</div>
]]>
</description>
      <Point>
        <coordinates>-70.314598,-26.603228,0</coordinates>
      </Point>
    </Placemark>

    <Placemark>
      <name>EXPLOTACION MINERALES OXIDADOS MANTOVERDE</name>
      <description>
<![CDATA[
<div style="font-family:Segoe UI,Arial,sans-serif;font-size:13px;">
  <h2 style="margin:0;color:#1e3a8a;">EXPLOTACION MINERALES OXIDADOS MANTOVERDE</h2>
  <table style="border-collapse:collapse;margin-top:6px;">
    <tr><td><b>Tipo presentación:</b></td><td>DIA</td></tr>
    <tr><td><b>Estado:</b></td><td>Aprobado</td></tr>
    <tr><td><b>Sector:</b></td><td>Minería</td></tr>
    <tr><td><b>Titular:</b></td><td>MANTOVERDE S.A.</td></tr>
    <tr><td><b>Inversión:</b></td><td>90.0 MMU$</td></tr>
    <tr><td><b>Región / Comuna:</b></td><td>Región de Atacama / Chañaral</td></tr>
    <tr><td><b>Fecha ingreso:</b></td><td></td></tr>
    <tr><td><b>Fecha calificación:</b></td><td>2016-11-18</td></tr>
    <tr><td><b>Lat/Long:</b></td><td>-26.564939, -70.328119</td></tr>
    <tr><td><b>UTM 19S:</b></td><td>367720 E / 7061065 N</td></tr>
  </table>
</div>
]]>
</description>
      <Point>
        <coordinates>-70.328119,-26.564939,0</coordinates>
      </Point>
    </Placemark>

    <Placemark>
      <name>Explotación de Minerales La Coipa Fase7</name>
      <description>
<![CDATA[
<div style="font-family:Segoe UI,Arial,sans-serif;font-size:13px;">
  <h2 style="margin:0;color:#1e3a8a;">Explotación de Minerales La Coipa Fase7</h2>
  <table style="border-collapse:collapse;margin-top:6px;">
    <tr><td><b>Tipo presentación:</b></td><td>DIA</td></tr>
    <tr><td><b>Estado:</b></td><td>Aprobado</td></tr>
    <tr><td><b>Sector:</b></td><td>Minería</td></tr>
    <tr><td><b>Titular:</b></td><td>Compañía Minera Mantos de Oro</td></tr>
    <tr><td><b>Inversión:</b></td><td>200.0 MMU$</td></tr>
    <tr><td><b>Región / Comuna:</b></td><td>Región de Atacama / Copiapó</td></tr>
    <tr><td><b>Fecha ingreso:</b></td><td></td></tr>
    <tr><td><b>Fecha calificación:</b></td><td>2016-09-15</td></tr>
    <tr><td><b>Lat/Long:</b></td><td>-26.797988, -69.24341</td></tr>
    <tr><td><b>UTM 19S:</b></td><td>475807 E / 7035916 N</td></tr>
  </table>
</div>
]]>
</description>
      <Point>
        <coordinates>-69.24341,-26.797988,0</coordinates>
      </Point>
    </Placemark>

    <Placemark>
      <name>Extracción de Minerales de Hierro en Distrito Pleito</name>
      <description>
<![CDATA[
<div style="font-family:Segoe UI,Arial,sans-serif;font-size:13px;">
  <h2 style="margin:0;color:#1e3a8a;">Extracción de Minerales de Hierro en Distrito Pleito</h2>
  <table style="border-collapse:collapse;margin-top:6px;">
    <tr><td><b>Tipo presentación:</b></td><td>DIA</td></tr>
    <tr><td><b>Estado:</b></td><td>Aprobado</td></tr>
    <tr><td><b>Sector:</b></td><td>Minería</td></tr>
    <tr><td><b>Titular:</b></td><td>Compañía Minera del Pacífico S.A.</td></tr>
    <tr><td><b>Inversión:</b></td><td>6.5 MMU$</td></tr>
    <tr><td><b>Región / Comuna:</b></td><td>Región de Atacama / Vallenar</td></tr>
    <tr><td><b>Fecha ingreso:</b></td><td></td></tr>
    <tr><td><b>Fecha calificación:</b></td><td>2016-08-25</td></tr>
    <tr><td><b>Lat/Long:</b></td><td>-29.24156, -71.067949</td></tr>
    <tr><td><b>UTM 19S:</b></td><td>299029 E / 6763479 N</td></tr>
  </table>
</div>
]]>
</description>
      <Point>
        <coordinates>-71.067949,-29.24156,0</coordinates>
      </Point>
    </Placemark>

    <Placemark>
      <name>Proyecto Explotación Minera Sol Naciente</name>
      <description>
<![CDATA[
<div style="font-family:Segoe UI,Arial,sans-serif;font-size:13px;">
  <h2 style="margin:0;color:#1e3a8a;">Proyecto Explotación Minera Sol Naciente</h2>
  <table style="border-collapse:collapse;margin-top:6px;">
    <tr><td><b>Tipo presentación:</b></td><td>DIA</td></tr>
    <tr><td><b>Estado:</b></td><td>Aprobado</td></tr>
    <tr><td><b>Sector:</b></td><td>Minería</td></tr>
    <tr><td><b>Titular:</b></td><td>Sociedad Contractual Minera Atacama Kozan</td></tr>
    <tr><td><b>Inversión:</b></td><td>8.0 MMU$</td></tr>
    <tr><td><b>Región / Comuna:</b></td><td>Región de Atacama / Tierra Amarilla-Copiapó</td></tr>
    <tr><td><b>Fecha ingreso:</b></td><td></td></tr>
    <tr><td><b>Fecha calificación:</b></td><td>2015-05-27</td></tr>
    <tr><td><b>Lat/Long:</b></td><td>-27.364881, -70.220276</td></tr>
    <tr><td><b>UTM 19S:</b></td><td>379318 E / 6972559 N</td></tr>
  </table>
</div>
]]>
</description>
      <Point>
        <coordinates>-70.220276,-27.364881,0</coordinates>
      </Point>
    </Placemark>

    <Placemark>
      <name>Modificación de la Localización y Dimensiones Proyecto Depósito de Relaves Espesados Planta Vallenar</name>
      <description>
<![CDATA[
<div style="font-family:Segoe UI,Arial,sans-serif;font-size:13px;">
  <h2 style="margin:0;color:#1e3a8a;">Modificación de la Localización y Dimensiones Proyecto Depósito de Relaves Espesados Planta Vallenar</h2>
  <table style="border-collapse:collapse;margin-top:6px;">
    <tr><td><b>Tipo presentación:</b></td><td>DIA</td></tr>
    <tr><td><b>Estado:</b></td><td>Aprobado</td></tr>
    <tr><td><b>Sector:</b></td><td>Minería</td></tr>
    <tr><td><b>Titular:</b></td><td>Empresa Nacional de Minería</td></tr>
    <tr><td><b>Inversión:</b></td><td>11.27989 MMU$</td></tr>
    <tr><td><b>Región / Comuna:</b></td><td>Región de Atacama / Vallenar</td></tr>
    <tr><td><b>Fecha ingreso:</b></td><td></td></tr>
    <tr><td><b>Fecha calificación:</b></td><td>2015-08-06</td></tr>
    <tr><td><b>Lat/Long:</b></td><td>-28.556149, -70.744885</td></tr>
    <tr><td><b>UTM 19S:</b></td><td>329313 E / 6839945 N</td></tr>
  </table>
</div>
]]>
</description>
      <Point>
        <coordinates>-70.744885,-28.556149,0</coordinates>
      </Point>
    </Placemark>

    <Placemark>
      <name>Actualización Mina Caserones</name>
      <description>
<![CDATA[
<div style="font-family:Segoe UI,Arial,sans-serif;font-size:13px;">
  <h2 style="margin:0;color:#1e3a8a;">Actualización Mina Caserones</h2>
  <table style="border-collapse:collapse;margin-top:6px;">
    <tr><td><b>Tipo presentación:</b></td><td>DIA</td></tr>
    <tr><td><b>Estado:</b></td><td>Aprobado</td></tr>
    <tr><td><b>Sector:</b></td><td>Minería</td></tr>
    <tr><td><b>Titular:</b></td><td>SCM MINERA LUMINA COPPER CHILE</td></tr>
    <tr><td><b>Inversión:</b></td><td>10.0 MMU$</td></tr>
    <tr><td><b>Región / Comuna:</b></td><td>Región de Atacama / Tierra Amarilla</td></tr>
    <tr><td><b>Fecha ingreso:</b></td><td></td></tr>
    <tr><td><b>Fecha calificación:</b></td><td>2014-03-13</td></tr>
    <tr><td><b>Lat/Long:</b></td><td>-28.158914, -69.577384</td></tr>
    <tr><td><b>UTM 19S:</b></td><td>443313 E / 6885059 N</td></tr>
  </table>
</div>
]]>
</description>
      <Point>
        <coordinates>-69.577384,-28.158914,0</coordinates>
      </Point>
    </Placemark>

    <Placemark>
      <name>PROYECTO BERTA</name>
      <description>
<![CDATA[
<div style="font-family:Segoe UI,Arial,sans-serif;font-size:13px;">
  <h2 style="margin:0;color:#1e3a8a;">PROYECTO BERTA</h2>
  <table style="border-collapse:collapse;margin-top:6px;">
    <tr><td><b>Tipo presentación:</b></td><td>DIA</td></tr>
    <tr><td><b>Estado:</b></td><td>Aprobado</td></tr>
    <tr><td><b>Sector:</b></td><td>Minería</td></tr>
    <tr><td><b>Titular:</b></td><td>Santiago Metals Proyecto Cuatro Ltda</td></tr>
    <tr><td><b>Inversión:</b></td><td>25.0 MMU$</td></tr>
    <tr><td><b>Región / Comuna:</b></td><td>Región de Atacama / Diego de Almagro</td></tr>
    <tr><td><b>Fecha ingreso:</b></td><td></td></tr>
    <tr><td><b>Fecha calificación:</b></td><td>2014-10-15</td></tr>
    <tr><td><b>Lat/Long:</b></td><td>-26.703122, -70.058447</td></tr>
    <tr><td><b>UTM 19S:</b></td><td>394708 E / 7046009 N</td></tr>
  </table>
</div>
]]>
</description>
      <Point>
        <coordinates>-70.058447,-26.703122,0</coordinates>
      </Point>
    </Placemark>

    <Placemark>
      <name>Prospección Geológica Sector Alcaparra D</name>
      <description>
<![CDATA[
<div style="font-family:Segoe UI,Arial,sans-serif;font-size:13px;">
  <h2 style="margin:0;color:#1e3a8a;">Prospección Geológica Sector Alcaparra D</h2>
  <table style="border-collapse:collapse;margin-top:6px;">
    <tr><td><b>Tipo presentación:</b></td><td>DIA</td></tr>
    <tr><td><b>Estado:</b></td><td>Aprobado</td></tr>
    <tr><td><b>Sector:</b></td><td>Minería</td></tr>
    <tr><td><b>Titular:</b></td><td>Compañía Minera del Pacífico S.A.</td></tr>
    <tr><td><b>Inversión:</b></td><td>5.6 MMU$</td></tr>
    <tr><td><b>Región / Comuna:</b></td><td>Región de Atacama / Vallenar</td></tr>
    <tr><td><b>Fecha ingreso:</b></td><td></td></tr>
    <tr><td><b>Fecha calificación:</b></td><td>2014-05-15</td></tr>
    <tr><td><b>Lat/Long:</b></td><td>-28.645055, -70.912049</td></tr>
    <tr><td><b>UTM 19S:</b></td><td>313115 E / 6829843 N</td></tr>
  </table>
</div>
]]>
</description>
      <Point>
        <coordinates>-70.912049,-28.645055,0</coordinates>
      </Point>
    </Placemark>

    <Placemark>
      <name>Explotación Mineral de Hierro Don Eduardo</name>
      <description>
<![CDATA[
<div style="font-family:Segoe UI,Arial,sans-serif;font-size:13px;">
  <h2 style="margin:0;color:#1e3a8a;">Explotación Mineral de Hierro Don Eduardo</h2>
  <table style="border-collapse:collapse;margin-top:6px;">
    <tr><td><b>Tipo presentación:</b></td><td>DIA</td></tr>
    <tr><td><b>Estado:</b></td><td>Aprobado</td></tr>
    <tr><td><b>Sector:</b></td><td>Minería</td></tr>
    <tr><td><b>Titular:</b></td><td>Compañía Minera San Francisco S.A.</td></tr>
    <tr><td><b>Inversión:</b></td><td>15.0 MMU$</td></tr>
    <tr><td><b>Región / Comuna:</b></td><td>Región de Atacama / Chañaral</td></tr>
    <tr><td><b>Fecha ingreso:</b></td><td></td></tr>
    <tr><td><b>Fecha calificación:</b></td><td>2015-08-13</td></tr>
    <tr><td><b>Lat/Long:</b></td><td>-26.123633, -70.273913</td></tr>
    <tr><td><b>UTM 19S:</b></td><td>372637 E / 7110001 N</td></tr>
  </table>
</div>
]]>
</description>
      <Point>
        <coordinates>-70.273913,-26.123633,0</coordinates>
      </Point>
    </Placemark>

    <Placemark>
      <name>DECLARACIÓN DE IMPACTO AMBIENTAL "CONTINUIDAD PROSPECCIONES GEOLÓGICAS PROYECTO PRODUCTORA"</name>
      <description>
<![CDATA[
<div style="font-family:Segoe UI,Arial,sans-serif;font-size:13px;">
  <h2 style="margin:0;color:#1e3a8a;">DECLARACIÓN DE IMPACTO AMBIENTAL "CONTINUIDAD PROSPECCIONES GEOLÓGICAS PROYECTO PRODUCTORA"</h2>
  <table style="border-collapse:collapse;margin-top:6px;">
    <tr><td><b>Tipo presentación:</b></td><td>DIA</td></tr>
    <tr><td><b>Estado:</b></td><td>Aprobado</td></tr>
    <tr><td><b>Sector:</b></td><td>Minería</td></tr>
    <tr><td><b>Titular:</b></td><td>Sociedad Minera El Águila SpA</td></tr>
    <tr><td><b>Inversión:</b></td><td>30.0 MMU$</td></tr>
    <tr><td><b>Región / Comuna:</b></td><td>Región de Atacama / Vallenar</td></tr>
    <tr><td><b>Fecha ingreso:</b></td><td></td></tr>
    <tr><td><b>Fecha calificación:</b></td><td>2014-06-05</td></tr>
    <tr><td><b>Lat/Long:</b></td><td>-28.696817, -70.826346</td></tr>
    <tr><td><b>UTM 19S:</b></td><td>321581 E / 6824238 N</td></tr>
  </table>
</div>
]]>
</description>
      <Point>
        <coordinates>-70.826346,-28.696817,0</coordinates>
      </Point>
    </Placemark>

    <Placemark>
      <name>Proyecto Prospección Minera Salares Norte Ltda.</name>
      <description>
<![CDATA[
<div style="font-family:Segoe UI,Arial,sans-serif;font-size:13px;">
  <h2 style="margin:0;color:#1e3a8a;">Proyecto Prospección Minera Salares Norte Ltda.</h2>
  <table style="border-collapse:collapse;margin-top:6px;">
    <tr><td><b>Tipo presentación:</b></td><td>DIA</td></tr>
    <tr><td><b>Estado:</b></td><td>Aprobado</td></tr>
    <tr><td><b>Sector:</b></td><td>Minería</td></tr>
    <tr><td><b>Titular:</b></td><td>Minera Gold Fields Salares Norte SpA</td></tr>
    <tr><td><b>Inversión:</b></td><td>20.0 MMU$</td></tr>
    <tr><td><b>Región / Comuna:</b></td><td>Región de Atacama / Diego de Almagro</td></tr>
    <tr><td><b>Fecha ingreso:</b></td><td></td></tr>
    <tr><td><b>Fecha calificación:</b></td><td>2014-01-31</td></tr>
    <tr><td><b>Lat/Long:</b></td><td>-25.997148, -68.926899</td></tr>
    <tr><td><b>UTM 19S:</b></td><td>507316 E / 7124630 N</td></tr>
  </table>
</div>
]]>
</description>
      <Point>
        <coordinates>-68.926899,-25.997148,0</coordinates>
      </Point>
    </Placemark>

    <Placemark>
      <name>Ampliación Depósito de Ripios Planta Biocobre</name>
      <description>
<![CDATA[
<div style="font-family:Segoe UI,Arial,sans-serif;font-size:13px;">
  <h2 style="margin:0;color:#1e3a8a;">Ampliación Depósito de Ripios Planta Biocobre</h2>
  <table style="border-collapse:collapse;margin-top:6px;">
    <tr><td><b>Tipo presentación:</b></td><td>DIA</td></tr>
    <tr><td><b>Estado:</b></td><td>Aprobado</td></tr>
    <tr><td><b>Sector:</b></td><td>Minería</td></tr>
    <tr><td><b>Titular:</b></td><td>Sociedad Punta del Cobre S.A.</td></tr>
    <tr><td><b>Inversión:</b></td><td>2.5 MMU$</td></tr>
    <tr><td><b>Región / Comuna:</b></td><td>Región de Atacama / Tierra Amarilla</td></tr>
    <tr><td><b>Fecha ingreso:</b></td><td></td></tr>
    <tr><td><b>Fecha calificación:</b></td><td>2015-01-27</td></tr>
    <tr><td><b>Lat/Long:</b></td><td>-27.375873, -70.241999</td></tr>
    <tr><td><b>UTM 19S:</b></td><td>377182 E / 6971320 N</td></tr>
  </table>
</div>
]]>
</description>
      <Point>
        <coordinates>-70.241999,-27.375873,0</coordinates>
      </Point>
    </Placemark>

    <Placemark>
      <name>MINA DE HIERRO ESPERANZA III</name>
      <description>
<![CDATA[
<div style="font-family:Segoe UI,Arial,sans-serif;font-size:13px;">
  <h2 style="margin:0;color:#1e3a8a;">MINA DE HIERRO ESPERANZA III</h2>
  <table style="border-collapse:collapse;margin-top:6px;">
    <tr><td><b>Tipo presentación:</b></td><td>DIA</td></tr>
    <tr><td><b>Estado:</b></td><td>Aprobado</td></tr>
    <tr><td><b>Sector:</b></td><td>Minería</td></tr>
    <tr><td><b>Titular:</b></td><td>SOCIEDAD EXPLOTACION MINERA SINCUI INTERNATIONAL LIMITADA</td></tr>
    <tr><td><b>Inversión:</b></td><td>3.0 MMU$</td></tr>
    <tr><td><b>Región / Comuna:</b></td><td>Región de Atacama / Copiapó</td></tr>
    <tr><td><b>Fecha ingreso:</b></td><td></td></tr>
    <tr><td><b>Fecha calificación:</b></td><td>2014-04-23</td></tr>
    <tr><td><b>Lat/Long:</b></td><td>-27.254446, -70.661229</td></tr>
    <tr><td><b>UTM 19S:</b></td><td>335540 E / 6984290 N</td></tr>
  </table>
</div>
]]>
</description>
      <Point>
        <coordinates>-70.661229,-27.254446,0</coordinates>
      </Point>
    </Placemark>

    <Placemark>
      <name>Explotación y Beneficio Yacimiento de Hierro Mina Carmen</name>
      <description>
<![CDATA[
<div style="font-family:Segoe UI,Arial,sans-serif;font-size:13px;">
  <h2 style="margin:0;color:#1e3a8a;">Explotación y Beneficio Yacimiento de Hierro Mina Carmen</h2>
  <table style="border-collapse:collapse;margin-top:6px;">
    <tr><td><b>Tipo presentación:</b></td><td>DIA</td></tr>
    <tr><td><b>Estado:</b></td><td>Aprobado</td></tr>
    <tr><td><b>Sector:</b></td><td>Minería</td></tr>
    <tr><td><b>Titular:</b></td><td>Santa Fe Holding SpA</td></tr>
    <tr><td><b>Inversión:</b></td><td>30.0 MMU$</td></tr>
    <tr><td><b>Región / Comuna:</b></td><td>Región de Atacama / Caldera-Tierra Amarilla-Chañaral-Diego de Almagro-Copiapó-Freirina</td></tr>
    <tr><td><b>Fecha ingreso:</b></td><td></td></tr>
    <tr><td><b>Fecha calificación:</b></td><td>2014-10-15</td></tr>
    <tr><td><b>Lat/Long:</b></td><td>-26.342238, -70.133338</td></tr>
    <tr><td><b>UTM 19S:</b></td><td>386904 E / 7085918 N</td></tr>
  </table>
</div>
]]>
</description>
      <Point>
        <coordinates>-70.133338,-26.342238,0</coordinates>
      </Point>
    </Placemark>

    <Placemark>
      <name>Peraltamiento Muro de Arenas Tranque N°3</name>
      <description>
<![CDATA[
<div style="font-family:Segoe UI,Arial,sans-serif;font-size:13px;">
  <h2 style="margin:0;color:#1e3a8a;">Peraltamiento Muro de Arenas Tranque N°3</h2>
  <table style="border-collapse:collapse;margin-top:6px;">
    <tr><td><b>Tipo presentación:</b></td><td>DIA</td></tr>
    <tr><td><b>Estado:</b></td><td>Aprobado</td></tr>
    <tr><td><b>Sector:</b></td><td>Minería</td></tr>
    <tr><td><b>Titular:</b></td><td>Compañía Exploradora y Explotadora Minera Chilena Rumana COEMIN S.A.</td></tr>
    <tr><td><b>Inversión:</b></td><td>2.0 MMU$</td></tr>
    <tr><td><b>Región / Comuna:</b></td><td>Región de Atacama / Tierra Amarilla</td></tr>
    <tr><td><b>Fecha ingreso:</b></td><td></td></tr>
    <tr><td><b>Fecha calificación:</b></td><td>2013-09-23</td></tr>
    <tr><td><b>Lat/Long:</b></td><td>-27.572532, -70.233799</td></tr>
    <tr><td><b>UTM 19S:</b></td><td>378209 E / 6949542 N</td></tr>
  </table>
</div>
]]>
</description>
      <Point>
        <coordinates>-70.233799,-27.572532,0</coordinates>
      </Point>
    </Placemark>

    <Placemark>
      <name>Continuidad Operacional Mantoverde (2)</name>
      <description>
<![CDATA[
<div style="font-family:Segoe UI,Arial,sans-serif;font-size:13px;">
  <h2 style="margin:0;color:#1e3a8a;">Continuidad Operacional Mantoverde (2)</h2>
  <table style="border-collapse:collapse;margin-top:6px;">
    <tr><td><b>Tipo presentación:</b></td><td>DIA</td></tr>
    <tr><td><b>Estado:</b></td><td>Aprobado</td></tr>
    <tr><td><b>Sector:</b></td><td>Minería</td></tr>
    <tr><td><b>Titular:</b></td><td>MANTOVERDE S.A.</td></tr>
    <tr><td><b>Inversión:</b></td><td>30.0 MMU$</td></tr>
    <tr><td><b>Región / Comuna:</b></td><td>Región de Atacama / Chañaral</td></tr>
    <tr><td><b>Fecha ingreso:</b></td><td></td></tr>
    <tr><td><b>Fecha calificación:</b></td><td>2014-04-30</td></tr>
    <tr><td><b>Lat/Long:</b></td><td>-26.554773, -70.315686</td></tr>
    <tr><td><b>UTM 19S:</b></td><td>368947 E / 7062203 N</td></tr>
  </table>
</div>
]]>
</description>
      <Point>
        <coordinates>-70.315686,-26.554773,0</coordinates>
      </Point>
    </Placemark>

    <Placemark>
      <name>Explotación y procesamiento de minerales de hierro, Soberana</name>
      <description>
<![CDATA[
<div style="font-family:Segoe UI,Arial,sans-serif;font-size:13px;">
  <h2 style="margin:0;color:#1e3a8a;">Explotación y procesamiento de minerales de hierro, Soberana</h2>
  <table style="border-collapse:collapse;margin-top:6px;">
    <tr><td><b>Tipo presentación:</b></td><td>DIA</td></tr>
    <tr><td><b>Estado:</b></td><td>Aprobado</td></tr>
    <tr><td><b>Sector:</b></td><td>Minería</td></tr>
    <tr><td><b>Titular:</b></td><td>Admiralty Minerals Chile PTI LTD Agencia en Chile</td></tr>
    <tr><td><b>Inversión:</b></td><td>7.3 MMU$</td></tr>
    <tr><td><b>Región / Comuna:</b></td><td>Región de Atacama / Vallenar</td></tr>
    <tr><td><b>Fecha ingreso:</b></td><td></td></tr>
    <tr><td><b>Fecha calificación:</b></td><td>2015-08-19</td></tr>
    <tr><td><b>Lat/Long:</b></td><td>-28.722095, -70.838159</td></tr>
    <tr><td><b>UTM 19S:</b></td><td>320470 E / 6821419 N</td></tr>
  </table>
</div>
]]>
</description>
      <Point>
        <coordinates>-70.838159,-28.722095,0</coordinates>
      </Point>
    </Placemark>

    <Placemark>
      <name>Ampliación y Optimización Planta San José</name>
      <description>
<![CDATA[
<div style="font-family:Segoe UI,Arial,sans-serif;font-size:13px;">
  <h2 style="margin:0;color:#1e3a8a;">Ampliación y Optimización Planta San José</h2>
  <table style="border-collapse:collapse;margin-top:6px;">
    <tr><td><b>Tipo presentación:</b></td><td>DIA</td></tr>
    <tr><td><b>Estado:</b></td><td>Aprobado</td></tr>
    <tr><td><b>Sector:</b></td><td>Minería</td></tr>
    <tr><td><b>Titular:</b></td><td>Sociedad Punta del Cobre S.A.</td></tr>
    <tr><td><b>Inversión:</b></td><td>50.0 MMU$</td></tr>
    <tr><td><b>Región / Comuna:</b></td><td>Región de Atacama / Copiapó</td></tr>
    <tr><td><b>Fecha ingreso:</b></td><td></td></tr>
    <tr><td><b>Fecha calificación:</b></td><td>2014-02-28</td></tr>
    <tr><td><b>Lat/Long:</b></td><td>-27.484742, -70.282323</td></tr>
    <tr><td><b>UTM 19S:</b></td><td>373318 E / 6959219 N</td></tr>
  </table>
</div>
]]>
</description>
      <Point>
        <coordinates>-70.282323,-27.484742,0</coordinates>
      </Point>
    </Placemark>

    <Placemark>
      <name>"EXPLOTACIÓN Y BENEFICIO MINA CHAGO MARIO''</name>
      <description>
<![CDATA[
<div style="font-family:Segoe UI,Arial,sans-serif;font-size:13px;">
  <h2 style="margin:0;color:#1e3a8a;">"EXPLOTACIÓN Y BENEFICIO MINA CHAGO MARIO''</h2>
  <table style="border-collapse:collapse;margin-top:6px;">
    <tr><td><b>Tipo presentación:</b></td><td>DIA</td></tr>
    <tr><td><b>Estado:</b></td><td>Aprobado</td></tr>
    <tr><td><b>Sector:</b></td><td>Minería</td></tr>
    <tr><td><b>Titular:</b></td><td>Sociedad Minera Santa Clara Limitada</td></tr>
    <tr><td><b>Inversión:</b></td><td>2.0 MMU$</td></tr>
    <tr><td><b>Región / Comuna:</b></td><td>Región de Atacama / Copiapó</td></tr>
    <tr><td><b>Fecha ingreso:</b></td><td></td></tr>
    <tr><td><b>Fecha calificación:</b></td><td>2014-03-05</td></tr>
    <tr><td><b>Lat/Long:</b></td><td>-27.257286, -70.37253</td></tr>
    <tr><td><b>UTM 19S:</b></td><td>364128 E / 6984322 N</td></tr>
  </table>
</div>
]]>
</description>
      <Point>
        <coordinates>-70.37253,-27.257286,0</coordinates>
      </Point>
    </Placemark>

    <Placemark>
      <name>Proyecto Minero Tigresa</name>
      <description>
<![CDATA[
<div style="font-family:Segoe UI,Arial,sans-serif;font-size:13px;">
  <h2 style="margin:0;color:#1e3a8a;">Proyecto Minero Tigresa</h2>
  <table style="border-collapse:collapse;margin-top:6px;">
    <tr><td><b>Tipo presentación:</b></td><td>DIA</td></tr>
    <tr><td><b>Estado:</b></td><td>Aprobado</td></tr>
    <tr><td><b>Sector:</b></td><td>Minería</td></tr>
    <tr><td><b>Titular:</b></td><td>Compañía Minera Carmen Bajo</td></tr>
    <tr><td><b>Inversión:</b></td><td>3.3e-05 MMU$</td></tr>
    <tr><td><b>Región / Comuna:</b></td><td>Región de Atacama / Copiapó</td></tr>
    <tr><td><b>Fecha ingreso:</b></td><td></td></tr>
    <tr><td><b>Fecha calificación:</b></td><td>2014-03-28</td></tr>
    <tr><td><b>Lat/Long:</b></td><td>-27.524818, -70.39232</td></tr>
    <tr><td><b>UTM 19S:</b></td><td>362500 E / 6954662 N</td></tr>
  </table>
</div>
]]>
</description>
      <Point>
        <coordinates>-70.39232,-27.524818,0</coordinates>
      </Point>
    </Placemark>

    <Placemark>
      <name>Extracción de Aridos Pozo Domeyko para el Mejoramiento Ruta 5 Norte Tramo Límite Regional - Vallenar</name>
      <description>
<![CDATA[
<div style="font-family:Segoe UI,Arial,sans-serif;font-size:13px;">
  <h2 style="margin:0;color:#1e3a8a;">Extracción de Aridos Pozo Domeyko para el Mejoramiento Ruta 5 Norte Tramo Límite Regional - Vallenar</h2>
  <table style="border-collapse:collapse;margin-top:6px;">
    <tr><td><b>Tipo presentación:</b></td><td>DIA</td></tr>
    <tr><td><b>Estado:</b></td><td>Aprobado</td></tr>
    <tr><td><b>Sector:</b></td><td>Minería</td></tr>
    <tr><td><b>Titular:</b></td><td>Sacyr Chile S.A.</td></tr>
    <tr><td><b>Inversión:</b></td><td>0.137 MMU$</td></tr>
    <tr><td><b>Región / Comuna:</b></td><td>Región de Atacama / Vallenar</td></tr>
    <tr><td><b>Fecha ingreso:</b></td><td></td></tr>
    <tr><td><b>Fecha calificación:</b></td><td>2013-06-27</td></tr>
    <tr><td><b>Lat/Long:</b></td><td>-28.971918, -70.922513</td></tr>
    <tr><td><b>UTM 19S:</b></td><td>312678 E / 6793603 N</td></tr>
  </table>
</div>
]]>
</description>
      <Point>
        <coordinates>-70.922513,-28.971918,0</coordinates>
      </Point>
    </Placemark>

    <Placemark>
      <name>Modificación de la DIA Explotación Veta Mina Esperanza</name>
      <description>
<![CDATA[
<div style="font-family:Segoe UI,Arial,sans-serif;font-size:13px;">
  <h2 style="margin:0;color:#1e3a8a;">Modificación de la DIA Explotación Veta Mina Esperanza</h2>
  <table style="border-collapse:collapse;margin-top:6px;">
    <tr><td><b>Tipo presentación:</b></td><td>DIA</td></tr>
    <tr><td><b>Estado:</b></td><td>Aprobado</td></tr>
    <tr><td><b>Sector:</b></td><td>Minería</td></tr>
    <tr><td><b>Titular:</b></td><td>Empresa Nacional de Minería</td></tr>
    <tr><td><b>Inversión:</b></td><td>20.0 MMU$</td></tr>
    <tr><td><b>Región / Comuna:</b></td><td>Región de Atacama / Diego de Almagro</td></tr>
    <tr><td><b>Fecha ingreso:</b></td><td></td></tr>
    <tr><td><b>Fecha calificación:</b></td><td>2013-06-10</td></tr>
    <tr><td><b>Lat/Long:</b></td><td>-26.329213, -70.149519</td></tr>
    <tr><td><b>UTM 19S:</b></td><td>385277 E / 7087347 N</td></tr>
  </table>
</div>
]]>
</description>
      <Point>
        <coordinates>-70.149519,-26.329213,0</coordinates>
      </Point>
    </Placemark>

    <Placemark>
      <name>PROYECTO BENEFICIO DESMONTES DE HIERRO MINA LA SUERTE</name>
      <description>
<![CDATA[
<div style="font-family:Segoe UI,Arial,sans-serif;font-size:13px;">
  <h2 style="margin:0;color:#1e3a8a;">PROYECTO BENEFICIO DESMONTES DE HIERRO MINA LA SUERTE</h2>
  <table style="border-collapse:collapse;margin-top:6px;">
    <tr><td><b>Tipo presentación:</b></td><td>DIA</td></tr>
    <tr><td><b>Estado:</b></td><td>Aprobado</td></tr>
    <tr><td><b>Sector:</b></td><td>Minería</td></tr>
    <tr><td><b>Titular:</b></td><td>Südamerika Minerals Ltda</td></tr>
    <tr><td><b>Inversión:</b></td><td>5.0 MMU$</td></tr>
    <tr><td><b>Región / Comuna:</b></td><td>Región de Atacama / Chañaral</td></tr>
    <tr><td><b>Fecha ingreso:</b></td><td></td></tr>
    <tr><td><b>Fecha calificación:</b></td><td>2013-09-23</td></tr>
    <tr><td><b>Lat/Long:</b></td><td>-26.345919, -70.412221</td></tr>
    <tr><td><b>UTM 19S:</b></td><td>359076 E / 7085236 N</td></tr>
  </table>
</div>
]]>
</description>
      <Point>
        <coordinates>-70.412221,-26.345919,0</coordinates>
      </Point>
    </Placemark>

    <Placemark>
      <name>Prospecciones Geológicas Proyecto Productora</name>
      <description>
<![CDATA[
<div style="font-family:Segoe UI,Arial,sans-serif;font-size:13px;">
  <h2 style="margin:0;color:#1e3a8a;">Prospecciones Geológicas Proyecto Productora</h2>
  <table style="border-collapse:collapse;margin-top:6px;">
    <tr><td><b>Tipo presentación:</b></td><td>DIA</td></tr>
    <tr><td><b>Estado:</b></td><td>Aprobado</td></tr>
    <tr><td><b>Sector:</b></td><td>Minería</td></tr>
    <tr><td><b>Titular:</b></td><td>Sociedad Minera El Águila SpA</td></tr>
    <tr><td><b>Inversión:</b></td><td>25.0 MMU$</td></tr>
    <tr><td><b>Región / Comuna:</b></td><td>Región de Atacama / Vallenar</td></tr>
    <tr><td><b>Fecha ingreso:</b></td><td></td></tr>
    <tr><td><b>Fecha calificación:</b></td><td>2013-03-08</td></tr>
    <tr><td><b>Lat/Long:</b></td><td>-28.71187, -70.808122</td></tr>
    <tr><td><b>UTM 19S:</b></td><td>323387 E / 6822597 N</td></tr>
  </table>
</div>
]]>
</description>
      <Point>
        <coordinates>-70.808122,-28.71187,0</coordinates>
      </Point>
    </Placemark>

    <Placemark>
      <name>Explotación Mina Bella Ester</name>
      <description>
<![CDATA[
<div style="font-family:Segoe UI,Arial,sans-serif;font-size:13px;">
  <h2 style="margin:0;color:#1e3a8a;">Explotación Mina Bella Ester</h2>
  <table style="border-collapse:collapse;margin-top:6px;">
    <tr><td><b>Tipo presentación:</b></td><td>DIA</td></tr>
    <tr><td><b>Estado:</b></td><td>Aprobado</td></tr>
    <tr><td><b>Sector:</b></td><td>Minería</td></tr>
    <tr><td><b>Titular:</b></td><td>Sociedad Contractual Minera Desierto de Hierro</td></tr>
    <tr><td><b>Inversión:</b></td><td>13.0 MMU$</td></tr>
    <tr><td><b>Región / Comuna:</b></td><td>Región de Atacama / Copiapó</td></tr>
    <tr><td><b>Fecha ingreso:</b></td><td></td></tr>
    <tr><td><b>Fecha calificación:</b></td><td>2014-03-13</td></tr>
    <tr><td><b>Lat/Long:</b></td><td>-26.905721, -70.21296</td></tr>
    <tr><td><b>UTM 19S:</b></td><td>379550 E / 7023430 N</td></tr>
  </table>
</div>
]]>
</description>
      <Point>
        <coordinates>-70.21296,-26.905721,0</coordinates>
      </Point>
    </Placemark>

    <Placemark>
      <name>Prospección Minera Vicuña, Sector Tamberías</name>
      <description>
<![CDATA[
<div style="font-family:Segoe UI,Arial,sans-serif;font-size:13px;">
  <h2 style="margin:0;color:#1e3a8a;">Prospección Minera Vicuña, Sector Tamberías</h2>
  <table style="border-collapse:collapse;margin-top:6px;">
    <tr><td><b>Tipo presentación:</b></td><td>DIA</td></tr>
    <tr><td><b>Estado:</b></td><td>Aprobado</td></tr>
    <tr><td><b>Sector:</b></td><td>Minería</td></tr>
    <tr><td><b>Titular:</b></td><td>Vicuña Chile SpA.</td></tr>
    <tr><td><b>Inversión:</b></td><td>20.0 MMU$</td></tr>
    <tr><td><b>Región / Comuna:</b></td><td>Región de Atacama / Tierra Amarilla</td></tr>
    <tr><td><b>Fecha ingreso:</b></td><td></td></tr>
    <tr><td><b>Fecha calificación:</b></td><td>2013-09-06</td></tr>
    <tr><td><b>Lat/Long:</b></td><td>-28.493004, -69.670259</td></tr>
    <tr><td><b>UTM 19S:</b></td><td>434400 E / 6848000 N</td></tr>
  </table>
</div>
]]>
</description>
      <Point>
        <coordinates>-69.670259,-28.493004,0</coordinates>
      </Point>
    </Placemark>

    <Placemark>
      <name>Restitución del chancado e incremento de la capacidad de embalse de ripios de lixiviación en Planta Falda Verde</name>
      <description>
<![CDATA[
<div style="font-family:Segoe UI,Arial,sans-serif;font-size:13px;">
  <h2 style="margin:0;color:#1e3a8a;">Restitución del chancado e incremento de la capacidad de embalse de ripios de lixiviación en Planta Falda Verde</h2>
  <table style="border-collapse:collapse;margin-top:6px;">
    <tr><td><b>Tipo presentación:</b></td><td>DIA</td></tr>
    <tr><td><b>Estado:</b></td><td>Aprobado</td></tr>
    <tr><td><b>Sector:</b></td><td>Minería</td></tr>
    <tr><td><b>Titular:</b></td><td>Compañia Minera Falda Verde</td></tr>
    <tr><td><b>Inversión:</b></td><td>1.0 MMU$</td></tr>
    <tr><td><b>Región / Comuna:</b></td><td>Región de Atacama / Chañaral</td></tr>
    <tr><td><b>Fecha ingreso:</b></td><td></td></tr>
    <tr><td><b>Fecha calificación:</b></td><td>2014-02-11</td></tr>
    <tr><td><b>Lat/Long:</b></td><td>-26.318374, -70.606973</td></tr>
    <tr><td><b>UTM 19S:</b></td><td>339601 E / 7088060 N</td></tr>
  </table>
</div>
]]>
</description>
      <Point>
        <coordinates>-70.606973,-26.318374,0</coordinates>
      </Point>
    </Placemark>

    <Placemark>
      <name>Explotación y Beneficio Yacimiento de Hierro Mina San Francisco</name>
      <description>
<![CDATA[
<div style="font-family:Segoe UI,Arial,sans-serif;font-size:13px;">
  <h2 style="margin:0;color:#1e3a8a;">Explotación y Beneficio Yacimiento de Hierro Mina San Francisco</h2>
  <table style="border-collapse:collapse;margin-top:6px;">
    <tr><td><b>Tipo presentación:</b></td><td>DIA</td></tr>
    <tr><td><b>Estado:</b></td><td>Aprobado</td></tr>
    <tr><td><b>Sector:</b></td><td>Minería</td></tr>
    <tr><td><b>Titular:</b></td><td>Santa Fe Holding SpA</td></tr>
    <tr><td><b>Inversión:</b></td><td>50.0 MMU$</td></tr>
    <tr><td><b>Región / Comuna:</b></td><td>Región de Atacama / Caldera-Chañaral-Diego de Almagro</td></tr>
    <tr><td><b>Fecha ingreso:</b></td><td></td></tr>
    <tr><td><b>Fecha calificación:</b></td><td>2013-02-05</td></tr>
    <tr><td><b>Lat/Long:</b></td><td>-26.344799, -70.277699</td></tr>
    <tr><td><b>UTM 19S:</b></td><td>372500 E / 7085500 N</td></tr>
  </table>
</div>
]]>
</description>
      <Point>
        <coordinates>-70.277699,-26.344799,0</coordinates>
      </Point>
    </Placemark>

    <Placemark>
      <name>Prospección Luciano</name>
      <description>
<![CDATA[
<div style="font-family:Segoe UI,Arial,sans-serif;font-size:13px;">
  <h2 style="margin:0;color:#1e3a8a;">Prospección Luciano</h2>
  <table style="border-collapse:collapse;margin-top:6px;">
    <tr><td><b>Tipo presentación:</b></td><td>DIA</td></tr>
    <tr><td><b>Estado:</b></td><td>Aprobado</td></tr>
    <tr><td><b>Sector:</b></td><td>Minería</td></tr>
    <tr><td><b>Titular:</b></td><td>Norte Abierto SpA</td></tr>
    <tr><td><b>Inversión:</b></td><td>20.0 MMU$</td></tr>
    <tr><td><b>Región / Comuna:</b></td><td>Región de Atacama / Tierra Amarilla</td></tr>
    <tr><td><b>Fecha ingreso:</b></td><td></td></tr>
    <tr><td><b>Fecha calificación:</b></td><td>2012-08-13</td></tr>
    <tr><td><b>Lat/Long:</b></td><td>-27.789161, -69.3794</td></tr>
    <tr><td><b>UTM 19S:</b></td><td>462624 E / 6926095 N</td></tr>
  </table>
</div>
]]>
</description>
      <Point>
        <coordinates>-69.3794,-27.789161,0</coordinates>
      </Point>
    </Placemark>

    <Placemark>
      <name>"AMPLIACIÓN CAPACIDAD TRANQUE DE RELAVES Nº3 PLANTA MATTA, ENAMI"</name>
      <description>
<![CDATA[
<div style="font-family:Segoe UI,Arial,sans-serif;font-size:13px;">
  <h2 style="margin:0;color:#1e3a8a;">"AMPLIACIÓN CAPACIDAD TRANQUE DE RELAVES Nº3 PLANTA MATTA, ENAMI"</h2>
  <table style="border-collapse:collapse;margin-top:6px;">
    <tr><td><b>Tipo presentación:</b></td><td>DIA</td></tr>
    <tr><td><b>Estado:</b></td><td>Aprobado</td></tr>
    <tr><td><b>Sector:</b></td><td>Minería</td></tr>
    <tr><td><b>Titular:</b></td><td>Empresa Nacional de Minería</td></tr>
    <tr><td><b>Inversión:</b></td><td>1.4 MMU$</td></tr>
    <tr><td><b>Región / Comuna:</b></td><td>Región de Atacama / Copiapó</td></tr>
    <tr><td><b>Fecha ingreso:</b></td><td></td></tr>
    <tr><td><b>Fecha calificación:</b></td><td>2013-03-27</td></tr>
    <tr><td><b>Lat/Long:</b></td><td>-27.407084, -70.251034</td></tr>
    <tr><td><b>UTM 19S:</b></td><td>376323 E / 6967854 N</td></tr>
  </table>
</div>
]]>
</description>
      <Point>
        <coordinates>-70.251034,-27.407084,0</coordinates>
      </Point>
    </Placemark>

    <Placemark>
      <name>Estabilización Cubeta Tranque de Relaves COEMIN N°1</name>
      <description>
<![CDATA[
<div style="font-family:Segoe UI,Arial,sans-serif;font-size:13px;">
  <h2 style="margin:0;color:#1e3a8a;">Estabilización Cubeta Tranque de Relaves COEMIN N°1</h2>
  <table style="border-collapse:collapse;margin-top:6px;">
    <tr><td><b>Tipo presentación:</b></td><td>DIA</td></tr>
    <tr><td><b>Estado:</b></td><td>Aprobado</td></tr>
    <tr><td><b>Sector:</b></td><td>Minería</td></tr>
    <tr><td><b>Titular:</b></td><td>Compañía Exploradora y Explotadora Minera Chilena Rumana COEMIN S.A.</td></tr>
    <tr><td><b>Inversión:</b></td><td>8.395 MMU$</td></tr>
    <tr><td><b>Región / Comuna:</b></td><td>Región de Atacama / Tierra Amarilla</td></tr>
    <tr><td><b>Fecha ingreso:</b></td><td></td></tr>
    <tr><td><b>Fecha calificación:</b></td><td>2012-07-19</td></tr>
    <tr><td><b>Lat/Long:</b></td><td>-27.568453, -70.245693</td></tr>
    <tr><td><b>UTM 19S:</b></td><td>377030 E / 6949982 N</td></tr>
  </table>
</div>
]]>
</description>
      <Point>
        <coordinates>-70.245693,-27.568453,0</coordinates>
      </Point>
    </Placemark>

    <Placemark>
      <name>Extensión Prospección Geológica Mina Vieja</name>
      <description>
<![CDATA[
<div style="font-family:Segoe UI,Arial,sans-serif;font-size:13px;">
  <h2 style="margin:0;color:#1e3a8a;">Extensión Prospección Geológica Mina Vieja</h2>
  <table style="border-collapse:collapse;margin-top:6px;">
    <tr><td><b>Tipo presentación:</b></td><td>DIA</td></tr>
    <tr><td><b>Estado:</b></td><td>Aprobado</td></tr>
    <tr><td><b>Sector:</b></td><td>Minería</td></tr>
    <tr><td><b>Titular:</b></td><td>Codelco Chile División Salvador</td></tr>
    <tr><td><b>Inversión:</b></td><td>40.0 MMU$</td></tr>
    <tr><td><b>Región / Comuna:</b></td><td>Región de Atacama / Diego de Almagro</td></tr>
    <tr><td><b>Fecha ingreso:</b></td><td></td></tr>
    <tr><td><b>Fecha calificación:</b></td><td>2012-09-06</td></tr>
    <tr><td><b>Lat/Long:</b></td><td>-26.478655, -69.425909</td></tr>
    <tr><td><b>UTM 19S:</b></td><td>457550 E / 7071236 N</td></tr>
  </table>
</div>
]]>
</description>
      <Point>
        <coordinates>-69.425909,-26.478655,0</coordinates>
      </Point>
    </Placemark>

    <Placemark>
      <name>Modificación Proyecto San Antonio</name>
      <description>
<![CDATA[
<div style="font-family:Segoe UI,Arial,sans-serif;font-size:13px;">
  <h2 style="margin:0;color:#1e3a8a;">Modificación Proyecto San Antonio</h2>
  <table style="border-collapse:collapse;margin-top:6px;">
    <tr><td><b>Tipo presentación:</b></td><td>DIA</td></tr>
    <tr><td><b>Estado:</b></td><td>Aprobado</td></tr>
    <tr><td><b>Sector:</b></td><td>Minería</td></tr>
    <tr><td><b>Titular:</b></td><td>Codelco Chile División Salvador</td></tr>
    <tr><td><b>Inversión:</b></td><td>962.0 MMU$</td></tr>
    <tr><td><b>Región / Comuna:</b></td><td>Región de Atacama / Diego de Almagro</td></tr>
    <tr><td><b>Fecha ingreso:</b></td><td></td></tr>
    <tr><td><b>Fecha calificación:</b></td><td>2013-02-07</td></tr>
    <tr><td><b>Lat/Long:</b></td><td>-26.407538, -69.509994</td></tr>
    <tr><td><b>UTM 19S:</b></td><td>449138 E / 7079082 N</td></tr>
  </table>
</div>
]]>
</description>
      <Point>
        <coordinates>-69.509994,-26.407538,0</coordinates>
      </Point>
    </Placemark>

    <Placemark>
      <name>Campamento Proyecto Cerro Negro Norte</name>
      <description>
<![CDATA[
<div style="font-family:Segoe UI,Arial,sans-serif;font-size:13px;">
  <h2 style="margin:0;color:#1e3a8a;">Campamento Proyecto Cerro Negro Norte</h2>
  <table style="border-collapse:collapse;margin-top:6px;">
    <tr><td><b>Tipo presentación:</b></td><td>DIA</td></tr>
    <tr><td><b>Estado:</b></td><td>Aprobado</td></tr>
    <tr><td><b>Sector:</b></td><td>Minería</td></tr>
    <tr><td><b>Titular:</b></td><td>Compañía Minera del Pacífico S.A.</td></tr>
    <tr><td><b>Inversión:</b></td><td>20.0 MMU$</td></tr>
    <tr><td><b>Región / Comuna:</b></td><td>Región de Atacama / Copiapó</td></tr>
    <tr><td><b>Fecha ingreso:</b></td><td></td></tr>
    <tr><td><b>Fecha calificación:</b></td><td>2012-04-11</td></tr>
    <tr><td><b>Lat/Long:</b></td><td>-27.109819, -70.328903</td></tr>
    <tr><td><b>UTM 19S:</b></td><td>368274 E / 7000705 N</td></tr>
  </table>
</div>
]]>
</description>
      <Point>
        <coordinates>-70.328903,-27.109819,0</coordinates>
      </Point>
    </Placemark>

    <Placemark>
      <name>"Prospecciones Geológicas Mantos de Oro"</name>
      <description>
<![CDATA[
<div style="font-family:Segoe UI,Arial,sans-serif;font-size:13px;">
  <h2 style="margin:0;color:#1e3a8a;">"Prospecciones Geológicas Mantos de Oro"</h2>
  <table style="border-collapse:collapse;margin-top:6px;">
    <tr><td><b>Tipo presentación:</b></td><td>DIA</td></tr>
    <tr><td><b>Estado:</b></td><td>Aprobado</td></tr>
    <tr><td><b>Sector:</b></td><td>Minería</td></tr>
    <tr><td><b>Titular:</b></td><td>Compañía Minera Mantos de Oro</td></tr>
    <tr><td><b>Inversión:</b></td><td>25.0 MMU$</td></tr>
    <tr><td><b>Región / Comuna:</b></td><td>Región de Atacama / Copiapó</td></tr>
    <tr><td><b>Fecha ingreso:</b></td><td></td></tr>
    <tr><td><b>Fecha calificación:</b></td><td>2012-03-19</td></tr>
    <tr><td><b>Lat/Long:</b></td><td>-26.763253, -69.253997</td></tr>
    <tr><td><b>UTM 19S:</b></td><td>474747 E / 7039761 N</td></tr>
  </table>
</div>
]]>
</description>
      <Point>
        <coordinates>-69.253997,-26.763253,0</coordinates>
      </Point>
    </Placemark>

    <Placemark>
      <name>Exploración Salares 7</name>
      <description>
<![CDATA[
<div style="font-family:Segoe UI,Arial,sans-serif;font-size:13px;">
  <h2 style="margin:0;color:#1e3a8a;">Exploración Salares 7</h2>
  <table style="border-collapse:collapse;margin-top:6px;">
    <tr><td><b>Tipo presentación:</b></td><td>DIA</td></tr>
    <tr><td><b>Estado:</b></td><td>Aprobado</td></tr>
    <tr><td><b>Sector:</b></td><td>Minería</td></tr>
    <tr><td><b>Titular:</b></td><td>Salares de Atacama SCM</td></tr>
    <tr><td><b>Inversión:</b></td><td>25.0 MMU$</td></tr>
    <tr><td><b>Región / Comuna:</b></td><td>Región de Atacama / Diego de Almagro</td></tr>
    <tr><td><b>Fecha ingreso:</b></td><td></td></tr>
    <tr><td><b>Fecha calificación:</b></td><td>2014-01-24</td></tr>
    <tr><td><b>Lat/Long:</b></td><td>-25.740551, -68.637267</td></tr>
    <tr><td><b>UTM 19S:</b></td><td>536381 E / 7152998 N</td></tr>
  </table>
</div>
]]>
</description>
      <Point>
        <coordinates>-68.637267,-25.740551,0</coordinates>
      </Point>
    </Placemark>

    <Placemark>
      <name>Modificación Proyecto Prospección Minera Reconquista</name>
      <description>
<![CDATA[
<div style="font-family:Segoe UI,Arial,sans-serif;font-size:13px;">
  <h2 style="margin:0;color:#1e3a8a;">Modificación Proyecto Prospección Minera Reconquista</h2>
  <table style="border-collapse:collapse;margin-top:6px;">
    <tr><td><b>Tipo presentación:</b></td><td>DIA</td></tr>
    <tr><td><b>Estado:</b></td><td>Aprobado</td></tr>
    <tr><td><b>Sector:</b></td><td>Minería</td></tr>
    <tr><td><b>Titular:</b></td><td>Minera MMX de Chile S.A.</td></tr>
    <tr><td><b>Inversión:</b></td><td>7.2 MMU$</td></tr>
    <tr><td><b>Región / Comuna:</b></td><td>Región de Atacama / Copiapó</td></tr>
    <tr><td><b>Fecha ingreso:</b></td><td></td></tr>
    <tr><td><b>Fecha calificación:</b></td><td>2012-03-26</td></tr>
    <tr><td><b>Lat/Long:</b></td><td>-27.274298, -70.415499</td></tr>
    <tr><td><b>UTM 19S:</b></td><td>359895 E / 6982390 N</td></tr>
  </table>
</div>
]]>
</description>
      <Point>
        <coordinates>-70.415499,-27.274298,0</coordinates>
      </Point>
    </Placemark>

    <Placemark>
      <name>Continuidad Operacional Campamento Antiguo Sulfuros</name>
      <description>
<![CDATA[
<div style="font-family:Segoe UI,Arial,sans-serif;font-size:13px;">
  <h2 style="margin:0;color:#1e3a8a;">Continuidad Operacional Campamento Antiguo Sulfuros</h2>
  <table style="border-collapse:collapse;margin-top:6px;">
    <tr><td><b>Tipo presentación:</b></td><td>DIA</td></tr>
    <tr><td><b>Estado:</b></td><td>Aprobado</td></tr>
    <tr><td><b>Sector:</b></td><td>Minería</td></tr>
    <tr><td><b>Titular:</b></td><td>Codelco Chile División Salvador</td></tr>
    <tr><td><b>Inversión:</b></td><td>0.0 MMU$</td></tr>
    <tr><td><b>Región / Comuna:</b></td><td>Región de Atacama / Diego de Almagro</td></tr>
    <tr><td><b>Fecha ingreso:</b></td><td></td></tr>
    <tr><td><b>Fecha calificación:</b></td><td>2012-04-25</td></tr>
    <tr><td><b>Lat/Long:</b></td><td>-26.223638, -69.556451</td></tr>
    <tr><td><b>UTM 19S:</b></td><td>444417 E / 7099430 N</td></tr>
  </table>
</div>
]]>
</description>
      <Point>
        <coordinates>-69.556451,-26.223638,0</coordinates>
      </Point>
    </Placemark>

    <Placemark>
      <name>"PROYECTO EXPLOTACIÓN RAJO PUNTO 62 Y AMPLIACIÓN RAJOS KUROKI Y FRANKO NORTE -SUR"</name>
      <description>
<![CDATA[
<div style="font-family:Segoe UI,Arial,sans-serif;font-size:13px;">
  <h2 style="margin:0;color:#1e3a8a;">"PROYECTO EXPLOTACIÓN RAJO PUNTO 62 Y AMPLIACIÓN RAJOS KUROKI Y FRANKO NORTE -SUR"</h2>
  <table style="border-collapse:collapse;margin-top:6px;">
    <tr><td><b>Tipo presentación:</b></td><td>DIA</td></tr>
    <tr><td><b>Estado:</b></td><td>Aprobado</td></tr>
    <tr><td><b>Sector:</b></td><td>Minería</td></tr>
    <tr><td><b>Titular:</b></td><td>MANTOVERDE S.A.</td></tr>
    <tr><td><b>Inversión:</b></td><td>0.0 MMU$</td></tr>
    <tr><td><b>Región / Comuna:</b></td><td>Región de Atacama / Chañaral</td></tr>
    <tr><td><b>Fecha ingreso:</b></td><td></td></tr>
    <tr><td><b>Fecha calificación:</b></td><td>2012-03-13</td></tr>
    <tr><td><b>Lat/Long:</b></td><td>-26.533022, -70.313479</td></tr>
    <tr><td><b>UTM 19S:</b></td><td>369142 E / 7064615 N</td></tr>
  </table>
</div>
]]>
</description>
      <Point>
        <coordinates>-70.313479,-26.533022,0</coordinates>
      </Point>
    </Placemark>

    <Placemark>
      <name>Ampliación de Prospecciones Minera Vicuña, Sector Los Helados</name>
      <description>
<![CDATA[
<div style="font-family:Segoe UI,Arial,sans-serif;font-size:13px;">
  <h2 style="margin:0;color:#1e3a8a;">Ampliación de Prospecciones Minera Vicuña, Sector Los Helados</h2>
  <table style="border-collapse:collapse;margin-top:6px;">
    <tr><td><b>Tipo presentación:</b></td><td>DIA</td></tr>
    <tr><td><b>Estado:</b></td><td>Aprobado</td></tr>
    <tr><td><b>Sector:</b></td><td>Minería</td></tr>
    <tr><td><b>Titular:</b></td><td>Minera Frontera del Oro SpA</td></tr>
    <tr><td><b>Inversión:</b></td><td>20.0 MMU$</td></tr>
    <tr><td><b>Región / Comuna:</b></td><td>Región de Atacama / Tierra Amarilla</td></tr>
    <tr><td><b>Fecha ingreso:</b></td><td></td></tr>
    <tr><td><b>Fecha calificación:</b></td><td>2012-03-29</td></tr>
    <tr><td><b>Lat/Long:</b></td><td>-28.326606, -69.597569</td></tr>
    <tr><td><b>UTM 19S:</b></td><td>441423 E / 6866472 N</td></tr>
  </table>
</div>
]]>
</description>
      <Point>
        <coordinates>-69.597569,-28.326606,0</coordinates>
      </Point>
    </Placemark>

    <Placemark>
      <name>AUMENTO DE  CAPACIDAD DEL TRANQUE DE RELAVES EL GATO DE LA S.C.M. ATACAMA KOZAN</name>
      <description>
<![CDATA[
<div style="font-family:Segoe UI,Arial,sans-serif;font-size:13px;">
  <h2 style="margin:0;color:#1e3a8a;">AUMENTO DE  CAPACIDAD DEL TRANQUE DE RELAVES EL GATO DE LA S.C.M. ATACAMA KOZAN</h2>
  <table style="border-collapse:collapse;margin-top:6px;">
    <tr><td><b>Tipo presentación:</b></td><td>DIA</td></tr>
    <tr><td><b>Estado:</b></td><td>Aprobado</td></tr>
    <tr><td><b>Sector:</b></td><td>Minería</td></tr>
    <tr><td><b>Titular:</b></td><td>Sociedad Contractual Minera Atacama Kozan</td></tr>
    <tr><td><b>Inversión:</b></td><td>0.83 MMU$</td></tr>
    <tr><td><b>Región / Comuna:</b></td><td>Región de Atacama / Copiapó</td></tr>
    <tr><td><b>Fecha ingreso:</b></td><td></td></tr>
    <tr><td><b>Fecha calificación:</b></td><td>2012-04-11</td></tr>
    <tr><td><b>Lat/Long:</b></td><td>-27.38515, -70.265428</td></tr>
    <tr><td><b>UTM 19S:</b></td><td>374875 E / 6970269 N</td></tr>
  </table>
</div>
]]>
</description>
      <Point>
        <coordinates>-70.265428,-27.38515,0</coordinates>
      </Point>
    </Placemark>

    <Placemark>
      <name>Proyecto Mina Triunfo</name>
      <description>
<![CDATA[
<div style="font-family:Segoe UI,Arial,sans-serif;font-size:13px;">
  <h2 style="margin:0;color:#1e3a8a;">Proyecto Mina Triunfo</h2>
  <table style="border-collapse:collapse;margin-top:6px;">
    <tr><td><b>Tipo presentación:</b></td><td>DIA</td></tr>
    <tr><td><b>Estado:</b></td><td>Aprobado</td></tr>
    <tr><td><b>Sector:</b></td><td>Minería</td></tr>
    <tr><td><b>Titular:</b></td><td>SOCIEDAD PUNTA DEL COBRE S.A.</td></tr>
    <tr><td><b>Inversión:</b></td><td>1.0 MMU$</td></tr>
    <tr><td><b>Región / Comuna:</b></td><td>Región de Atacama / Copiapó</td></tr>
    <tr><td><b>Fecha ingreso:</b></td><td></td></tr>
    <tr><td><b>Fecha calificación:</b></td><td>2012-07-05</td></tr>
    <tr><td><b>Lat/Long:</b></td><td>-27.064648, -69.981533</td></tr>
    <tr><td><b>UTM 19S:</b></td><td>402670 E / 7006025 N</td></tr>
  </table>
</div>
]]>
</description>
      <Point>
        <coordinates>-69.981533,-27.064648,0</coordinates>
      </Point>
    </Placemark>

    <Placemark>
      <name>Proyecto Minero SS-XAVIER 1</name>
      <description>
<![CDATA[
<div style="font-family:Segoe UI,Arial,sans-serif;font-size:13px;">
  <h2 style="margin:0;color:#1e3a8a;">Proyecto Minero SS-XAVIER 1</h2>
  <table style="border-collapse:collapse;margin-top:6px;">
    <tr><td><b>Tipo presentación:</b></td><td>DIA</td></tr>
    <tr><td><b>Estado:</b></td><td>Aprobado</td></tr>
    <tr><td><b>Sector:</b></td><td>Minería</td></tr>
    <tr><td><b>Titular:</b></td><td>Chiletools  SpA</td></tr>
    <tr><td><b>Inversión:</b></td><td>18.915 MMU$</td></tr>
    <tr><td><b>Región / Comuna:</b></td><td>Región de Atacama / Chañaral</td></tr>
    <tr><td><b>Fecha ingreso:</b></td><td></td></tr>
    <tr><td><b>Fecha calificación:</b></td><td>2012-06-21</td></tr>
    <tr><td><b>Lat/Long:</b></td><td>-26.186507, -70.31099</td></tr>
    <tr><td><b>UTM 19S:</b></td><td>369000 E / 7103000 N</td></tr>
  </table>
</div>
]]>
</description>
      <Point>
        <coordinates>-70.31099,-26.186507,0</coordinates>
      </Point>
    </Placemark>

    <Placemark>
      <name>PROSPECCION MINERA CACHIYUYO</name>
      <description>
<![CDATA[
<div style="font-family:Segoe UI,Arial,sans-serif;font-size:13px;">
  <h2 style="margin:0;color:#1e3a8a;">PROSPECCION MINERA CACHIYUYO</h2>
  <table style="border-collapse:collapse;margin-top:6px;">
    <tr><td><b>Tipo presentación:</b></td><td>DIA</td></tr>
    <tr><td><b>Estado:</b></td><td>Aprobado</td></tr>
    <tr><td><b>Sector:</b></td><td>Minería</td></tr>
    <tr><td><b>Titular:</b></td><td>SOCIEDAD CONTRACTUAL MINERA ROCK EXPLORATION</td></tr>
    <tr><td><b>Inversión:</b></td><td>0.3 MMU$</td></tr>
    <tr><td><b>Región / Comuna:</b></td><td>Región de Atacama / Freirina</td></tr>
    <tr><td><b>Fecha ingreso:</b></td><td></td></tr>
    <tr><td><b>Fecha calificación:</b></td><td>2012-02-21</td></tr>
    <tr><td><b>Lat/Long:</b></td><td>-29.295134, -71.086629</td></tr>
    <tr><td><b>UTM 19S:</b></td><td>297319 E / 6757509 N</td></tr>
  </table>
</div>
]]>
</description>
      <Point>
        <coordinates>-71.086629,-29.295134,0</coordinates>
      </Point>
    </Placemark>

    <Placemark>
      <name>Modificación Sondajes de Prospección, Proyecto Volcán</name>
      <description>
<![CDATA[
<div style="font-family:Segoe UI,Arial,sans-serif;font-size:13px;">
  <h2 style="margin:0;color:#1e3a8a;">Modificación Sondajes de Prospección, Proyecto Volcán</h2>
  <table style="border-collapse:collapse;margin-top:6px;">
    <tr><td><b>Tipo presentación:</b></td><td>DIA</td></tr>
    <tr><td><b>Estado:</b></td><td>Aprobado</td></tr>
    <tr><td><b>Sector:</b></td><td>Minería</td></tr>
    <tr><td><b>Titular:</b></td><td>Andina Minerals Chile Ltda.</td></tr>
    <tr><td><b>Inversión:</b></td><td>10.0 MMU$</td></tr>
    <tr><td><b>Región / Comuna:</b></td><td>Región de Atacama / Tierra Amarilla</td></tr>
    <tr><td><b>Fecha ingreso:</b></td><td></td></tr>
    <tr><td><b>Fecha calificación:</b></td><td>2012-01-05</td></tr>
    <tr><td><b>Lat/Long:</b></td><td>-27.360311, -69.12329</td></tr>
    <tr><td><b>UTM 19S:</b></td><td>487807 E / 6973650 N</td></tr>
  </table>
</div>
]]>
</description>
      <Point>
        <coordinates>-69.12329,-27.360311,0</coordinates>
      </Point>
    </Placemark>

    <Placemark>
      <name>Proyecto Prospección Minero Sol Naciente</name>
      <description>
<![CDATA[
<div style="font-family:Segoe UI,Arial,sans-serif;font-size:13px;">
  <h2 style="margin:0;color:#1e3a8a;">Proyecto Prospección Minero Sol Naciente</h2>
  <table style="border-collapse:collapse;margin-top:6px;">
    <tr><td><b>Tipo presentación:</b></td><td>DIA</td></tr>
    <tr><td><b>Estado:</b></td><td>Aprobado</td></tr>
    <tr><td><b>Sector:</b></td><td>Minería</td></tr>
    <tr><td><b>Titular:</b></td><td>Sociedad Contractual Minera Atacama Kozan</td></tr>
    <tr><td><b>Inversión:</b></td><td>6.8 MMU$</td></tr>
    <tr><td><b>Región / Comuna:</b></td><td>Región de Atacama / Copiapó</td></tr>
    <tr><td><b>Fecha ingreso:</b></td><td></td></tr>
    <tr><td><b>Fecha calificación:</b></td><td>2012-01-02</td></tr>
    <tr><td><b>Lat/Long:</b></td><td>-27.361099, -70.238645</td></tr>
    <tr><td><b>UTM 19S:</b></td><td>377497 E / 6972960 N</td></tr>
  </table>
</div>
]]>
</description>
      <Point>
        <coordinates>-70.238645,-27.361099,0</coordinates>
      </Point>
    </Placemark>

    <Placemark>
      <name>PERALTAMIENTO MUROS DEPÓSITO DE RELAVES LA CANDELARIA</name>
      <description>
<![CDATA[
<div style="font-family:Segoe UI,Arial,sans-serif;font-size:13px;">
  <h2 style="margin:0;color:#1e3a8a;">PERALTAMIENTO MUROS DEPÓSITO DE RELAVES LA CANDELARIA</h2>
  <table style="border-collapse:collapse;margin-top:6px;">
    <tr><td><b>Tipo presentación:</b></td><td>DIA</td></tr>
    <tr><td><b>Estado:</b></td><td>Aprobado</td></tr>
    <tr><td><b>Sector:</b></td><td>Minería</td></tr>
    <tr><td><b>Titular:</b></td><td>Compañía Contractual Minera Candelaria</td></tr>
    <tr><td><b>Inversión:</b></td><td>14.5 MMU$</td></tr>
    <tr><td><b>Región / Comuna:</b></td><td>Región de Atacama / Tierra Amarilla</td></tr>
    <tr><td><b>Fecha ingreso:</b></td><td></td></tr>
    <tr><td><b>Fecha calificación:</b></td><td>2012-04-09</td></tr>
    <tr><td><b>Lat/Long:</b></td><td>-27.495027, -70.315561</td></tr>
    <tr><td><b>UTM 19S:</b></td><td>370046 E / 6958045 N</td></tr>
  </table>
</div>
]]>
</description>
      <Point>
        <coordinates>-70.315561,-27.495027,0</coordinates>
      </Point>
    </Placemark>

    <Placemark>
      <name>Prospección Minera Distrito Pleito</name>
      <description>
<![CDATA[
<div style="font-family:Segoe UI,Arial,sans-serif;font-size:13px;">
  <h2 style="margin:0;color:#1e3a8a;">Prospección Minera Distrito Pleito</h2>
  <table style="border-collapse:collapse;margin-top:6px;">
    <tr><td><b>Tipo presentación:</b></td><td>DIA</td></tr>
    <tr><td><b>Estado:</b></td><td>Aprobado</td></tr>
    <tr><td><b>Sector:</b></td><td>Minería</td></tr>
    <tr><td><b>Titular:</b></td><td>Compañía Minera del Pacífico S.A.</td></tr>
    <tr><td><b>Inversión:</b></td><td>7.3 MMU$</td></tr>
    <tr><td><b>Región / Comuna:</b></td><td>Región de Atacama / Vallenar</td></tr>
    <tr><td><b>Fecha ingreso:</b></td><td></td></tr>
    <tr><td><b>Fecha calificación:</b></td><td>2012-02-01</td></tr>
    <tr><td><b>Lat/Long:</b></td><td>-29.227205, -71.105513</td></tr>
    <tr><td><b>UTM 19S:</b></td><td>295349 E / 6765005 N</td></tr>
  </table>
</div>
]]>
</description>
      <Point>
        <coordinates>-71.105513,-29.227205,0</coordinates>
      </Point>
    </Placemark>

    <Placemark>
      <name>Proyecto de Explotación de Arenas Ferrosas: Don Fito</name>
      <description>
<![CDATA[
<div style="font-family:Segoe UI,Arial,sans-serif;font-size:13px;">
  <h2 style="margin:0;color:#1e3a8a;">Proyecto de Explotación de Arenas Ferrosas: Don Fito</h2>
  <table style="border-collapse:collapse;margin-top:6px;">
    <tr><td><b>Tipo presentación:</b></td><td>DIA</td></tr>
    <tr><td><b>Estado:</b></td><td>Aprobado</td></tr>
    <tr><td><b>Sector:</b></td><td>Minería</td></tr>
    <tr><td><b>Titular:</b></td><td>Sociedad Atacama Desert Minerals S.A.</td></tr>
    <tr><td><b>Inversión:</b></td><td>1.5 MMU$</td></tr>
    <tr><td><b>Región / Comuna:</b></td><td>Región de Atacama / Copiapó</td></tr>
    <tr><td><b>Fecha ingreso:</b></td><td></td></tr>
    <tr><td><b>Fecha calificación:</b></td><td>2012-05-22</td></tr>
    <tr><td><b>Lat/Long:</b></td><td>-27.547848, -70.751096</td></tr>
    <tr><td><b>UTM 19S:</b></td><td>327099 E / 6951661 N</td></tr>
  </table>
</div>
]]>
</description>
      <Point>
        <coordinates>-70.751096,-27.547848,0</coordinates>
      </Point>
    </Placemark>

    <Placemark>
      <name>Aumento Producción Recuperación de Mineral de Hierro Contenido en Rechazos, Sector Desvío Norte</name>
      <description>
<![CDATA[
<div style="font-family:Segoe UI,Arial,sans-serif;font-size:13px;">
  <h2 style="margin:0;color:#1e3a8a;">Aumento Producción Recuperación de Mineral de Hierro Contenido en Rechazos, Sector Desvío Norte</h2>
  <table style="border-collapse:collapse;margin-top:6px;">
    <tr><td><b>Tipo presentación:</b></td><td>DIA</td></tr>
    <tr><td><b>Estado:</b></td><td>Aprobado</td></tr>
    <tr><td><b>Sector:</b></td><td>Minería</td></tr>
    <tr><td><b>Titular:</b></td><td>CONSTRUCCIONES ESPECIALIZADAS LENBOX CHILE LIMITADA</td></tr>
    <tr><td><b>Inversión:</b></td><td>1.8 MMU$</td></tr>
    <tr><td><b>Región / Comuna:</b></td><td>Región de Atacama / Vallenar</td></tr>
    <tr><td><b>Fecha ingreso:</b></td><td></td></tr>
    <tr><td><b>Fecha calificación:</b></td><td>2012-03-13</td></tr>
    <tr><td><b>Lat/Long:</b></td><td>-29.260406, -71.03282</td></tr>
    <tr><td><b>UTM 19S:</b></td><td>302480 E / 6761450 N</td></tr>
  </table>
</div>
]]>
</description>
      <Point>
        <coordinates>-71.03282,-29.260406,0</coordinates>
      </Point>
    </Placemark>

    <Placemark>
      <name>Flotación de Escorias Convertidor Teniente Fundición Potrerillos</name>
      <description>
<![CDATA[
<div style="font-family:Segoe UI,Arial,sans-serif;font-size:13px;">
  <h2 style="margin:0;color:#1e3a8a;">Flotación de Escorias Convertidor Teniente Fundición Potrerillos</h2>
  <table style="border-collapse:collapse;margin-top:6px;">
    <tr><td><b>Tipo presentación:</b></td><td>DIA</td></tr>
    <tr><td><b>Estado:</b></td><td>Aprobado</td></tr>
    <tr><td><b>Sector:</b></td><td>Minería</td></tr>
    <tr><td><b>Titular:</b></td><td>Codelco Chile División Salvador</td></tr>
    <tr><td><b>Inversión:</b></td><td>60.0 MMU$</td></tr>
    <tr><td><b>Región / Comuna:</b></td><td>Región de Atacama / Diego de Almagro</td></tr>
    <tr><td><b>Fecha ingreso:</b></td><td></td></tr>
    <tr><td><b>Fecha calificación:</b></td><td>2011-11-04</td></tr>
    <tr><td><b>Lat/Long:</b></td><td>-26.430001, -69.478813</td></tr>
    <tr><td><b>UTM 19S:</b></td><td>452257 E / 7076606 N</td></tr>
  </table>
</div>
]]>
</description>
      <Point>
        <coordinates>-69.478813,-26.430001,0</coordinates>
      </Point>
    </Placemark>

    <Placemark>
      <name>Modificacion Proyecto Prospección Minera Fortuna</name>
      <description>
<![CDATA[
<div style="font-family:Segoe UI,Arial,sans-serif;font-size:13px;">
  <h2 style="margin:0;color:#1e3a8a;">Modificacion Proyecto Prospección Minera Fortuna</h2>
  <table style="border-collapse:collapse;margin-top:6px;">
    <tr><td><b>Tipo presentación:</b></td><td>DIA</td></tr>
    <tr><td><b>Estado:</b></td><td>Aprobado</td></tr>
    <tr><td><b>Sector:</b></td><td>Minería</td></tr>
    <tr><td><b>Titular:</b></td><td>Minera MMX de Chile S.A.</td></tr>
    <tr><td><b>Inversión:</b></td><td>11.22277 MMU$</td></tr>
    <tr><td><b>Región / Comuna:</b></td><td>Región de Atacama / Copiapó</td></tr>
    <tr><td><b>Fecha ingreso:</b></td><td></td></tr>
    <tr><td><b>Fecha calificación:</b></td><td>2011-11-08</td></tr>
    <tr><td><b>Lat/Long:</b></td><td>-27.254717, -70.403151</td></tr>
    <tr><td><b>UTM 19S:</b></td><td>361093 E / 6984573 N</td></tr>
  </table>
</div>
]]>
</description>
      <Point>
        <coordinates>-70.403151,-27.254717,0</coordinates>
      </Point>
    </Placemark>

    <Placemark>
      <name>V ETAPA DEPÓSITO DE RELAVES PAMPA AUSTRAL</name>
      <description>
<![CDATA[
<div style="font-family:Segoe UI,Arial,sans-serif;font-size:13px;">
  <h2 style="margin:0;color:#1e3a8a;">V ETAPA DEPÓSITO DE RELAVES PAMPA AUSTRAL</h2>
  <table style="border-collapse:collapse;margin-top:6px;">
    <tr><td><b>Tipo presentación:</b></td><td>DIA</td></tr>
    <tr><td><b>Estado:</b></td><td>Aprobado</td></tr>
    <tr><td><b>Sector:</b></td><td>Minería</td></tr>
    <tr><td><b>Titular:</b></td><td>Codelco Chile División Salvador</td></tr>
    <tr><td><b>Inversión:</b></td><td>6.0 MMU$</td></tr>
    <tr><td><b>Región / Comuna:</b></td><td>Región de Atacama / Diego de Almagro</td></tr>
    <tr><td><b>Fecha ingreso:</b></td><td></td></tr>
    <tr><td><b>Fecha calificación:</b></td><td>2011-11-04</td></tr>
    <tr><td><b>Lat/Long:</b></td><td>-26.265413, -70.094332</td></tr>
    <tr><td><b>UTM 19S:</b></td><td>390725 E / 7094461 N</td></tr>
  </table>
</div>
]]>
</description>
      <Point>
        <coordinates>-70.094332,-26.265413,0</coordinates>
      </Point>
    </Placemark>

    <Placemark>
      <name>Prospección Sector Cortadera</name>
      <description>
<![CDATA[
<div style="font-family:Segoe UI,Arial,sans-serif;font-size:13px;">
  <h2 style="margin:0;color:#1e3a8a;">Prospección Sector Cortadera</h2>
  <table style="border-collapse:collapse;margin-top:6px;">
    <tr><td><b>Tipo presentación:</b></td><td>DIA</td></tr>
    <tr><td><b>Estado:</b></td><td>Aprobado</td></tr>
    <tr><td><b>Sector:</b></td><td>Minería</td></tr>
    <tr><td><b>Titular:</b></td><td>Minera Fuego Limitada</td></tr>
    <tr><td><b>Inversión:</b></td><td>10.0 MMU$</td></tr>
    <tr><td><b>Región / Comuna:</b></td><td>Región de Atacama / Vallenar</td></tr>
    <tr><td><b>Fecha ingreso:</b></td><td></td></tr>
    <tr><td><b>Fecha calificación:</b></td><td>2011-10-18</td></tr>
    <tr><td><b>Lat/Long:</b></td><td>-28.788568, -70.692126</td></tr>
    <tr><td><b>UTM 19S:</b></td><td>334840 E / 6814264 N</td></tr>
  </table>
</div>
]]>
</description>
      <Point>
        <coordinates>-70.692126,-28.788568,0</coordinates>
      </Point>
    </Placemark>

    <Placemark>
      <name>Prospecciones Mineras Cerro Maricunga</name>
      <description>
<![CDATA[
<div style="font-family:Segoe UI,Arial,sans-serif;font-size:13px;">
  <h2 style="margin:0;color:#1e3a8a;">Prospecciones Mineras Cerro Maricunga</h2>
  <table style="border-collapse:collapse;margin-top:6px;">
    <tr><td><b>Tipo presentación:</b></td><td>DIA</td></tr>
    <tr><td><b>Estado:</b></td><td>Aprobado</td></tr>
    <tr><td><b>Sector:</b></td><td>Minería</td></tr>
    <tr><td><b>Titular:</b></td><td>Minera Atacama Pacific Gold Chile Ltda.</td></tr>
    <tr><td><b>Inversión:</b></td><td>20.0 MMU$</td></tr>
    <tr><td><b>Región / Comuna:</b></td><td>Región de Atacama / Copiapó</td></tr>
    <tr><td><b>Fecha ingreso:</b></td><td></td></tr>
    <tr><td><b>Fecha calificación:</b></td><td>2011-11-10</td></tr>
    <tr><td><b>Lat/Long:</b></td><td>-27.001594, -69.220796</td></tr>
    <tr><td><b>UTM 19S:</b></td><td>478094 E / 7013369 N</td></tr>
  </table>
</div>
]]>
</description>
      <Point>
        <coordinates>-69.220796,-27.001594,0</coordinates>
      </Point>
    </Placemark>

    <Placemark>
      <name>Prospección Minera Relincho</name>
      <description>
<![CDATA[
<div style="font-family:Segoe UI,Arial,sans-serif;font-size:13px;">
  <h2 style="margin:0;color:#1e3a8a;">Prospección Minera Relincho</h2>
  <table style="border-collapse:collapse;margin-top:6px;">
    <tr><td><b>Tipo presentación:</b></td><td>DIA</td></tr>
    <tr><td><b>Estado:</b></td><td>Aprobado</td></tr>
    <tr><td><b>Sector:</b></td><td>Minería</td></tr>
    <tr><td><b>Titular:</b></td><td>NuevaUnión SpA</td></tr>
    <tr><td><b>Inversión:</b></td><td>11.0 MMU$</td></tr>
    <tr><td><b>Región / Comuna:</b></td><td>Región de Atacama / Vallenar</td></tr>
    <tr><td><b>Fecha ingreso:</b></td><td></td></tr>
    <tr><td><b>Fecha calificación:</b></td><td>2011-09-15</td></tr>
    <tr><td><b>Lat/Long:</b></td><td>-28.508858, -70.331482</td></tr>
    <tr><td><b>UTM 19S:</b></td><td>369699 E / 6845704 N</td></tr>
  </table>
</div>
]]>
</description>
      <Point>
        <coordinates>-70.331482,-28.508858,0</coordinates>
      </Point>
    </Placemark>

    <Placemark>
      <name>Modificación Proyecto de Prospección Minera Patricia</name>
      <description>
<![CDATA[
<div style="font-family:Segoe UI,Arial,sans-serif;font-size:13px;">
  <h2 style="margin:0;color:#1e3a8a;">Modificación Proyecto de Prospección Minera Patricia</h2>
  <table style="border-collapse:collapse;margin-top:6px;">
    <tr><td><b>Tipo presentación:</b></td><td>DIA</td></tr>
    <tr><td><b>Estado:</b></td><td>Aprobado</td></tr>
    <tr><td><b>Sector:</b></td><td>Minería</td></tr>
    <tr><td><b>Titular:</b></td><td>Minera MMX de Chile S.A.</td></tr>
    <tr><td><b>Inversión:</b></td><td>12.5 MMU$</td></tr>
    <tr><td><b>Región / Comuna:</b></td><td>Región de Atacama / Chañaral</td></tr>
    <tr><td><b>Fecha ingreso:</b></td><td></td></tr>
    <tr><td><b>Fecha calificación:</b></td><td>2011-08-10</td></tr>
    <tr><td><b>Lat/Long:</b></td><td>-26.852998, -70.154942</td></tr>
    <tr><td><b>UTM 19S:</b></td><td>385259 E / 7029324 N</td></tr>
  </table>
</div>
]]>
</description>
      <Point>
        <coordinates>-70.154942,-26.852998,0</coordinates>
      </Point>
    </Placemark>

    <Placemark>
      <name>Prospección Don Daniel</name>
      <description>
<![CDATA[
<div style="font-family:Segoe UI,Arial,sans-serif;font-size:13px;">
  <h2 style="margin:0;color:#1e3a8a;">Prospección Don Daniel</h2>
  <table style="border-collapse:collapse;margin-top:6px;">
    <tr><td><b>Tipo presentación:</b></td><td>DIA</td></tr>
    <tr><td><b>Estado:</b></td><td>Aprobado</td></tr>
    <tr><td><b>Sector:</b></td><td>Minería</td></tr>
    <tr><td><b>Titular:</b></td><td>Compañía Minera Carmen</td></tr>
    <tr><td><b>Inversión:</b></td><td>10.0 MMU$</td></tr>
    <tr><td><b>Región / Comuna:</b></td><td>Región de Atacama / Chañaral-Diego de Almagro</td></tr>
    <tr><td><b>Fecha ingreso:</b></td><td></td></tr>
    <tr><td><b>Fecha calificación:</b></td><td>2011-08-03</td></tr>
    <tr><td><b>Lat/Long:</b></td><td>-26.28822, -70.264409</td></tr>
    <tr><td><b>UTM 19S:</b></td><td>373765 E / 7091780 N</td></tr>
  </table>
</div>
]]>
</description>
      <Point>
        <coordinates>-70.264409,-26.28822,0</coordinates>
      </Point>
    </Placemark>

    <Placemark>
      <name>Proyecto Prospección Radiss</name>
      <description>
<![CDATA[
<div style="font-family:Segoe UI,Arial,sans-serif;font-size:13px;">
  <h2 style="margin:0;color:#1e3a8a;">Proyecto Prospección Radiss</h2>
  <table style="border-collapse:collapse;margin-top:6px;">
    <tr><td><b>Tipo presentación:</b></td><td>DIA</td></tr>
    <tr><td><b>Estado:</b></td><td>Aprobado</td></tr>
    <tr><td><b>Sector:</b></td><td>Minería</td></tr>
    <tr><td><b>Titular:</b></td><td>Sumitomo Metal Mining Chile Ltda</td></tr>
    <tr><td><b>Inversión:</b></td><td>10.0 MMU$</td></tr>
    <tr><td><b>Región / Comuna:</b></td><td>Región de Atacama / Diego de Almagro</td></tr>
    <tr><td><b>Fecha ingreso:</b></td><td></td></tr>
    <tr><td><b>Fecha calificación:</b></td><td>2011-08-09</td></tr>
    <tr><td><b>Lat/Long:</b></td><td>-26.443674, -70.107815</td></tr>
    <tr><td><b>UTM 19S:</b></td><td>389548 E / 7074705 N</td></tr>
  </table>
</div>
]]>
</description>
      <Point>
        <coordinates>-70.107815,-26.443674,0</coordinates>
      </Point>
    </Placemark>

    <Placemark>
      <name>Deposito de Relaves Espesados Planta Vallenar</name>
      <description>
<![CDATA[
<div style="font-family:Segoe UI,Arial,sans-serif;font-size:13px;">
  <h2 style="margin:0;color:#1e3a8a;">Deposito de Relaves Espesados Planta Vallenar</h2>
  <table style="border-collapse:collapse;margin-top:6px;">
    <tr><td><b>Tipo presentación:</b></td><td>DIA</td></tr>
    <tr><td><b>Estado:</b></td><td>Aprobado</td></tr>
    <tr><td><b>Sector:</b></td><td>Minería</td></tr>
    <tr><td><b>Titular:</b></td><td>Empresa Nacional de Minería</td></tr>
    <tr><td><b>Inversión:</b></td><td>9.723721 MMU$</td></tr>
    <tr><td><b>Región / Comuna:</b></td><td>Región de Atacama / Vallenar</td></tr>
    <tr><td><b>Fecha ingreso:</b></td><td></td></tr>
    <tr><td><b>Fecha calificación:</b></td><td>2011-10-18</td></tr>
    <tr><td><b>Lat/Long:</b></td><td>-28.559371, -70.735043</td></tr>
    <tr><td><b>UTM 19S:</b></td><td>330281 E / 6839602 N</td></tr>
  </table>
</div>
]]>
</description>
      <Point>
        <coordinates>-70.735043,-28.559371,0</coordinates>
      </Point>
    </Placemark>

    <Placemark>
      <name>Procesamiento de Papeos de Hierro Mina Carmen</name>
      <description>
<![CDATA[
<div style="font-family:Segoe UI,Arial,sans-serif;font-size:13px;">
  <h2 style="margin:0;color:#1e3a8a;">Procesamiento de Papeos de Hierro Mina Carmen</h2>
  <table style="border-collapse:collapse;margin-top:6px;">
    <tr><td><b>Tipo presentación:</b></td><td>DIA</td></tr>
    <tr><td><b>Estado:</b></td><td>Aprobado</td></tr>
    <tr><td><b>Sector:</b></td><td>Minería</td></tr>
    <tr><td><b>Titular:</b></td><td>Compañía Minera Carmen</td></tr>
    <tr><td><b>Inversión:</b></td><td>50.0 MMU$</td></tr>
    <tr><td><b>Región / Comuna:</b></td><td>Región de Atacama / Caldera-Chañaral-Diego de Almagro</td></tr>
    <tr><td><b>Fecha ingreso:</b></td><td></td></tr>
    <tr><td><b>Fecha calificación:</b></td><td>2011-06-15</td></tr>
    <tr><td><b>Lat/Long:</b></td><td>-26.342311, -70.144815</td></tr>
    <tr><td><b>UTM 19S:</b></td><td>385759 E / 7085900 N</td></tr>
  </table>
</div>
]]>
</description>
      <Point>
        <coordinates>-70.144815,-26.342311,0</coordinates>
      </Point>
    </Placemark>

    <Placemark>
      <name>PROSPECCIÓN MINERA OSO NEGRO</name>
      <description>
<![CDATA[
<div style="font-family:Segoe UI,Arial,sans-serif;font-size:13px;">
  <h2 style="margin:0;color:#1e3a8a;">PROSPECCIÓN MINERA OSO NEGRO</h2>
  <table style="border-collapse:collapse;margin-top:6px;">
    <tr><td><b>Tipo presentación:</b></td><td>DIA</td></tr>
    <tr><td><b>Estado:</b></td><td>Aprobado</td></tr>
    <tr><td><b>Sector:</b></td><td>Minería</td></tr>
    <tr><td><b>Titular:</b></td><td>MINERA SAN FIERRO CHILE LIMITADA</td></tr>
    <tr><td><b>Inversión:</b></td><td>2.5 MMU$</td></tr>
    <tr><td><b>Región / Comuna:</b></td><td>Región de Atacama / Copiapó</td></tr>
    <tr><td><b>Fecha ingreso:</b></td><td></td></tr>
    <tr><td><b>Fecha calificación:</b></td><td>2011-08-08</td></tr>
    <tr><td><b>Lat/Long:</b></td><td>-27.844048, -70.431915</td></tr>
    <tr><td><b>UTM 19S:</b></td><td>359000 E / 6919250 N</td></tr>
  </table>
</div>
]]>
</description>
      <Point>
        <coordinates>-70.431915,-27.844048,0</coordinates>
      </Point>
    </Placemark>

    <Placemark>
      <name>Explotación desmontes Mina Bella Ester</name>
      <description>
<![CDATA[
<div style="font-family:Segoe UI,Arial,sans-serif;font-size:13px;">
  <h2 style="margin:0;color:#1e3a8a;">Explotación desmontes Mina Bella Ester</h2>
  <table style="border-collapse:collapse;margin-top:6px;">
    <tr><td><b>Tipo presentación:</b></td><td>DIA</td></tr>
    <tr><td><b>Estado:</b></td><td>Aprobado</td></tr>
    <tr><td><b>Sector:</b></td><td>Minería</td></tr>
    <tr><td><b>Titular:</b></td><td>Sociedad Contractual Minera Desierto de Hierro</td></tr>
    <tr><td><b>Inversión:</b></td><td>10.0 MMU$</td></tr>
    <tr><td><b>Región / Comuna:</b></td><td>Región de Atacama / Copiapó</td></tr>
    <tr><td><b>Fecha ingreso:</b></td><td></td></tr>
    <tr><td><b>Fecha calificación:</b></td><td>2011-08-01</td></tr>
    <tr><td><b>Lat/Long:</b></td><td>-26.902849, -70.210919</td></tr>
    <tr><td><b>UTM 19S:</b></td><td>379750 E / 7023750 N</td></tr>
  </table>
</div>
]]>
</description>
      <Point>
        <coordinates>-70.210919,-26.902849,0</coordinates>
      </Point>
    </Placemark>

    <Placemark>
      <name>Modificacion Proyecto Bellavista, Fase 1</name>
      <description>
<![CDATA[
<div style="font-family:Segoe UI,Arial,sans-serif;font-size:13px;">
  <h2 style="margin:0;color:#1e3a8a;">Modificacion Proyecto Bellavista, Fase 1</h2>
  <table style="border-collapse:collapse;margin-top:6px;">
    <tr><td><b>Tipo presentación:</b></td><td>DIA</td></tr>
    <tr><td><b>Estado:</b></td><td>Aprobado</td></tr>
    <tr><td><b>Sector:</b></td><td>Minería</td></tr>
    <tr><td><b>Titular:</b></td><td>Sociedad Contractual Minera Santa Fe Minning</td></tr>
    <tr><td><b>Inversión:</b></td><td>142.6 MMU$</td></tr>
    <tr><td><b>Región / Comuna:</b></td><td>Región de Atacama / Caldera-Copiapó</td></tr>
    <tr><td><b>Fecha ingreso:</b></td><td></td></tr>
    <tr><td><b>Fecha calificación:</b></td><td>2011-08-12</td></tr>
    <tr><td><b>Lat/Long:</b></td><td>-27.256648, -70.403165</td></tr>
    <tr><td><b>UTM 19S:</b></td><td>361094 E / 6984359 N</td></tr>
  </table>
</div>
]]>
</description>
      <Point>
        <coordinates>-70.403165,-27.256648,0</coordinates>
      </Point>
    </Placemark>

    <Placemark>
      <name>SISTEMA DE EXPLOTACIÓN DE MINERALES DE HIERRO Y  COBRE DE MINA RENACER-ORNELLA COPIAPÓ - CHILE</name>
      <description>
<![CDATA[
<div style="font-family:Segoe UI,Arial,sans-serif;font-size:13px;">
  <h2 style="margin:0;color:#1e3a8a;">SISTEMA DE EXPLOTACIÓN DE MINERALES DE HIERRO Y  COBRE DE MINA RENACER-ORNELLA COPIAPÓ - CHILE</h2>
  <table style="border-collapse:collapse;margin-top:6px;">
    <tr><td><b>Tipo presentación:</b></td><td>DIA</td></tr>
    <tr><td><b>Estado:</b></td><td>Aprobado</td></tr>
    <tr><td><b>Sector:</b></td><td>Minería</td></tr>
    <tr><td><b>Titular:</b></td><td>CCA CHILE INVERSIÓN Y DESARROLLO MINERO S.A.</td></tr>
    <tr><td><b>Inversión:</b></td><td>7.7 MMU$</td></tr>
    <tr><td><b>Región / Comuna:</b></td><td>Región de Atacama / Copiapó</td></tr>
    <tr><td><b>Fecha ingreso:</b></td><td></td></tr>
    <tr><td><b>Fecha calificación:</b></td><td>2011-11-28</td></tr>
    <tr><td><b>Lat/Long:</b></td><td>-27.950708, -70.767961</td></tr>
    <tr><td><b>UTM 19S:</b></td><td>326075 E / 6907000 N</td></tr>
  </table>
</div>
]]>
</description>
      <Point>
        <coordinates>-70.767961,-27.950708,0</coordinates>
      </Point>
    </Placemark>

    <Placemark>
      <name>SISTEMA DE EXPLOTACIÓN DE MINERALES DE HIERRO Y  COBRE DE MINA OSORNINA, COPIAPÓ - CHILE</name>
      <description>
<![CDATA[
<div style="font-family:Segoe UI,Arial,sans-serif;font-size:13px;">
  <h2 style="margin:0;color:#1e3a8a;">SISTEMA DE EXPLOTACIÓN DE MINERALES DE HIERRO Y  COBRE DE MINA OSORNINA, COPIAPÓ - CHILE</h2>
  <table style="border-collapse:collapse;margin-top:6px;">
    <tr><td><b>Tipo presentación:</b></td><td>DIA</td></tr>
    <tr><td><b>Estado:</b></td><td>Aprobado</td></tr>
    <tr><td><b>Sector:</b></td><td>Minería</td></tr>
    <tr><td><b>Titular:</b></td><td>OP MINING CHILE SPA</td></tr>
    <tr><td><b>Inversión:</b></td><td>4.52 MMU$</td></tr>
    <tr><td><b>Región / Comuna:</b></td><td>Región de Atacama / Copiapó</td></tr>
    <tr><td><b>Fecha ingreso:</b></td><td></td></tr>
    <tr><td><b>Fecha calificación:</b></td><td>2011-06-21</td></tr>
    <tr><td><b>Lat/Long:</b></td><td>-27.635444, -70.620846</td></tr>
    <tr><td><b>UTM 19S:</b></td><td>340089 E / 6942131 N</td></tr>
  </table>
</div>
]]>
</description>
      <Point>
        <coordinates>-70.620846,-27.635444,0</coordinates>
      </Point>
    </Placemark>

    <Placemark>
      <name>Adecuación Instalaciones para Inyección Fundentes Silíceos a Convertidor Teniente</name>
      <description>
<![CDATA[
<div style="font-family:Segoe UI,Arial,sans-serif;font-size:13px;">
  <h2 style="margin:0;color:#1e3a8a;">Adecuación Instalaciones para Inyección Fundentes Silíceos a Convertidor Teniente</h2>
  <table style="border-collapse:collapse;margin-top:6px;">
    <tr><td><b>Tipo presentación:</b></td><td>DIA</td></tr>
    <tr><td><b>Estado:</b></td><td>Aprobado</td></tr>
    <tr><td><b>Sector:</b></td><td>Minería</td></tr>
    <tr><td><b>Titular:</b></td><td>Codelco Chile División Salvador</td></tr>
    <tr><td><b>Inversión:</b></td><td>0.91 MMU$</td></tr>
    <tr><td><b>Región / Comuna:</b></td><td>Región de Atacama / Diego de Almagro</td></tr>
    <tr><td><b>Fecha ingreso:</b></td><td></td></tr>
    <tr><td><b>Fecha calificación:</b></td><td>2011-04-26</td></tr>
    <tr><td><b>Lat/Long:</b></td><td>-26.433002, -69.483298</td></tr>
    <tr><td><b>UTM 19S:</b></td><td>451811 E / 7076272 N</td></tr>
  </table>
</div>
]]>
</description>
      <Point>
        <coordinates>-69.483298,-26.433002,0</coordinates>
      </Point>
    </Placemark>

    <Placemark>
      <name>PROYECTO DEPÓSITO DE RELAVES LAS CRUCES Nº 2</name>
      <description>
<![CDATA[
<div style="font-family:Segoe UI,Arial,sans-serif;font-size:13px;">
  <h2 style="margin:0;color:#1e3a8a;">PROYECTO DEPÓSITO DE RELAVES LAS CRUCES Nº 2</h2>
  <table style="border-collapse:collapse;margin-top:6px;">
    <tr><td><b>Tipo presentación:</b></td><td>DIA</td></tr>
    <tr><td><b>Estado:</b></td><td>Aprobado</td></tr>
    <tr><td><b>Sector:</b></td><td>Minería</td></tr>
    <tr><td><b>Titular:</b></td><td>Sociedad Punta del Cobre S.A.</td></tr>
    <tr><td><b>Inversión:</b></td><td>6.0 MMU$</td></tr>
    <tr><td><b>Región / Comuna:</b></td><td>Región de Atacama / Copiapó</td></tr>
    <tr><td><b>Fecha ingreso:</b></td><td></td></tr>
    <tr><td><b>Fecha calificación:</b></td><td>2011-12-26</td></tr>
    <tr><td><b>Lat/Long:</b></td><td>-27.450466, -70.298096</td></tr>
    <tr><td><b>UTM 19S:</b></td><td>371720 E / 6963000 N</td></tr>
  </table>
</div>
]]>
</description>
      <Point>
        <coordinates>-70.298096,-27.450466,0</coordinates>
      </Point>
    </Placemark>

    <Placemark>
      <name>AMPLIACIÓN PLANTA SX-EW A 1000 TMF/MES PLANTA SALADO ENAMI</name>
      <description>
<![CDATA[
<div style="font-family:Segoe UI,Arial,sans-serif;font-size:13px;">
  <h2 style="margin:0;color:#1e3a8a;">AMPLIACIÓN PLANTA SX-EW A 1000 TMF/MES PLANTA SALADO ENAMI</h2>
  <table style="border-collapse:collapse;margin-top:6px;">
    <tr><td><b>Tipo presentación:</b></td><td>DIA</td></tr>
    <tr><td><b>Estado:</b></td><td>Aprobado</td></tr>
    <tr><td><b>Sector:</b></td><td>Minería</td></tr>
    <tr><td><b>Titular:</b></td><td>Empresa Nacional de Minería</td></tr>
    <tr><td><b>Inversión:</b></td><td>5.82834 MMU$</td></tr>
    <tr><td><b>Región / Comuna:</b></td><td>Región de Atacama / Chañaral</td></tr>
    <tr><td><b>Fecha ingreso:</b></td><td></td></tr>
    <tr><td><b>Fecha calificación:</b></td><td>2011-06-10</td></tr>
    <tr><td><b>Lat/Long:</b></td><td>-26.418996, -70.316997</td></tr>
    <tr><td><b>UTM 19S:</b></td><td>368662 E / 7077242 N</td></tr>
  </table>
</div>
]]>
</description>
      <Point>
        <coordinates>-70.316997,-26.418996,0</coordinates>
      </Point>
    </Placemark>

    <Placemark>
      <name>Proyecto de Prospección Minera Reconquista</name>
      <description>
<![CDATA[
<div style="font-family:Segoe UI,Arial,sans-serif;font-size:13px;">
  <h2 style="margin:0;color:#1e3a8a;">Proyecto de Prospección Minera Reconquista</h2>
  <table style="border-collapse:collapse;margin-top:6px;">
    <tr><td><b>Tipo presentación:</b></td><td>DIA</td></tr>
    <tr><td><b>Estado:</b></td><td>Aprobado</td></tr>
    <tr><td><b>Sector:</b></td><td>Minería</td></tr>
    <tr><td><b>Titular:</b></td><td>Minera MMX de Chile S.A.</td></tr>
    <tr><td><b>Inversión:</b></td><td>9.3 MMU$</td></tr>
    <tr><td><b>Región / Comuna:</b></td><td>Región de Atacama / Copiapó</td></tr>
    <tr><td><b>Fecha ingreso:</b></td><td></td></tr>
    <tr><td><b>Fecha calificación:</b></td><td>2011-04-13</td></tr>
    <tr><td><b>Lat/Long:</b></td><td>-27.268618, -70.41565</td></tr>
    <tr><td><b>UTM 19S:</b></td><td>359873 E / 6983019 N</td></tr>
  </table>
</div>
]]>
</description>
      <Point>
        <coordinates>-70.41565,-27.268618,0</coordinates>
      </Point>
    </Placemark>

    <Placemark>
      <name>Proyecto de Prospección Minera Sierra La Sal</name>
      <description>
<![CDATA[
<div style="font-family:Segoe UI,Arial,sans-serif;font-size:13px;">
  <h2 style="margin:0;color:#1e3a8a;">Proyecto de Prospección Minera Sierra La Sal</h2>
  <table style="border-collapse:collapse;margin-top:6px;">
    <tr><td><b>Tipo presentación:</b></td><td>DIA</td></tr>
    <tr><td><b>Estado:</b></td><td>Aprobado</td></tr>
    <tr><td><b>Sector:</b></td><td>Minería</td></tr>
    <tr><td><b>Titular:</b></td><td>Fortune Valley Resources Chile S.A.</td></tr>
    <tr><td><b>Inversión:</b></td><td>5.0 MMU$</td></tr>
    <tr><td><b>Región / Comuna:</b></td><td>Región de Atacama / Tierra Amarilla-Copiapó</td></tr>
    <tr><td><b>Fecha ingreso:</b></td><td></td></tr>
    <tr><td><b>Fecha calificación:</b></td><td>2011-02-28</td></tr>
    <tr><td><b>Lat/Long:</b></td><td>-27.433261, -69.069893</td></tr>
    <tr><td><b>UTM 19S:</b></td><td>493092 E / 6965574 N</td></tr>
  </table>
</div>
]]>
</description>
      <Point>
        <coordinates>-69.069893,-27.433261,0</coordinates>
      </Point>
    </Placemark>

    <Placemark>
      <name>Modificación Proyecto Minero Refugio Racionalización de la Operación Mina Planta</name>
      <description>
<![CDATA[
<div style="font-family:Segoe UI,Arial,sans-serif;font-size:13px;">
  <h2 style="margin:0;color:#1e3a8a;">Modificación Proyecto Minero Refugio Racionalización de la Operación Mina Planta</h2>
  <table style="border-collapse:collapse;margin-top:6px;">
    <tr><td><b>Tipo presentación:</b></td><td>DIA</td></tr>
    <tr><td><b>Estado:</b></td><td>Aprobado</td></tr>
    <tr><td><b>Sector:</b></td><td>Minería</td></tr>
    <tr><td><b>Titular:</b></td><td>Compañía Minera Maricunga</td></tr>
    <tr><td><b>Inversión:</b></td><td>285.0 MMU$</td></tr>
    <tr><td><b>Región / Comuna:</b></td><td>Región de Atacama / Tierra Amarilla</td></tr>
    <tr><td><b>Fecha ingreso:</b></td><td></td></tr>
    <tr><td><b>Fecha calificación:</b></td><td>2011-03-03</td></tr>
    <tr><td><b>Lat/Long:</b></td><td>-27.546456, -69.282924</td></tr>
    <tr><td><b>UTM 19S:</b></td><td>472067 E / 6953005 N</td></tr>
  </table>
</div>
]]>
</description>
      <Point>
        <coordinates>-69.282924,-27.546456,0</coordinates>
      </Point>
    </Placemark>

    <Placemark>
      <name>Ampliación de depósito de Ripios Lixiviados, Planta El Salado</name>
      <description>
<![CDATA[
<div style="font-family:Segoe UI,Arial,sans-serif;font-size:13px;">
  <h2 style="margin:0;color:#1e3a8a;">Ampliación de depósito de Ripios Lixiviados, Planta El Salado</h2>
  <table style="border-collapse:collapse;margin-top:6px;">
    <tr><td><b>Tipo presentación:</b></td><td>DIA</td></tr>
    <tr><td><b>Estado:</b></td><td>Aprobado</td></tr>
    <tr><td><b>Sector:</b></td><td>Minería</td></tr>
    <tr><td><b>Titular:</b></td><td>Empresa Nacional de Minería</td></tr>
    <tr><td><b>Inversión:</b></td><td>1.0 MMU$</td></tr>
    <tr><td><b>Región / Comuna:</b></td><td>Región de Atacama / Chañaral</td></tr>
    <tr><td><b>Fecha ingreso:</b></td><td></td></tr>
    <tr><td><b>Fecha calificación:</b></td><td>2011-07-13</td></tr>
    <tr><td><b>Lat/Long:</b></td><td>-26.411878, -70.321348</td></tr>
    <tr><td><b>UTM 19S:</b></td><td>368220 E / 7078026 N</td></tr>
  </table>
</div>
]]>
</description>
      <Point>
        <coordinates>-70.321348,-26.411878,0</coordinates>
      </Point>
    </Placemark>

    <Placemark>
      <name>Recuperación de Mineral de Hierro Contenido en Rechazos de la Planta de Beneficio Los Colorados</name>
      <description>
<![CDATA[
<div style="font-family:Segoe UI,Arial,sans-serif;font-size:13px;">
  <h2 style="margin:0;color:#1e3a8a;">Recuperación de Mineral de Hierro Contenido en Rechazos de la Planta de Beneficio Los Colorados</h2>
  <table style="border-collapse:collapse;margin-top:6px;">
    <tr><td><b>Tipo presentación:</b></td><td>DIA</td></tr>
    <tr><td><b>Estado:</b></td><td>Aprobado</td></tr>
    <tr><td><b>Sector:</b></td><td>Minería</td></tr>
    <tr><td><b>Titular:</b></td><td>Compañía Minera del Pacífico S.A.</td></tr>
    <tr><td><b>Inversión:</b></td><td>7.6 MMU$</td></tr>
    <tr><td><b>Región / Comuna:</b></td><td>Región de Atacama / Huasco</td></tr>
    <tr><td><b>Fecha ingreso:</b></td><td></td></tr>
    <tr><td><b>Fecha calificación:</b></td><td>2011-01-17</td></tr>
    <tr><td><b>Lat/Long:</b></td><td>-28.28785, -70.813142</td></tr>
    <tr><td><b>UTM 19S:</b></td><td>322187 E / 6869577 N</td></tr>
  </table>
</div>
]]>
</description>
      <Point>
        <coordinates>-70.813142,-28.28785,0</coordinates>
      </Point>
    </Placemark>

    <Placemark>
      <name>prospección Mina Carmen</name>
      <description>
<![CDATA[
<div style="font-family:Segoe UI,Arial,sans-serif;font-size:13px;">
  <h2 style="margin:0;color:#1e3a8a;">prospección Mina Carmen</h2>
  <table style="border-collapse:collapse;margin-top:6px;">
    <tr><td><b>Tipo presentación:</b></td><td>DIA</td></tr>
    <tr><td><b>Estado:</b></td><td>Aprobado</td></tr>
    <tr><td><b>Sector:</b></td><td>Minería</td></tr>
    <tr><td><b>Titular:</b></td><td>Compañía Minera Don Daniel</td></tr>
    <tr><td><b>Inversión:</b></td><td>5.0 MMU$</td></tr>
    <tr><td><b>Región / Comuna:</b></td><td>Región de Atacama / Diego de Almagro</td></tr>
    <tr><td><b>Fecha ingreso:</b></td><td></td></tr>
    <tr><td><b>Fecha calificación:</b></td><td>2010-11-10</td></tr>
    <tr><td><b>Lat/Long:</b></td><td>-26.345391, -70.14688</td></tr>
    <tr><td><b>UTM 19S:</b></td><td>385556 E / 7085557 N</td></tr>
  </table>
</div>
]]>
</description>
      <Point>
        <coordinates>-70.14688,-26.345391,0</coordinates>
      </Point>
    </Placemark>

    <Placemark>
      <name>Extracción y explotación de hierro mina Hermotita</name>
      <description>
<![CDATA[
<div style="font-family:Segoe UI,Arial,sans-serif;font-size:13px;">
  <h2 style="margin:0;color:#1e3a8a;">Extracción y explotación de hierro mina Hermotita</h2>
  <table style="border-collapse:collapse;margin-top:6px;">
    <tr><td><b>Tipo presentación:</b></td><td>DIA</td></tr>
    <tr><td><b>Estado:</b></td><td>Aprobado</td></tr>
    <tr><td><b>Sector:</b></td><td>Minería</td></tr>
    <tr><td><b>Titular:</b></td><td>MINERA MONTEGRANDE S.A.</td></tr>
    <tr><td><b>Inversión:</b></td><td>45.0 MMU$</td></tr>
    <tr><td><b>Región / Comuna:</b></td><td>Región de Atacama / Diego de Almagro</td></tr>
    <tr><td><b>Fecha ingreso:</b></td><td></td></tr>
    <tr><td><b>Fecha calificación:</b></td><td>2012-02-03</td></tr>
    <tr><td><b>Lat/Long:</b></td><td>-26.396784, -70.18083</td></tr>
    <tr><td><b>UTM 19S:</b></td><td>382220 E / 7079834 N</td></tr>
  </table>
</div>
]]>
</description>
      <Point>
        <coordinates>-70.18083,-26.396784,0</coordinates>
      </Point>
    </Placemark>

    <Placemark>
      <name>Explotación de Minerales Remanentes Rajo Turquesa</name>
      <description>
<![CDATA[
<div style="font-family:Segoe UI,Arial,sans-serif;font-size:13px;">
  <h2 style="margin:0;color:#1e3a8a;">Explotación de Minerales Remanentes Rajo Turquesa</h2>
  <table style="border-collapse:collapse;margin-top:6px;">
    <tr><td><b>Tipo presentación:</b></td><td>DIA</td></tr>
    <tr><td><b>Estado:</b></td><td>Aprobado</td></tr>
    <tr><td><b>Sector:</b></td><td>Minería</td></tr>
    <tr><td><b>Titular:</b></td><td>Codelco Chile División Salvador</td></tr>
    <tr><td><b>Inversión:</b></td><td>0.0 MMU$</td></tr>
    <tr><td><b>Región / Comuna:</b></td><td>Región de Atacama / Diego de Almagro</td></tr>
    <tr><td><b>Fecha ingreso:</b></td><td></td></tr>
    <tr><td><b>Fecha calificación:</b></td><td>2010-11-19</td></tr>
    <tr><td><b>Lat/Long:</b></td><td>-26.236842, -69.576418</td></tr>
    <tr><td><b>UTM 19S:</b></td><td>442429 E / 7097959 N</td></tr>
  </table>
</div>
]]>
</description>
      <Point>
        <coordinates>-69.576418,-26.236842,0</coordinates>
      </Point>
    </Placemark>

    <Placemark>
      <name>Prospección Geológica Mina Vieja</name>
      <description>
<![CDATA[
<div style="font-family:Segoe UI,Arial,sans-serif;font-size:13px;">
  <h2 style="margin:0;color:#1e3a8a;">Prospección Geológica Mina Vieja</h2>
  <table style="border-collapse:collapse;margin-top:6px;">
    <tr><td><b>Tipo presentación:</b></td><td>DIA</td></tr>
    <tr><td><b>Estado:</b></td><td>Aprobado</td></tr>
    <tr><td><b>Sector:</b></td><td>Minería</td></tr>
    <tr><td><b>Titular:</b></td><td>Codelco Chile División Salvador</td></tr>
    <tr><td><b>Inversión:</b></td><td>6.0 MMU$</td></tr>
    <tr><td><b>Región / Comuna:</b></td><td>Región de Atacama / Diego de Almagro</td></tr>
    <tr><td><b>Fecha ingreso:</b></td><td></td></tr>
    <tr><td><b>Fecha calificación:</b></td><td>2010-10-19</td></tr>
    <tr><td><b>Lat/Long:</b></td><td>-26.485789, -69.431624</td></tr>
    <tr><td><b>UTM 19S:</b></td><td>456983 E / 7070444 N</td></tr>
  </table>
</div>
]]>
</description>
      <Point>
        <coordinates>-69.431624,-26.485789,0</coordinates>
      </Point>
    </Placemark>

    <Placemark>
      <name>Aprovechamiento de Acopios de Minerales de Hierro Adrianitas-Raúl</name>
      <description>
<![CDATA[
<div style="font-family:Segoe UI,Arial,sans-serif;font-size:13px;">
  <h2 style="margin:0;color:#1e3a8a;">Aprovechamiento de Acopios de Minerales de Hierro Adrianitas-Raúl</h2>
  <table style="border-collapse:collapse;margin-top:6px;">
    <tr><td><b>Tipo presentación:</b></td><td>DIA</td></tr>
    <tr><td><b>Estado:</b></td><td>Aprobado</td></tr>
    <tr><td><b>Sector:</b></td><td>Minería</td></tr>
    <tr><td><b>Titular:</b></td><td>Compañía Minera del Pacífico S.A.</td></tr>
    <tr><td><b>Inversión:</b></td><td>8.5 MMU$</td></tr>
    <tr><td><b>Región / Comuna:</b></td><td>Región de Atacama / Copiapó</td></tr>
    <tr><td><b>Fecha ingreso:</b></td><td></td></tr>
    <tr><td><b>Fecha calificación:</b></td><td>2010-11-08</td></tr>
    <tr><td><b>Lat/Long:</b></td><td>-27.166251, -70.369708</td></tr>
    <tr><td><b>UTM 19S:</b></td><td>364297 E / 6994410 N</td></tr>
  </table>
</div>
]]>
</description>
      <Point>
        <coordinates>-70.369708,-27.166251,0</coordinates>
      </Point>
    </Placemark>

    <Placemark>
      <name>Concentración de Mineral de Hierro Global, Planta 2</name>
      <description>
<![CDATA[
<div style="font-family:Segoe UI,Arial,sans-serif;font-size:13px;">
  <h2 style="margin:0;color:#1e3a8a;">Concentración de Mineral de Hierro Global, Planta 2</h2>
  <table style="border-collapse:collapse;margin-top:6px;">
    <tr><td><b>Tipo presentación:</b></td><td>DIA</td></tr>
    <tr><td><b>Estado:</b></td><td>Aprobado</td></tr>
    <tr><td><b>Sector:</b></td><td>Minería</td></tr>
    <tr><td><b>Titular:</b></td><td>Arenas Mineralizadas de Chile Spa</td></tr>
    <tr><td><b>Inversión:</b></td><td>2.7 MMU$</td></tr>
    <tr><td><b>Región / Comuna:</b></td><td>Región de Atacama / Copiapó</td></tr>
    <tr><td><b>Fecha ingreso:</b></td><td></td></tr>
    <tr><td><b>Fecha calificación:</b></td><td>2011-01-17</td></tr>
    <tr><td><b>Lat/Long:</b></td><td>-27.483904, -70.434728</td></tr>
    <tr><td><b>UTM 19S:</b></td><td>358259 E / 6959147 N</td></tr>
  </table>
</div>
]]>
</description>
      <Point>
        <coordinates>-70.434728,-27.483904,0</coordinates>
      </Point>
    </Placemark>

    <Placemark>
      <name>Prospección Minera Lobo Marte Etapa II</name>
      <description>
<![CDATA[
<div style="font-family:Segoe UI,Arial,sans-serif;font-size:13px;">
  <h2 style="margin:0;color:#1e3a8a;">Prospección Minera Lobo Marte Etapa II</h2>
  <table style="border-collapse:collapse;margin-top:6px;">
    <tr><td><b>Tipo presentación:</b></td><td>DIA</td></tr>
    <tr><td><b>Estado:</b></td><td>Aprobado</td></tr>
    <tr><td><b>Sector:</b></td><td>Minería</td></tr>
    <tr><td><b>Titular:</b></td><td>Compañía Minera Maricunga</td></tr>
    <tr><td><b>Inversión:</b></td><td>15.0 MMU$</td></tr>
    <tr><td><b>Región / Comuna:</b></td><td>Región de Atacama / Copiapó</td></tr>
    <tr><td><b>Fecha ingreso:</b></td><td></td></tr>
    <tr><td><b>Fecha calificación:</b></td><td>2010-12-23</td></tr>
    <tr><td><b>Lat/Long:</b></td><td>-27.172368, -69.030334</td></tr>
    <tr><td><b>UTM 19S:</b></td><td>496995 E / 6994473 N</td></tr>
  </table>
</div>
]]>
</description>
      <Point>
        <coordinates>-69.030334,-27.172368,0</coordinates>
      </Point>
    </Placemark>

    <Placemark>
      <name>Ampliación Proyecto Procesamiento de Desmontes de Hierro Mina Carmen</name>
      <description>
<![CDATA[
<div style="font-family:Segoe UI,Arial,sans-serif;font-size:13px;">
  <h2 style="margin:0;color:#1e3a8a;">Ampliación Proyecto Procesamiento de Desmontes de Hierro Mina Carmen</h2>
  <table style="border-collapse:collapse;margin-top:6px;">
    <tr><td><b>Tipo presentación:</b></td><td>DIA</td></tr>
    <tr><td><b>Estado:</b></td><td>Aprobado</td></tr>
    <tr><td><b>Sector:</b></td><td>Minería</td></tr>
    <tr><td><b>Titular:</b></td><td>Compañía Minera Carmen</td></tr>
    <tr><td><b>Inversión:</b></td><td>10.0 MMU$</td></tr>
    <tr><td><b>Región / Comuna:</b></td><td>Región de Atacama / Caldera-Chañaral-Diego de Almagro</td></tr>
    <tr><td><b>Fecha ingreso:</b></td><td></td></tr>
    <tr><td><b>Fecha calificación:</b></td><td>2010-10-20</td></tr>
    <tr><td><b>Lat/Long:</b></td><td>-26.354959, -70.136719</td></tr>
    <tr><td><b>UTM 19S:</b></td><td>386579 E / 7084506 N</td></tr>
  </table>
</div>
]]>
</description>
      <Point>
        <coordinates>-70.136719,-26.354959,0</coordinates>
      </Point>
    </Placemark>

    <Placemark>
      <name>Aprovechamiento de Acopios de Minerales de Hierro Cerro Negro Norte</name>
      <description>
<![CDATA[
<div style="font-family:Segoe UI,Arial,sans-serif;font-size:13px;">
  <h2 style="margin:0;color:#1e3a8a;">Aprovechamiento de Acopios de Minerales de Hierro Cerro Negro Norte</h2>
  <table style="border-collapse:collapse;margin-top:6px;">
    <tr><td><b>Tipo presentación:</b></td><td>DIA</td></tr>
    <tr><td><b>Estado:</b></td><td>Aprobado</td></tr>
    <tr><td><b>Sector:</b></td><td>Minería</td></tr>
    <tr><td><b>Titular:</b></td><td>Compañía Minera del Pacífico S.A.</td></tr>
    <tr><td><b>Inversión:</b></td><td>8.5e-05 MMU$</td></tr>
    <tr><td><b>Región / Comuna:</b></td><td>Región de Atacama / Copiapó</td></tr>
    <tr><td><b>Fecha ingreso:</b></td><td></td></tr>
    <tr><td><b>Fecha calificación:</b></td><td>2010-11-11</td></tr>
    <tr><td><b>Lat/Long:</b></td><td>-27.104594, -70.351805</td></tr>
    <tr><td><b>UTM 19S:</b></td><td>365997 E / 7001260 N</td></tr>
  </table>
</div>
]]>
</description>
      <Point>
        <coordinates>-70.351805,-27.104594,0</coordinates>
      </Point>
    </Placemark>

    <Placemark>
      <name>Proyecto de Prospección Minera Fortuna</name>
      <description>
<![CDATA[
<div style="font-family:Segoe UI,Arial,sans-serif;font-size:13px;">
  <h2 style="margin:0;color:#1e3a8a;">Proyecto de Prospección Minera Fortuna</h2>
  <table style="border-collapse:collapse;margin-top:6px;">
    <tr><td><b>Tipo presentación:</b></td><td>DIA</td></tr>
    <tr><td><b>Estado:</b></td><td>Aprobado</td></tr>
    <tr><td><b>Sector:</b></td><td>Minería</td></tr>
    <tr><td><b>Titular:</b></td><td>Minera MMX de Chile S.A.</td></tr>
    <tr><td><b>Inversión:</b></td><td>11.22278 MMU$</td></tr>
    <tr><td><b>Región / Comuna:</b></td><td>Región de Atacama / Copiapó</td></tr>
    <tr><td><b>Fecha ingreso:</b></td><td></td></tr>
    <tr><td><b>Fecha calificación:</b></td><td>2010-09-14</td></tr>
    <tr><td><b>Lat/Long:</b></td><td>-27.262236, -70.409617</td></tr>
    <tr><td><b>UTM 19S:</b></td><td>360462 E / 6983733 N</td></tr>
  </table>
</div>
]]>
</description>
      <Point>
        <coordinates>-70.409617,-27.262236,0</coordinates>
      </Point>
    </Placemark>

    <Placemark>
      <name>Explotacion Veta Mina Esperanza</name>
      <description>
<![CDATA[
<div style="font-family:Segoe UI,Arial,sans-serif;font-size:13px;">
  <h2 style="margin:0;color:#1e3a8a;">Explotacion Veta Mina Esperanza</h2>
  <table style="border-collapse:collapse;margin-top:6px;">
    <tr><td><b>Tipo presentación:</b></td><td>DIA</td></tr>
    <tr><td><b>Estado:</b></td><td>Aprobado</td></tr>
    <tr><td><b>Sector:</b></td><td>Minería</td></tr>
    <tr><td><b>Titular:</b></td><td>Empresa Nacional de Minería</td></tr>
    <tr><td><b>Inversión:</b></td><td>4.74 MMU$</td></tr>
    <tr><td><b>Región / Comuna:</b></td><td>Región de Atacama / Diego de Almagro</td></tr>
    <tr><td><b>Fecha ingreso:</b></td><td></td></tr>
    <tr><td><b>Fecha calificación:</b></td><td>2010-09-07</td></tr>
    <tr><td><b>Lat/Long:</b></td><td>-26.324679, -70.151503</td></tr>
    <tr><td><b>UTM 19S:</b></td><td>385074 E / 7087847 N</td></tr>
  </table>
</div>
]]>
</description>
      <Point>
        <coordinates>-70.151503,-26.324679,0</coordinates>
      </Point>
    </Placemark>

    <Placemark>
      <name>Optimización Prospección Minera Lobo Marte (e-seia)</name>
      <description>
<![CDATA[
<div style="font-family:Segoe UI,Arial,sans-serif;font-size:13px;">
  <h2 style="margin:0;color:#1e3a8a;">Optimización Prospección Minera Lobo Marte (e-seia)</h2>
  <table style="border-collapse:collapse;margin-top:6px;">
    <tr><td><b>Tipo presentación:</b></td><td>DIA</td></tr>
    <tr><td><b>Estado:</b></td><td>Aprobado</td></tr>
    <tr><td><b>Sector:</b></td><td>Minería</td></tr>
    <tr><td><b>Titular:</b></td><td>Compañía Minera Maricunga</td></tr>
    <tr><td><b>Inversión:</b></td><td>3.5 MMU$</td></tr>
    <tr><td><b>Región / Comuna:</b></td><td>Región de Atacama / Copiapó</td></tr>
    <tr><td><b>Fecha ingreso:</b></td><td></td></tr>
    <tr><td><b>Fecha calificación:</b></td><td>2010-04-22</td></tr>
    <tr><td><b>Lat/Long:</b></td><td>-27.172367, -69.029284</td></tr>
    <tr><td><b>UTM 19S:</b></td><td>497099 E / 6994473 N</td></tr>
  </table>
</div>
]]>
</description>
      <Point>
        <coordinates>-69.029284,-27.172367,0</coordinates>
      </Point>
    </Placemark>

    <Placemark>
      <name>Procesamiento de Desmontes de Hierro Mina Carmen (e-seia)</name>
      <description>
<![CDATA[
<div style="font-family:Segoe UI,Arial,sans-serif;font-size:13px;">
  <h2 style="margin:0;color:#1e3a8a;">Procesamiento de Desmontes de Hierro Mina Carmen (e-seia)</h2>
  <table style="border-collapse:collapse;margin-top:6px;">
    <tr><td><b>Tipo presentación:</b></td><td>DIA</td></tr>
    <tr><td><b>Estado:</b></td><td>Aprobado</td></tr>
    <tr><td><b>Sector:</b></td><td>Minería</td></tr>
    <tr><td><b>Titular:</b></td><td>Minera Santa Fé</td></tr>
    <tr><td><b>Inversión:</b></td><td>5.0 MMU$</td></tr>
    <tr><td><b>Región / Comuna:</b></td><td>Región de Atacama / Caldera-Chañaral-Diego de Almagro</td></tr>
    <tr><td><b>Fecha ingreso:</b></td><td></td></tr>
    <tr><td><b>Fecha calificación:</b></td><td>2010-04-22</td></tr>
    <tr><td><b>Lat/Long:</b></td><td>-26.342311, -70.144815</td></tr>
    <tr><td><b>UTM 19S:</b></td><td>385759 E / 7085900 N</td></tr>
  </table>
</div>
]]>
</description>
      <Point>
        <coordinates>-70.144815,-26.342311,0</coordinates>
      </Point>
    </Placemark>

    <Placemark>
      <name>Proyecto de Prospeccion Minera Patricia (e-seia)</name>
      <description>
<![CDATA[
<div style="font-family:Segoe UI,Arial,sans-serif;font-size:13px;">
  <h2 style="margin:0;color:#1e3a8a;">Proyecto de Prospeccion Minera Patricia (e-seia)</h2>
  <table style="border-collapse:collapse;margin-top:6px;">
    <tr><td><b>Tipo presentación:</b></td><td>DIA</td></tr>
    <tr><td><b>Estado:</b></td><td>Aprobado</td></tr>
    <tr><td><b>Sector:</b></td><td>Minería</td></tr>
    <tr><td><b>Titular:</b></td><td>Minera MMX de Chile S.A.</td></tr>
    <tr><td><b>Inversión:</b></td><td>12.5 MMU$</td></tr>
    <tr><td><b>Región / Comuna:</b></td><td>Región de Atacama / Chañaral</td></tr>
    <tr><td><b>Fecha ingreso:</b></td><td></td></tr>
    <tr><td><b>Fecha calificación:</b></td><td>2010-04-29</td></tr>
    <tr><td><b>Lat/Long:</b></td><td>-26.853008, -70.154943</td></tr>
    <tr><td><b>UTM 19S:</b></td><td>385259 E / 7029323 N</td></tr>
  </table>
</div>
]]>
</description>
      <Point>
        <coordinates>-70.154943,-26.853008,0</coordinates>
      </Point>
    </Placemark>

    <Placemark>
      <name>Proyecto Explotación de Minerales Can-Can (e-seia)</name>
      <description>
<![CDATA[
<div style="font-family:Segoe UI,Arial,sans-serif;font-size:13px;">
  <h2 style="margin:0;color:#1e3a8a;">Proyecto Explotación de Minerales Can-Can (e-seia)</h2>
  <table style="border-collapse:collapse;margin-top:6px;">
    <tr><td><b>Tipo presentación:</b></td><td>DIA</td></tr>
    <tr><td><b>Estado:</b></td><td>Aprobado</td></tr>
    <tr><td><b>Sector:</b></td><td>Minería</td></tr>
    <tr><td><b>Titular:</b></td><td>Compañía Minera Mantos de Oro</td></tr>
    <tr><td><b>Inversión:</b></td><td>21.8 MMU$</td></tr>
    <tr><td><b>Región / Comuna:</b></td><td>Región de Atacama / Copiapó</td></tr>
    <tr><td><b>Fecha ingreso:</b></td><td></td></tr>
    <tr><td><b>Fecha calificación:</b></td><td>2010-05-18</td></tr>
    <tr><td><b>Lat/Long:</b></td><td>-26.799866, -69.272642</td></tr>
    <tr><td><b>UTM 19S:</b></td><td>472902 E / 7035702 N</td></tr>
  </table>
</div>
]]>
</description>
      <Point>
        <coordinates>-69.272642,-26.799866,0</coordinates>
      </Point>
    </Placemark>

    <Placemark>
      <name>PROSPECCIONES GEOLÓGICAS PARA DELIMITACIÓN DE RECURSOS REMANENTES, DIVISIÓN SALVADOR (e-seia)</name>
      <description>
<![CDATA[
<div style="font-family:Segoe UI,Arial,sans-serif;font-size:13px;">
  <h2 style="margin:0;color:#1e3a8a;">PROSPECCIONES GEOLÓGICAS PARA DELIMITACIÓN DE RECURSOS REMANENTES, DIVISIÓN SALVADOR (e-seia)</h2>
  <table style="border-collapse:collapse;margin-top:6px;">
    <tr><td><b>Tipo presentación:</b></td><td>DIA</td></tr>
    <tr><td><b>Estado:</b></td><td>Aprobado</td></tr>
    <tr><td><b>Sector:</b></td><td>Minería</td></tr>
    <tr><td><b>Titular:</b></td><td>Codelco Chile División Salvador</td></tr>
    <tr><td><b>Inversión:</b></td><td>13.0 MMU$</td></tr>
    <tr><td><b>Región / Comuna:</b></td><td>Región de Atacama / Diego de Almagro</td></tr>
    <tr><td><b>Fecha ingreso:</b></td><td></td></tr>
    <tr><td><b>Fecha calificación:</b></td><td>2010-01-13</td></tr>
    <tr><td><b>Lat/Long:</b></td><td>-26.269764, -69.566472</td></tr>
    <tr><td><b>UTM 19S:</b></td><td>443438 E / 7094317 N</td></tr>
  </table>
</div>
]]>
</description>
      <Point>
        <coordinates>-69.566472,-26.269764,0</coordinates>
      </Point>
    </Placemark>

    <Placemark>
      <name>Proyecto San Antonio (e-seia)</name>
      <description>
<![CDATA[
<div style="font-family:Segoe UI,Arial,sans-serif;font-size:13px;">
  <h2 style="margin:0;color:#1e3a8a;">Proyecto San Antonio (e-seia)</h2>
  <table style="border-collapse:collapse;margin-top:6px;">
    <tr><td><b>Tipo presentación:</b></td><td>DIA</td></tr>
    <tr><td><b>Estado:</b></td><td>Aprobado</td></tr>
    <tr><td><b>Sector:</b></td><td>Minería</td></tr>
    <tr><td><b>Titular:</b></td><td>Codelco Chile División Salvador</td></tr>
    <tr><td><b>Inversión:</b></td><td>282.5 MMU$</td></tr>
    <tr><td><b>Región / Comuna:</b></td><td>Región de Atacama / Diego de Almagro</td></tr>
    <tr><td><b>Fecha ingreso:</b></td><td></td></tr>
    <tr><td><b>Fecha calificación:</b></td><td>2011-09-29</td></tr>
    <tr><td><b>Lat/Long:</b></td><td>-26.482111, -69.430085</td></tr>
    <tr><td><b>UTM 19S:</b></td><td>457135 E / 7070852 N</td></tr>
  </table>
</div>
]]>
</description>
      <Point>
        <coordinates>-69.430085,-26.482111,0</coordinates>
      </Point>
    </Placemark>

    <Placemark>
      <name>PROYECTO EXTRACCIÓN DE ARIDOS QUEBRADA EL ALGARROBAL PARA EL MEJORAMIENTO RUTA 5 NORTE TRAMO VALLENAR - COPIAPÓ (e-seia)</name>
      <description>
<![CDATA[
<div style="font-family:Segoe UI,Arial,sans-serif;font-size:13px;">
  <h2 style="margin:0;color:#1e3a8a;">PROYECTO EXTRACCIÓN DE ARIDOS QUEBRADA EL ALGARROBAL PARA EL MEJORAMIENTO RUTA 5 NORTE TRAMO VALLENAR - COPIAPÓ (e-seia)</h2>
  <table style="border-collapse:collapse;margin-top:6px;">
    <tr><td><b>Tipo presentación:</b></td><td>DIA</td></tr>
    <tr><td><b>Estado:</b></td><td>Aprobado</td></tr>
    <tr><td><b>Sector:</b></td><td>Minería</td></tr>
    <tr><td><b>Titular:</b></td><td>Sacyr Chile S.A.</td></tr>
    <tr><td><b>Inversión:</b></td><td>0.111 MMU$</td></tr>
    <tr><td><b>Región / Comuna:</b></td><td>Región de Atacama / Vallenar</td></tr>
    <tr><td><b>Fecha ingreso:</b></td><td></td></tr>
    <tr><td><b>Fecha calificación:</b></td><td>2009-10-20</td></tr>
    <tr><td><b>Lat/Long:</b></td><td>-28.123853, -70.660813</td></tr>
    <tr><td><b>UTM 19S:</b></td><td>336879 E / 6887963 N</td></tr>
  </table>
</div>
]]>
</description>
      <Point>
        <coordinates>-70.660813,-28.123853,0</coordinates>
      </Point>
    </Placemark>

    <Placemark>
      <name>Modificación Proyecto Procesamiento de Desmontes de Mineral de Cerro Imán (e-seia)</name>
      <description>
<![CDATA[
<div style="font-family:Segoe UI,Arial,sans-serif;font-size:13px;">
  <h2 style="margin:0;color:#1e3a8a;">Modificación Proyecto Procesamiento de Desmontes de Mineral de Cerro Imán (e-seia)</h2>
  <table style="border-collapse:collapse;margin-top:6px;">
    <tr><td><b>Tipo presentación:</b></td><td>DIA</td></tr>
    <tr><td><b>Estado:</b></td><td>Aprobado</td></tr>
    <tr><td><b>Sector:</b></td><td>Minería</td></tr>
    <tr><td><b>Titular:</b></td><td>Minera Santa Fé</td></tr>
    <tr><td><b>Inversión:</b></td><td>0.0 MMU$</td></tr>
    <tr><td><b>Región / Comuna:</b></td><td>Región de Atacama / Caldera-Copiapó</td></tr>
    <tr><td><b>Fecha ingreso:</b></td><td></td></tr>
    <tr><td><b>Fecha calificación:</b></td><td>2009-11-23</td></tr>
    <tr><td><b>Lat/Long:</b></td><td>-27.267018, -70.412326</td></tr>
    <tr><td><b>UTM 19S:</b></td><td>360200 E / 6983200 N</td></tr>
  </table>
</div>
]]>
</description>
      <Point>
        <coordinates>-70.412326,-27.267018,0</coordinates>
      </Point>
    </Placemark>

    <Placemark>
      <name>Optimización Proceso Productivo Proyecto Refugio (e-seia)</name>
      <description>
<![CDATA[
<div style="font-family:Segoe UI,Arial,sans-serif;font-size:13px;">
  <h2 style="margin:0;color:#1e3a8a;">Optimización Proceso Productivo Proyecto Refugio (e-seia)</h2>
  <table style="border-collapse:collapse;margin-top:6px;">
    <tr><td><b>Tipo presentación:</b></td><td>DIA</td></tr>
    <tr><td><b>Estado:</b></td><td>Aprobado</td></tr>
    <tr><td><b>Sector:</b></td><td>Minería</td></tr>
    <tr><td><b>Titular:</b></td><td>Compañía Minera Maricunga</td></tr>
    <tr><td><b>Inversión:</b></td><td>37.5 MMU$</td></tr>
    <tr><td><b>Región / Comuna:</b></td><td>Región de Atacama / Tierra Amarilla</td></tr>
    <tr><td><b>Fecha ingreso:</b></td><td></td></tr>
    <tr><td><b>Fecha calificación:</b></td><td>2009-11-10</td></tr>
    <tr><td><b>Lat/Long:</b></td><td>-27.567427, -69.276338</td></tr>
    <tr><td><b>UTM 19S:</b></td><td>472722 E / 6950684 N</td></tr>
  </table>
</div>
]]>
</description>
      <Point>
        <coordinates>-69.276338,-27.567427,0</coordinates>
      </Point>
    </Placemark>

    <Placemark>
      <name>Almacenamiento de Azufre Planta Dos Amigos (e-seia)</name>
      <description>
<![CDATA[
<div style="font-family:Segoe UI,Arial,sans-serif;font-size:13px;">
  <h2 style="margin:0;color:#1e3a8a;">Almacenamiento de Azufre Planta Dos Amigos (e-seia)</h2>
  <table style="border-collapse:collapse;margin-top:6px;">
    <tr><td><b>Tipo presentación:</b></td><td>DIA</td></tr>
    <tr><td><b>Estado:</b></td><td>Aprobado</td></tr>
    <tr><td><b>Sector:</b></td><td>Minería</td></tr>
    <tr><td><b>Titular:</b></td><td>Compañía Explotadora de Minas SPA</td></tr>
    <tr><td><b>Inversión:</b></td><td>0.25 MMU$</td></tr>
    <tr><td><b>Región / Comuna:</b></td><td>Región de Atacama / Vallenar</td></tr>
    <tr><td><b>Fecha ingreso:</b></td><td></td></tr>
    <tr><td><b>Fecha calificación:</b></td><td>2009-10-28</td></tr>
    <tr><td><b>Lat/Long:</b></td><td>-28.982502, -70.887499</td></tr>
    <tr><td><b>UTM 19S:</b></td><td>316109 E / 6792485 N</td></tr>
  </table>
</div>
]]>
</description>
      <Point>
        <coordinates>-70.887499,-28.982502,0</coordinates>
      </Point>
    </Placemark>

    <Placemark>
      <name>Prospección Minera Cerro Matta (e-seia)</name>
      <description>
<![CDATA[
<div style="font-family:Segoe UI,Arial,sans-serif;font-size:13px;">
  <h2 style="margin:0;color:#1e3a8a;">Prospección Minera Cerro Matta (e-seia)</h2>
  <table style="border-collapse:collapse;margin-top:6px;">
    <tr><td><b>Tipo presentación:</b></td><td>DIA</td></tr>
    <tr><td><b>Estado:</b></td><td>Aprobado</td></tr>
    <tr><td><b>Sector:</b></td><td>Minería</td></tr>
    <tr><td><b>Titular:</b></td><td>Antofagasta Minerals S.A.</td></tr>
    <tr><td><b>Inversión:</b></td><td>7.0 MMU$</td></tr>
    <tr><td><b>Región / Comuna:</b></td><td>Región de Atacama / Tierra Amarilla</td></tr>
    <tr><td><b>Fecha ingreso:</b></td><td></td></tr>
    <tr><td><b>Fecha calificación:</b></td><td>2009-12-24</td></tr>
    <tr><td><b>Lat/Long:</b></td><td>-27.522033, -69.452693</td></tr>
    <tr><td><b>UTM 19S:</b></td><td>455295 E / 6955661 N</td></tr>
  </table>
</div>
]]>
</description>
      <Point>
        <coordinates>-69.452693,-27.522033,0</coordinates>
      </Point>
    </Placemark>

    <Placemark>
      <name>Planta Falda Verde (e-seia)</name>
      <description>
<![CDATA[
<div style="font-family:Segoe UI,Arial,sans-serif;font-size:13px;">
  <h2 style="margin:0;color:#1e3a8a;">Planta Falda Verde (e-seia)</h2>
  <table style="border-collapse:collapse;margin-top:6px;">
    <tr><td><b>Tipo presentación:</b></td><td>DIA</td></tr>
    <tr><td><b>Estado:</b></td><td>Aprobado</td></tr>
    <tr><td><b>Sector:</b></td><td>Minería</td></tr>
    <tr><td><b>Titular:</b></td><td>Compañia Minera Falda Verde</td></tr>
    <tr><td><b>Inversión:</b></td><td>4.0 MMU$</td></tr>
    <tr><td><b>Región / Comuna:</b></td><td>Región de Atacama / Chañaral</td></tr>
    <tr><td><b>Fecha ingreso:</b></td><td></td></tr>
    <tr><td><b>Fecha calificación:</b></td><td>2010-03-09</td></tr>
    <tr><td><b>Lat/Long:</b></td><td>-26.318387, -70.608005</td></tr>
    <tr><td><b>UTM 19S:</b></td><td>339498 E / 7088057 N</td></tr>
  </table>
</div>
]]>
</description>
      <Point>
        <coordinates>-70.608005,-26.318387,0</coordinates>
      </Point>
    </Placemark>

    <Placemark>
      <name>Declaración de Impacto Ambiental Prospección Inca de Oro (e-seia)</name>
      <description>
<![CDATA[
<div style="font-family:Segoe UI,Arial,sans-serif;font-size:13px;">
  <h2 style="margin:0;color:#1e3a8a;">Declaración de Impacto Ambiental Prospección Inca de Oro (e-seia)</h2>
  <table style="border-collapse:collapse;margin-top:6px;">
    <tr><td><b>Tipo presentación:</b></td><td>DIA</td></tr>
    <tr><td><b>Estado:</b></td><td>Aprobado</td></tr>
    <tr><td><b>Sector:</b></td><td>Minería</td></tr>
    <tr><td><b>Titular:</b></td><td>CODELCO CHILE</td></tr>
    <tr><td><b>Inversión:</b></td><td>2.3 MMU$</td></tr>
    <tr><td><b>Región / Comuna:</b></td><td>Región de Atacama / Diego de Almagro</td></tr>
    <tr><td><b>Fecha ingreso:</b></td><td></td></tr>
    <tr><td><b>Fecha calificación:</b></td><td>2009-08-03</td></tr>
    <tr><td><b>Lat/Long:</b></td><td>-26.758922, -69.901189</td></tr>
    <tr><td><b>UTM 19S:</b></td><td>410396 E / 7039949 N</td></tr>
  </table>
</div>
]]>
</description>
      <Point>
        <coordinates>-69.901189,-26.758922,0</coordinates>
      </Point>
    </Placemark>

    <Placemark>
      <name>Proyecto Cal Chile (e-seia)</name>
      <description>
<![CDATA[
<div style="font-family:Segoe UI,Arial,sans-serif;font-size:13px;">
  <h2 style="margin:0;color:#1e3a8a;">Proyecto Cal Chile (e-seia)</h2>
  <table style="border-collapse:collapse;margin-top:6px;">
    <tr><td><b>Tipo presentación:</b></td><td>DIA</td></tr>
    <tr><td><b>Estado:</b></td><td>Aprobado</td></tr>
    <tr><td><b>Sector:</b></td><td>Minería</td></tr>
    <tr><td><b>Titular:</b></td><td>Sociedad Contractual Minera B&T</td></tr>
    <tr><td><b>Inversión:</b></td><td>15.0 MMU$</td></tr>
    <tr><td><b>Región / Comuna:</b></td><td>Región de Atacama / Caldera-Copiapó</td></tr>
    <tr><td><b>Fecha ingreso:</b></td><td></td></tr>
    <tr><td><b>Fecha calificación:</b></td><td>2009-12-30</td></tr>
    <tr><td><b>Lat/Long:</b></td><td>-27.70789, -70.955938</td></tr>
    <tr><td><b>UTM 19S:</b></td><td>307150 E / 6933625 N</td></tr>
  </table>
</div>
]]>
</description>
      <Point>
        <coordinates>-70.955938,-27.70789,0</coordinates>
      </Point>
    </Placemark>

    <Placemark>
      <name>Prospección Minera Lobo Marte (e-seia)</name>
      <description>
<![CDATA[
<div style="font-family:Segoe UI,Arial,sans-serif;font-size:13px;">
  <h2 style="margin:0;color:#1e3a8a;">Prospección Minera Lobo Marte (e-seia)</h2>
  <table style="border-collapse:collapse;margin-top:6px;">
    <tr><td><b>Tipo presentación:</b></td><td>DIA</td></tr>
    <tr><td><b>Estado:</b></td><td>Aprobado</td></tr>
    <tr><td><b>Sector:</b></td><td>Minería</td></tr>
    <tr><td><b>Titular:</b></td><td>Compañía Minera Maricunga</td></tr>
    <tr><td><b>Inversión:</b></td><td>3.0 MMU$</td></tr>
    <tr><td><b>Región / Comuna:</b></td><td>Región de Atacama / Copiapó</td></tr>
    <tr><td><b>Fecha ingreso:</b></td><td></td></tr>
    <tr><td><b>Fecha calificación:</b></td><td>2009-07-02</td></tr>
    <tr><td><b>Lat/Long:</b></td><td>-27.175192, -69.028819</td></tr>
    <tr><td><b>UTM 19S:</b></td><td>497145 E / 6994160 N</td></tr>
  </table>
</div>
]]>
</description>
      <Point>
        <coordinates>-69.028819,-27.175192,0</coordinates>
      </Point>
    </Placemark>

    <Placemark>
      <name>Proyecto Magnetita (e-seia)</name>
      <description>
<![CDATA[
<div style="font-family:Segoe UI,Arial,sans-serif;font-size:13px;">
  <h2 style="margin:0;color:#1e3a8a;">Proyecto Magnetita (e-seia)</h2>
  <table style="border-collapse:collapse;margin-top:6px;">
    <tr><td><b>Tipo presentación:</b></td><td>DIA</td></tr>
    <tr><td><b>Estado:</b></td><td>Aprobado</td></tr>
    <tr><td><b>Sector:</b></td><td>Minería</td></tr>
    <tr><td><b>Titular:</b></td><td>Compañía Exploradora y Explotadora Minera Chilena Rumana COEMIN S.A.</td></tr>
    <tr><td><b>Inversión:</b></td><td>3.7 MMU$</td></tr>
    <tr><td><b>Región / Comuna:</b></td><td>Región de Atacama / Tierra Amarilla</td></tr>
    <tr><td><b>Fecha ingreso:</b></td><td></td></tr>
    <tr><td><b>Fecha calificación:</b></td><td>2010-04-29</td></tr>
    <tr><td><b>Lat/Long:</b></td><td>-27.573043, -70.249055</td></tr>
    <tr><td><b>UTM 19S:</b></td><td>376703 E / 6949470 N</td></tr>
  </table>
</div>
]]>
</description>
      <Point>
        <coordinates>-70.249055,-27.573043,0</coordinates>
      </Point>
    </Placemark>

    <Placemark>
      <name>Recuperación de Mineral de Hierro desde Rodados Almireces (e-seia)</name>
      <description>
<![CDATA[
<div style="font-family:Segoe UI,Arial,sans-serif;font-size:13px;">
  <h2 style="margin:0;color:#1e3a8a;">Recuperación de Mineral de Hierro desde Rodados Almireces (e-seia)</h2>
  <table style="border-collapse:collapse;margin-top:6px;">
    <tr><td><b>Tipo presentación:</b></td><td>DIA</td></tr>
    <tr><td><b>Estado:</b></td><td>Aprobado</td></tr>
    <tr><td><b>Sector:</b></td><td>Minería</td></tr>
    <tr><td><b>Titular:</b></td><td>Compañía Minera del Pacífico S.A.</td></tr>
    <tr><td><b>Inversión:</b></td><td>1.2 MMU$</td></tr>
    <tr><td><b>Región / Comuna:</b></td><td>Región de Atacama / Freirina</td></tr>
    <tr><td><b>Fecha ingreso:</b></td><td></td></tr>
    <tr><td><b>Fecha calificación:</b></td><td>2009-08-03</td></tr>
    <tr><td><b>Lat/Long:</b></td><td>-29.072041, -71.030185</td></tr>
    <tr><td><b>UTM 19S:</b></td><td>302375 E / 6782331 N</td></tr>
  </table>
</div>
]]>
</description>
      <Point>
        <coordinates>-71.030185,-29.072041,0</coordinates>
      </Point>
    </Placemark>

    <Placemark>
      <name>Explotación de Minerales Oxidados Rajos Celso, Kuroki y Franko (e-seia)</name>
      <description>
<![CDATA[
<div style="font-family:Segoe UI,Arial,sans-serif;font-size:13px;">
  <h2 style="margin:0;color:#1e3a8a;">Explotación de Minerales Oxidados Rajos Celso, Kuroki y Franko (e-seia)</h2>
  <table style="border-collapse:collapse;margin-top:6px;">
    <tr><td><b>Tipo presentación:</b></td><td>DIA</td></tr>
    <tr><td><b>Estado:</b></td><td>Aprobado</td></tr>
    <tr><td><b>Sector:</b></td><td>Minería</td></tr>
    <tr><td><b>Titular:</b></td><td>MANTOVERDE S.A.</td></tr>
    <tr><td><b>Inversión:</b></td><td>0.7 MMU$</td></tr>
    <tr><td><b>Región / Comuna:</b></td><td>Región de Atacama / Chañaral</td></tr>
    <tr><td><b>Fecha ingreso:</b></td><td></td></tr>
    <tr><td><b>Fecha calificación:</b></td><td>2009-08-03</td></tr>
    <tr><td><b>Lat/Long:</b></td><td>-26.522651, -70.307528</td></tr>
    <tr><td><b>UTM 19S:</b></td><td>369723 E / 7065770 N</td></tr>
  </table>
</div>
]]>
</description>
      <Point>
        <coordinates>-70.307528,-26.522651,0</coordinates>
      </Point>
    </Placemark>

    <Placemark>
      <name>Prospección Minera Cerro Casale (e-seia)</name>
      <description>
<![CDATA[
<div style="font-family:Segoe UI,Arial,sans-serif;font-size:13px;">
  <h2 style="margin:0;color:#1e3a8a;">Prospección Minera Cerro Casale (e-seia)</h2>
  <table style="border-collapse:collapse;margin-top:6px;">
    <tr><td><b>Tipo presentación:</b></td><td>DIA</td></tr>
    <tr><td><b>Estado:</b></td><td>Aprobado</td></tr>
    <tr><td><b>Sector:</b></td><td>Minería</td></tr>
    <tr><td><b>Titular:</b></td><td>Norte Abierto SpA</td></tr>
    <tr><td><b>Inversión:</b></td><td>9.2 MMU$</td></tr>
    <tr><td><b>Región / Comuna:</b></td><td>Región de Atacama / Tierra Amarilla</td></tr>
    <tr><td><b>Fecha ingreso:</b></td><td></td></tr>
    <tr><td><b>Fecha calificación:</b></td><td>2009-04-29</td></tr>
    <tr><td><b>Lat/Long:</b></td><td>-27.784261, -69.298768</td></tr>
    <tr><td><b>UTM 19S:</b></td><td>470566 E / 6926660 N</td></tr>
  </table>
</div>
]]>
</description>
      <Point>
        <coordinates>-69.298768,-27.784261,0</coordinates>
      </Point>
    </Placemark>

    <Placemark>
      <name>Mina de Caliza Potrerillo (e-seia)</name>
      <description>
<![CDATA[
<div style="font-family:Segoe UI,Arial,sans-serif;font-size:13px;">
  <h2 style="margin:0;color:#1e3a8a;">Mina de Caliza Potrerillo (e-seia)</h2>
  <table style="border-collapse:collapse;margin-top:6px;">
    <tr><td><b>Tipo presentación:</b></td><td>DIA</td></tr>
    <tr><td><b>Estado:</b></td><td>Aprobado</td></tr>
    <tr><td><b>Sector:</b></td><td>Minería</td></tr>
    <tr><td><b>Titular:</b></td><td>Compañia Minera Nevada SpA</td></tr>
    <tr><td><b>Inversión:</b></td><td>200.0 MMU$</td></tr>
    <tr><td><b>Región / Comuna:</b></td><td>Región de Atacama / Alto del Carmen</td></tr>
    <tr><td><b>Fecha ingreso:</b></td><td></td></tr>
    <tr><td><b>Fecha calificación:</b></td><td>2009-05-12</td></tr>
    <tr><td><b>Lat/Long:</b></td><td>-29.47774, -70.114532</td></tr>
    <tr><td><b>UTM 19S:</b></td><td>391944 E / 6738566 N</td></tr>
  </table>
</div>
]]>
</description>
      <Point>
        <coordinates>-70.114532,-29.47774,0</coordinates>
      </Point>
    </Placemark>

    <Placemark>
      <name>Tercer Túnel de Prospección Proyecto Caserones (e-seia)</name>
      <description>
<![CDATA[
<div style="font-family:Segoe UI,Arial,sans-serif;font-size:13px;">
  <h2 style="margin:0;color:#1e3a8a;">Tercer Túnel de Prospección Proyecto Caserones (e-seia)</h2>
  <table style="border-collapse:collapse;margin-top:6px;">
    <tr><td><b>Tipo presentación:</b></td><td>DIA</td></tr>
    <tr><td><b>Estado:</b></td><td>Aprobado</td></tr>
    <tr><td><b>Sector:</b></td><td>Minería</td></tr>
    <tr><td><b>Titular:</b></td><td>SCM MINERA LUMINA COPPER CHILE</td></tr>
    <tr><td><b>Inversión:</b></td><td>1.7 MMU$</td></tr>
    <tr><td><b>Región / Comuna:</b></td><td>Región de Atacama / Tierra Amarilla</td></tr>
    <tr><td><b>Fecha ingreso:</b></td><td></td></tr>
    <tr><td><b>Fecha calificación:</b></td><td>2008-12-31</td></tr>
    <tr><td><b>Lat/Long:</b></td><td>-28.185747, -69.560831</td></tr>
    <tr><td><b>UTM 19S:</b></td><td>444952 E / 6882094 N</td></tr>
  </table>
</div>
]]>
</description>
      <Point>
        <coordinates>-69.560831,-28.185747,0</coordinates>
      </Point>
    </Placemark>

    <Placemark>
      <name>Procesamiento de Desmontes de Hierro Mina Adrianita (e-seia)</name>
      <description>
<![CDATA[
<div style="font-family:Segoe UI,Arial,sans-serif;font-size:13px;">
  <h2 style="margin:0;color:#1e3a8a;">Procesamiento de Desmontes de Hierro Mina Adrianita (e-seia)</h2>
  <table style="border-collapse:collapse;margin-top:6px;">
    <tr><td><b>Tipo presentación:</b></td><td>DIA</td></tr>
    <tr><td><b>Estado:</b></td><td>Aprobado</td></tr>
    <tr><td><b>Sector:</b></td><td>Minería</td></tr>
    <tr><td><b>Titular:</b></td><td>Minera Santa Fé</td></tr>
    <tr><td><b>Inversión:</b></td><td>5.0 MMU$</td></tr>
    <tr><td><b>Región / Comuna:</b></td><td>Región de Atacama / Copiapó</td></tr>
    <tr><td><b>Fecha ingreso:</b></td><td></td></tr>
    <tr><td><b>Fecha calificación:</b></td><td>2009-03-19</td></tr>
    <tr><td><b>Lat/Long:</b></td><td>-27.170285, -70.381838</td></tr>
    <tr><td><b>UTM 19S:</b></td><td>363100 E / 6993950 N</td></tr>
  </table>
</div>
]]>
</description>
      <Point>
        <coordinates>-70.381838,-27.170285,0</coordinates>
      </Point>
    </Placemark>

    <Placemark>
      <name>Proyecto de Prospección Minera Vicuña, Sector Cerro Blanco, III Región (e-seia)</name>
      <description>
<![CDATA[
<div style="font-family:Segoe UI,Arial,sans-serif;font-size:13px;">
  <h2 style="margin:0;color:#1e3a8a;">Proyecto de Prospección Minera Vicuña, Sector Cerro Blanco, III Región (e-seia)</h2>
  <table style="border-collapse:collapse;margin-top:6px;">
    <tr><td><b>Tipo presentación:</b></td><td>DIA</td></tr>
    <tr><td><b>Estado:</b></td><td>Aprobado</td></tr>
    <tr><td><b>Sector:</b></td><td>Minería</td></tr>
    <tr><td><b>Titular:</b></td><td>Minera Frontera del Oro SpA</td></tr>
    <tr><td><b>Inversión:</b></td><td>2.7435 MMU$</td></tr>
    <tr><td><b>Región / Comuna:</b></td><td>Región de Atacama / Tierra Amarilla</td></tr>
    <tr><td><b>Fecha ingreso:</b></td><td></td></tr>
    <tr><td><b>Fecha calificación:</b></td><td>2009-02-17</td></tr>
    <tr><td><b>Lat/Long:</b></td><td>-28.332276, -69.561007</td></tr>
    <tr><td><b>UTM 19S:</b></td><td>445010 E / 6865861 N</td></tr>
  </table>
</div>
]]>
</description>
      <Point>
        <coordinates>-69.561007,-28.332276,0</coordinates>
      </Point>
    </Placemark>

    <Placemark>
      <name>Ampliación Caspiche Central (e-seia)</name>
      <description>
<![CDATA[
<div style="font-family:Segoe UI,Arial,sans-serif;font-size:13px;">
  <h2 style="margin:0;color:#1e3a8a;">Ampliación Caspiche Central (e-seia)</h2>
  <table style="border-collapse:collapse;margin-top:6px;">
    <tr><td><b>Tipo presentación:</b></td><td>DIA</td></tr>
    <tr><td><b>Estado:</b></td><td>Aprobado</td></tr>
    <tr><td><b>Sector:</b></td><td>Minería</td></tr>
    <tr><td><b>Titular:</b></td><td>Sociedad Contractual Minera Eton Chile</td></tr>
    <tr><td><b>Inversión:</b></td><td>30.0 MMU$</td></tr>
    <tr><td><b>Región / Comuna:</b></td><td>Región de Atacama / Tierra Amarilla</td></tr>
    <tr><td><b>Fecha ingreso:</b></td><td></td></tr>
    <tr><td><b>Fecha calificación:</b></td><td>2009-03-19</td></tr>
    <tr><td><b>Lat/Long:</b></td><td>-27.67802, -69.331366</td></tr>
    <tr><td><b>UTM 19S:</b></td><td>467323 E / 6938420 N</td></tr>
  </table>
</div>
]]>
</description>
      <Point>
        <coordinates>-69.331366,-27.67802,0</coordinates>
      </Point>
    </Placemark>

    <Placemark>
      <name>Sondajes de Prospección Proyecto Volcán (e-seia)</name>
      <description>
<![CDATA[
<div style="font-family:Segoe UI,Arial,sans-serif;font-size:13px;">
  <h2 style="margin:0;color:#1e3a8a;">Sondajes de Prospección Proyecto Volcán (e-seia)</h2>
  <table style="border-collapse:collapse;margin-top:6px;">
    <tr><td><b>Tipo presentación:</b></td><td>DIA</td></tr>
    <tr><td><b>Estado:</b></td><td>Aprobado</td></tr>
    <tr><td><b>Sector:</b></td><td>Minería</td></tr>
    <tr><td><b>Titular:</b></td><td>Andina Minerals Chile Ltda.</td></tr>
    <tr><td><b>Inversión:</b></td><td>14.0 MMU$</td></tr>
    <tr><td><b>Región / Comuna:</b></td><td>Región de Atacama / Tierra Amarilla</td></tr>
    <tr><td><b>Fecha ingreso:</b></td><td></td></tr>
    <tr><td><b>Fecha calificación:</b></td><td>2008-12-31</td></tr>
    <tr><td><b>Lat/Long:</b></td><td>-27.266724, -69.173829</td></tr>
    <tr><td><b>UTM 19S:</b></td><td>482794 E / 6984010 N</td></tr>
  </table>
</div>
]]>
</description>
      <Point>
        <coordinates>-69.173829,-27.266724,0</coordinates>
      </Point>
    </Placemark>

    <Placemark>
      <name>Expansión Mina Subterránea Doña Agi (e-seia)</name>
      <description>
<![CDATA[
<div style="font-family:Segoe UI,Arial,sans-serif;font-size:13px;">
  <h2 style="margin:0;color:#1e3a8a;">Expansión Mina Subterránea Doña Agi (e-seia)</h2>
  <table style="border-collapse:collapse;margin-top:6px;">
    <tr><td><b>Tipo presentación:</b></td><td>DIA</td></tr>
    <tr><td><b>Estado:</b></td><td>Aprobado</td></tr>
    <tr><td><b>Sector:</b></td><td>Minería</td></tr>
    <tr><td><b>Titular:</b></td><td>Sociedad Punta del Cobre S.A.</td></tr>
    <tr><td><b>Inversión:</b></td><td>6.8 MMU$</td></tr>
    <tr><td><b>Región / Comuna:</b></td><td>Región de Atacama / Tierra Amarilla</td></tr>
    <tr><td><b>Fecha ingreso:</b></td><td></td></tr>
    <tr><td><b>Fecha calificación:</b></td><td>2008-12-03</td></tr>
    <tr><td><b>Lat/Long:</b></td><td>-27.453116, -70.260152</td></tr>
    <tr><td><b>UTM 19S:</b></td><td>375473 E / 6962745 N</td></tr>
  </table>
</div>
]]>
</description>
      <Point>
        <coordinates>-70.260152,-27.453116,0</coordinates>
      </Point>
    </Placemark>

    <Placemark>
      <name>Ampliación III Dos Amigos (e-seia)</name>
      <description>
<![CDATA[
<div style="font-family:Segoe UI,Arial,sans-serif;font-size:13px;">
  <h2 style="margin:0;color:#1e3a8a;">Ampliación III Dos Amigos (e-seia)</h2>
  <table style="border-collapse:collapse;margin-top:6px;">
    <tr><td><b>Tipo presentación:</b></td><td>DIA</td></tr>
    <tr><td><b>Estado:</b></td><td>Aprobado</td></tr>
    <tr><td><b>Sector:</b></td><td>Minería</td></tr>
    <tr><td><b>Titular:</b></td><td>Compañía Explotadora de Minas SPA</td></tr>
    <tr><td><b>Inversión:</b></td><td>12.0 MMU$</td></tr>
    <tr><td><b>Región / Comuna:</b></td><td>Región de Atacama / Vallenar</td></tr>
    <tr><td><b>Fecha ingreso:</b></td><td></td></tr>
    <tr><td><b>Fecha calificación:</b></td><td>2009-02-11</td></tr>
    <tr><td><b>Lat/Long:</b></td><td>-28.984481, -70.886037</td></tr>
    <tr><td><b>UTM 19S:</b></td><td>316255 E / 6792268 N</td></tr>
  </table>
</div>
]]>
</description>
      <Point>
        <coordinates>-70.886037,-28.984481,0</coordinates>
      </Point>
    </Placemark>

    <Placemark>
      <name>Proyecto Trinidad (e-seia)</name>
      <description>
<![CDATA[
<div style="font-family:Segoe UI,Arial,sans-serif;font-size:13px;">
  <h2 style="margin:0;color:#1e3a8a;">Proyecto Trinidad (e-seia)</h2>
  <table style="border-collapse:collapse;margin-top:6px;">
    <tr><td><b>Tipo presentación:</b></td><td>DIA</td></tr>
    <tr><td><b>Estado:</b></td><td>Aprobado</td></tr>
    <tr><td><b>Sector:</b></td><td>Minería</td></tr>
    <tr><td><b>Titular:</b></td><td>Sociedad Contractual Minera Berta</td></tr>
    <tr><td><b>Inversión:</b></td><td>12.0 MMU$</td></tr>
    <tr><td><b>Región / Comuna:</b></td><td>Región de Atacama / Diego de Almagro</td></tr>
    <tr><td><b>Fecha ingreso:</b></td><td></td></tr>
    <tr><td><b>Fecha calificación:</b></td><td>2008-08-12</td></tr>
    <tr><td><b>Lat/Long:</b></td><td>-26.354845, -70.053874</td></tr>
    <tr><td><b>UTM 19S:</b></td><td>394846 E / 7084589 N</td></tr>
  </table>
</div>
]]>
</description>
      <Point>
        <coordinates>-70.053874,-26.354845,0</coordinates>
      </Point>
    </Placemark>

    <Placemark>
      <name>Planta de Sulfuros Cobre Norte, sector Llanos de Marañon (e-seia)</name>
      <description>
<![CDATA[
<div style="font-family:Segoe UI,Arial,sans-serif;font-size:13px;">
  <h2 style="margin:0;color:#1e3a8a;">Planta de Sulfuros Cobre Norte, sector Llanos de Marañon (e-seia)</h2>
  <table style="border-collapse:collapse;margin-top:6px;">
    <tr><td><b>Tipo presentación:</b></td><td>DIA</td></tr>
    <tr><td><b>Estado:</b></td><td>Aprobado</td></tr>
    <tr><td><b>Sector:</b></td><td>Minería</td></tr>
    <tr><td><b>Titular:</b></td><td>INVERSIONES NUTRAM S.A.</td></tr>
    <tr><td><b>Inversión:</b></td><td>1.2 MMU$</td></tr>
    <tr><td><b>Región / Comuna:</b></td><td>Región de Atacama / Vallenar</td></tr>
    <tr><td><b>Fecha ingreso:</b></td><td></td></tr>
    <tr><td><b>Fecha calificación:</b></td><td>2008-07-10</td></tr>
    <tr><td><b>Lat/Long:</b></td><td>-28.545715, -70.735862</td></tr>
    <tr><td><b>UTM 19S:</b></td><td>330179 E / 6841114 N</td></tr>
  </table>
</div>
]]>
</description>
      <Point>
        <coordinates>-70.735862,-28.545715,0</coordinates>
      </Point>
    </Placemark>

    <Placemark>
      <name>Ampliación Planta LIX-SX-EW 400 a 1000 TMF/MES Planta Matta (e-seia)</name>
      <description>
<![CDATA[
<div style="font-family:Segoe UI,Arial,sans-serif;font-size:13px;">
  <h2 style="margin:0;color:#1e3a8a;">Ampliación Planta LIX-SX-EW 400 a 1000 TMF/MES Planta Matta (e-seia)</h2>
  <table style="border-collapse:collapse;margin-top:6px;">
    <tr><td><b>Tipo presentación:</b></td><td>DIA</td></tr>
    <tr><td><b>Estado:</b></td><td>Aprobado</td></tr>
    <tr><td><b>Sector:</b></td><td>Minería</td></tr>
    <tr><td><b>Titular:</b></td><td>Empresa Nacional de Minería</td></tr>
    <tr><td><b>Inversión:</b></td><td>13.13774 MMU$</td></tr>
    <tr><td><b>Región / Comuna:</b></td><td>Región de Atacama / Copiapó</td></tr>
    <tr><td><b>Fecha ingreso:</b></td><td></td></tr>
    <tr><td><b>Fecha calificación:</b></td><td>2008-08-06</td></tr>
    <tr><td><b>Lat/Long:</b></td><td>-27.407488, -70.251815</td></tr>
    <tr><td><b>UTM 19S:</b></td><td>376246 E / 6967808 N</td></tr>
  </table>
</div>
]]>
</description>
      <Point>
        <coordinates>-70.251815,-27.407488,0</coordinates>
      </Point>
    </Placemark>

    <Placemark>
      <name>Proyecto Prospección Minero Sol Naciente (e-seia)</name>
      <description>
<![CDATA[
<div style="font-family:Segoe UI,Arial,sans-serif;font-size:13px;">
  <h2 style="margin:0;color:#1e3a8a;">Proyecto Prospección Minero Sol Naciente (e-seia)</h2>
  <table style="border-collapse:collapse;margin-top:6px;">
    <tr><td><b>Tipo presentación:</b></td><td>DIA</td></tr>
    <tr><td><b>Estado:</b></td><td>Aprobado</td></tr>
    <tr><td><b>Sector:</b></td><td>Minería</td></tr>
    <tr><td><b>Titular:</b></td><td>Sociedad Contractual Minera Atacama Kozan</td></tr>
    <tr><td><b>Inversión:</b></td><td>6.4 MMU$</td></tr>
    <tr><td><b>Región / Comuna:</b></td><td>Región de Atacama / Copiapó</td></tr>
    <tr><td><b>Fecha ingreso:</b></td><td></td></tr>
    <tr><td><b>Fecha calificación:</b></td><td>2008-05-22</td></tr>
    <tr><td><b>Lat/Long:</b></td><td>-27.364669, -70.231031</td></tr>
    <tr><td><b>UTM 19S:</b></td><td>378254 E / 6972572 N</td></tr>
  </table>
</div>
]]>
</description>
      <Point>
        <coordinates>-70.231031,-27.364669,0</coordinates>
      </Point>
    </Placemark>

    <Placemark>
      <name>Estación de Transferencia de Minerales de Hierro, Sector Maitencillo (e-seia)</name>
      <description>
<![CDATA[
<div style="font-family:Segoe UI,Arial,sans-serif;font-size:13px;">
  <h2 style="margin:0;color:#1e3a8a;">Estación de Transferencia de Minerales de Hierro, Sector Maitencillo (e-seia)</h2>
  <table style="border-collapse:collapse;margin-top:6px;">
    <tr><td><b>Tipo presentación:</b></td><td>DIA</td></tr>
    <tr><td><b>Estado:</b></td><td>Aprobado</td></tr>
    <tr><td><b>Sector:</b></td><td>Minería</td></tr>
    <tr><td><b>Titular:</b></td><td>Compañía Minera del Pacífico S.A.</td></tr>
    <tr><td><b>Inversión:</b></td><td>5e-06 MMU$</td></tr>
    <tr><td><b>Región / Comuna:</b></td><td>Región de Atacama / Freirina</td></tr>
    <tr><td><b>Fecha ingreso:</b></td><td></td></tr>
    <tr><td><b>Fecha calificación:</b></td><td>2008-07-24</td></tr>
    <tr><td><b>Lat/Long:</b></td><td>-28.53014, -70.922712</td></tr>
    <tr><td><b>UTM 19S:</b></td><td>311868 E / 6842561 N</td></tr>
  </table>
</div>
]]>
</description>
      <Point>
        <coordinates>-70.922712,-28.53014,0</coordinates>
      </Point>
    </Placemark>

    <Placemark>
      <name>Explotación y Beneficio del Yacimiento de Hierro Mina Bellavista (e-seia)</name>
      <description>
<![CDATA[
<div style="font-family:Segoe UI,Arial,sans-serif;font-size:13px;">
  <h2 style="margin:0;color:#1e3a8a;">Explotación y Beneficio del Yacimiento de Hierro Mina Bellavista (e-seia)</h2>
  <table style="border-collapse:collapse;margin-top:6px;">
    <tr><td><b>Tipo presentación:</b></td><td>DIA</td></tr>
    <tr><td><b>Estado:</b></td><td>Aprobado</td></tr>
    <tr><td><b>Sector:</b></td><td>Minería</td></tr>
    <tr><td><b>Titular:</b></td><td>Sociedad Contractual Minera Santa Fe Minning</td></tr>
    <tr><td><b>Inversión:</b></td><td>30.0 MMU$</td></tr>
    <tr><td><b>Región / Comuna:</b></td><td>Región de Atacama / Copiapó</td></tr>
    <tr><td><b>Fecha ingreso:</b></td><td></td></tr>
    <tr><td><b>Fecha calificación:</b></td><td>2008-09-02</td></tr>
    <tr><td><b>Lat/Long:</b></td><td>-27.254843, -70.403133</td></tr>
    <tr><td><b>UTM 19S:</b></td><td>361095 E / 6984559 N</td></tr>
  </table>
</div>
]]>
</description>
      <Point>
        <coordinates>-70.403133,-27.254843,0</coordinates>
      </Point>
    </Placemark>

    <Placemark>
      <name>Prospección Mina Bellavista (e-seia)</name>
      <description>
<![CDATA[
<div style="font-family:Segoe UI,Arial,sans-serif;font-size:13px;">
  <h2 style="margin:0;color:#1e3a8a;">Prospección Mina Bellavista (e-seia)</h2>
  <table style="border-collapse:collapse;margin-top:6px;">
    <tr><td><b>Tipo presentación:</b></td><td>DIA</td></tr>
    <tr><td><b>Estado:</b></td><td>Aprobado</td></tr>
    <tr><td><b>Sector:</b></td><td>Minería</td></tr>
    <tr><td><b>Titular:</b></td><td>Minera Santa Fé</td></tr>
    <tr><td><b>Inversión:</b></td><td>3.0 MMU$</td></tr>
    <tr><td><b>Región / Comuna:</b></td><td>Región de Atacama / Copiapó</td></tr>
    <tr><td><b>Fecha ingreso:</b></td><td></td></tr>
    <tr><td><b>Fecha calificación:</b></td><td>2008-04-18</td></tr>
    <tr><td><b>Lat/Long:</b></td><td>-27.254843, -70.403133</td></tr>
    <tr><td><b>UTM 19S:</b></td><td>361095 E / 6984559 N</td></tr>
  </table>
</div>
]]>
</description>
      <Point>
        <coordinates>-70.403133,-27.254843,0</coordinates>
      </Point>
    </Placemark>

    <Placemark>
      <name>PROYECTO DE PROSPECCIÓN JERÓNIMO (e-seia)</name>
      <description>
<![CDATA[
<div style="font-family:Segoe UI,Arial,sans-serif;font-size:13px;">
  <h2 style="margin:0;color:#1e3a8a;">PROYECTO DE PROSPECCIÓN JERÓNIMO (e-seia)</h2>
  <table style="border-collapse:collapse;margin-top:6px;">
    <tr><td><b>Tipo presentación:</b></td><td>DIA</td></tr>
    <tr><td><b>Estado:</b></td><td>Aprobado</td></tr>
    <tr><td><b>Sector:</b></td><td>Minería</td></tr>
    <tr><td><b>Titular:</b></td><td>Nuevo Cobre S.A.</td></tr>
    <tr><td><b>Inversión:</b></td><td>5.0 MMU$</td></tr>
    <tr><td><b>Región / Comuna:</b></td><td>Región de Atacama / Diego de Almagro</td></tr>
    <tr><td><b>Fecha ingreso:</b></td><td></td></tr>
    <tr><td><b>Fecha calificación:</b></td><td>2008-03-05</td></tr>
    <tr><td><b>Lat/Long:</b></td><td>-26.501983, -69.408484</td></tr>
    <tr><td><b>UTM 19S:</b></td><td>459295 E / 7068658 N</td></tr>
  </table>
</div>
]]>
</description>
      <Point>
        <coordinates>-69.408484,-26.501983,0</coordinates>
      </Point>
    </Placemark>

    <Placemark>
      <name>Proyecto Prospección La Pepa (e-seia)</name>
      <description>
<![CDATA[
<div style="font-family:Segoe UI,Arial,sans-serif;font-size:13px;">
  <h2 style="margin:0;color:#1e3a8a;">Proyecto Prospección La Pepa (e-seia)</h2>
  <table style="border-collapse:collapse;margin-top:6px;">
    <tr><td><b>Tipo presentación:</b></td><td>DIA</td></tr>
    <tr><td><b>Estado:</b></td><td>Aprobado</td></tr>
    <tr><td><b>Sector:</b></td><td>Minería</td></tr>
    <tr><td><b>Titular:</b></td><td>Minera Meridian Limitada</td></tr>
    <tr><td><b>Inversión:</b></td><td>3.0 MMU$</td></tr>
    <tr><td><b>Región / Comuna:</b></td><td>Región de Atacama / Tierra Amarilla</td></tr>
    <tr><td><b>Fecha ingreso:</b></td><td></td></tr>
    <tr><td><b>Fecha calificación:</b></td><td>2008-04-25</td></tr>
    <tr><td><b>Lat/Long:</b></td><td>-27.281067, -69.242053</td></tr>
    <tr><td><b>UTM 19S:</b></td><td>476045 E / 6982410 N</td></tr>
  </table>
</div>
]]>
</description>
      <Point>
        <coordinates>-69.242053,-27.281067,0</coordinates>
      </Point>
    </Placemark>

    <Placemark>
      <name>Santo Domingo Sur (e-seia)</name>
      <description>
<![CDATA[
<div style="font-family:Segoe UI,Arial,sans-serif;font-size:13px;">
  <h2 style="margin:0;color:#1e3a8a;">Santo Domingo Sur (e-seia)</h2>
  <table style="border-collapse:collapse;margin-top:6px;">
    <tr><td><b>Tipo presentación:</b></td><td>DIA</td></tr>
    <tr><td><b>Estado:</b></td><td>Aprobado</td></tr>
    <tr><td><b>Sector:</b></td><td>Minería</td></tr>
    <tr><td><b>Titular:</b></td><td>Minera Lejano Oeste S.A.</td></tr>
    <tr><td><b>Inversión:</b></td><td>4.0 MMU$</td></tr>
    <tr><td><b>Región / Comuna:</b></td><td>Región de Atacama / Diego de Almagro</td></tr>
    <tr><td><b>Fecha ingreso:</b></td><td></td></tr>
    <tr><td><b>Fecha calificación:</b></td><td>2008-01-29</td></tr>
    <tr><td><b>Lat/Long:</b></td><td>-26.489487, -70.07566</td></tr>
    <tr><td><b>UTM 19S:</b></td><td>392797 E / 7069658 N</td></tr>
  </table>
</div>
]]>
</description>
      <Point>
        <coordinates>-70.07566,-26.489487,0</coordinates>
      </Point>
    </Placemark>

    <Placemark>
      <name>Transporte de Mineral desde Mina Santos a Mina Alcaparrosa (e-seia)</name>
      <description>
<![CDATA[
<div style="font-family:Segoe UI,Arial,sans-serif;font-size:13px;">
  <h2 style="margin:0;color:#1e3a8a;">Transporte de Mineral desde Mina Santos a Mina Alcaparrosa (e-seia)</h2>
  <table style="border-collapse:collapse;margin-top:6px;">
    <tr><td><b>Tipo presentación:</b></td><td>DIA</td></tr>
    <tr><td><b>Estado:</b></td><td>Aprobado</td></tr>
    <tr><td><b>Sector:</b></td><td>Minería</td></tr>
    <tr><td><b>Titular:</b></td><td>Compañía Contractual Minera Ojos del Salado  </td></tr>
    <tr><td><b>Inversión:</b></td><td>6.048 MMU$</td></tr>
    <tr><td><b>Región / Comuna:</b></td><td>Región de Atacama / Tierra Amarilla</td></tr>
    <tr><td><b>Fecha ingreso:</b></td><td></td></tr>
    <tr><td><b>Fecha calificación:</b></td><td>2008-07-22</td></tr>
    <tr><td><b>Lat/Long:</b></td><td>-27.472316, -70.272069</td></tr>
    <tr><td><b>UTM 19S:</b></td><td>374317 E / 6960606 N</td></tr>
  </table>
</div>
]]>
</description>
      <Point>
        <coordinates>-70.272069,-27.472316,0</coordinates>
      </Point>
    </Placemark>

    <Placemark>
      <name>Exploraciones Caspiche Central (e-seia)</name>
      <description>
<![CDATA[
<div style="font-family:Segoe UI,Arial,sans-serif;font-size:13px;">
  <h2 style="margin:0;color:#1e3a8a;">Exploraciones Caspiche Central (e-seia)</h2>
  <table style="border-collapse:collapse;margin-top:6px;">
    <tr><td><b>Tipo presentación:</b></td><td>DIA</td></tr>
    <tr><td><b>Estado:</b></td><td>Aprobado</td></tr>
    <tr><td><b>Sector:</b></td><td>Minería</td></tr>
    <tr><td><b>Titular:</b></td><td>Sociedad Contractual Minera Eton Chile</td></tr>
    <tr><td><b>Inversión:</b></td><td>0.8 MMU$</td></tr>
    <tr><td><b>Región / Comuna:</b></td><td>Región de Atacama / Tierra Amarilla</td></tr>
    <tr><td><b>Fecha ingreso:</b></td><td></td></tr>
    <tr><td><b>Fecha calificación:</b></td><td>2007-12-12</td></tr>
    <tr><td><b>Lat/Long:</b></td><td>-27.695802, -69.297939</td></tr>
    <tr><td><b>UTM 19S:</b></td><td>470624 E / 6936459 N</td></tr>
  </table>
</div>
]]>
</description>
      <Point>
        <coordinates>-69.297939,-27.695802,0</coordinates>
      </Point>
    </Placemark>

    <Placemark>
      <name>Mina Javiera (e-seia)</name>
      <description>
<![CDATA[
<div style="font-family:Segoe UI,Arial,sans-serif;font-size:13px;">
  <h2 style="margin:0;color:#1e3a8a;">Mina Javiera (e-seia)</h2>
  <table style="border-collapse:collapse;margin-top:6px;">
    <tr><td><b>Tipo presentación:</b></td><td>DIA</td></tr>
    <tr><td><b>Estado:</b></td><td>Aprobado</td></tr>
    <tr><td><b>Sector:</b></td><td>Minería</td></tr>
    <tr><td><b>Titular:</b></td><td>Santa Monica Minerals SpA</td></tr>
    <tr><td><b>Inversión:</b></td><td>8.0 MMU$</td></tr>
    <tr><td><b>Región / Comuna:</b></td><td>Región de Atacama / Copiapó</td></tr>
    <tr><td><b>Fecha ingreso:</b></td><td></td></tr>
    <tr><td><b>Fecha calificación:</b></td><td>2008-11-07</td></tr>
    <tr><td><b>Lat/Long:</b></td><td>-27.455411, -70.679812</td></tr>
    <tr><td><b>UTM 19S:</b></td><td>334000 E / 6962000 N</td></tr>
  </table>
</div>
]]>
</description>
      <Point>
        <coordinates>-70.679812,-27.455411,0</coordinates>
      </Point>
    </Placemark>

    <Placemark>
      <name>Mina Rajo Turquesa (e-seia)</name>
      <description>
<![CDATA[
<div style="font-family:Segoe UI,Arial,sans-serif;font-size:13px;">
  <h2 style="margin:0;color:#1e3a8a;">Mina Rajo Turquesa (e-seia)</h2>
  <table style="border-collapse:collapse;margin-top:6px;">
    <tr><td><b>Tipo presentación:</b></td><td>DIA</td></tr>
    <tr><td><b>Estado:</b></td><td>Aprobado</td></tr>
    <tr><td><b>Sector:</b></td><td>Minería</td></tr>
    <tr><td><b>Titular:</b></td><td>Codelco Chile División Salvador</td></tr>
    <tr><td><b>Inversión:</b></td><td>0.15 MMU$</td></tr>
    <tr><td><b>Región / Comuna:</b></td><td>Región de Atacama / Diego de Almagro</td></tr>
    <tr><td><b>Fecha ingreso:</b></td><td></td></tr>
    <tr><td><b>Fecha calificación:</b></td><td>2008-05-13</td></tr>
    <tr><td><b>Lat/Long:</b></td><td>-26.236356, -69.573439</td></tr>
    <tr><td><b>UTM 19S:</b></td><td>442726 E / 7098014 N</td></tr>
  </table>
</div>
]]>
</description>
      <Point>
        <coordinates>-69.573439,-26.236356,0</coordinates>
      </Point>
    </Placemark>

    <Placemark>
      <name>Re localización Planta San Esteban (e-seia)</name>
      <description>
<![CDATA[
<div style="font-family:Segoe UI,Arial,sans-serif;font-size:13px;">
  <h2 style="margin:0;color:#1e3a8a;">Re localización Planta San Esteban (e-seia)</h2>
  <table style="border-collapse:collapse;margin-top:6px;">
    <tr><td><b>Tipo presentación:</b></td><td>DIA</td></tr>
    <tr><td><b>Estado:</b></td><td>Aprobado</td></tr>
    <tr><td><b>Sector:</b></td><td>Minería</td></tr>
    <tr><td><b>Titular:</b></td><td>Cia. Minera San Esteban Primera S.A.</td></tr>
    <tr><td><b>Inversión:</b></td><td>2.0 MMU$</td></tr>
    <tr><td><b>Región / Comuna:</b></td><td>Región de Atacama / Copiapó</td></tr>
    <tr><td><b>Fecha ingreso:</b></td><td></td></tr>
    <tr><td><b>Fecha calificación:</b></td><td>2008-03-05</td></tr>
    <tr><td><b>Lat/Long:</b></td><td>-27.276613, -70.386226</td></tr>
    <tr><td><b>UTM 19S:</b></td><td>362796 E / 6982166 N</td></tr>
  </table>
</div>
]]>
</description>
      <Point>
        <coordinates>-70.386226,-27.276613,0</coordinates>
      </Point>
    </Placemark>

    <Placemark>
      <name>PROYECTO EXPANSIÓN MINERÍA SUBTERRÁNEA CANDELARIA NORTE (e-seia)</name>
      <description>
<![CDATA[
<div style="font-family:Segoe UI,Arial,sans-serif;font-size:13px;">
  <h2 style="margin:0;color:#1e3a8a;">PROYECTO EXPANSIÓN MINERÍA SUBTERRÁNEA CANDELARIA NORTE (e-seia)</h2>
  <table style="border-collapse:collapse;margin-top:6px;">
    <tr><td><b>Tipo presentación:</b></td><td>DIA</td></tr>
    <tr><td><b>Estado:</b></td><td>Aprobado</td></tr>
    <tr><td><b>Sector:</b></td><td>Minería</td></tr>
    <tr><td><b>Titular:</b></td><td>Compañía Contractual Minera Candelaria</td></tr>
    <tr><td><b>Inversión:</b></td><td>3.504 MMU$</td></tr>
    <tr><td><b>Región / Comuna:</b></td><td>Región de Atacama / Tierra Amarilla</td></tr>
    <tr><td><b>Fecha ingreso:</b></td><td></td></tr>
    <tr><td><b>Fecha calificación:</b></td><td>2007-08-28</td></tr>
    <tr><td><b>Lat/Long:</b></td><td>-27.503781, -70.285034</td></tr>
    <tr><td><b>UTM 19S:</b></td><td>373072 E / 6957107 N</td></tr>
  </table>
</div>
]]>
</description>
      <Point>
        <coordinates>-70.285034,-27.503781,0</coordinates>
      </Point>
    </Placemark>

    <Placemark>
      <name>PROYECTO MEJORAMIENTO AMBIENTAL DE SEIS TRANQUES DE RELAVES (e-seia)</name>
      <description>
<![CDATA[
<div style="font-family:Segoe UI,Arial,sans-serif;font-size:13px;">
  <h2 style="margin:0;color:#1e3a8a;">PROYECTO MEJORAMIENTO AMBIENTAL DE SEIS TRANQUES DE RELAVES (e-seia)</h2>
  <table style="border-collapse:collapse;margin-top:6px;">
    <tr><td><b>Tipo presentación:</b></td><td>DIA</td></tr>
    <tr><td><b>Estado:</b></td><td>Aprobado</td></tr>
    <tr><td><b>Sector:</b></td><td>Minería</td></tr>
    <tr><td><b>Titular:</b></td><td>Compañía Contractual Minera Ojos del Salado  </td></tr>
    <tr><td><b>Inversión:</b></td><td>1.0 MMU$</td></tr>
    <tr><td><b>Región / Comuna:</b></td><td>Región de Atacama / Tierra Amarilla</td></tr>
    <tr><td><b>Fecha ingreso:</b></td><td></td></tr>
    <tr><td><b>Fecha calificación:</b></td><td>2007-10-20</td></tr>
    <tr><td><b>Lat/Long:</b></td><td>-27.499007, -70.260229</td></tr>
    <tr><td><b>UTM 19S:</b></td><td>375517 E / 6957661 N</td></tr>
  </table>
</div>
]]>
</description>
      <Point>
        <coordinates>-70.260229,-27.499007,0</coordinates>
      </Point>
    </Placemark>

    <Placemark>
      <name>Proyecto Optimización del Circuito Chancado de Pebbles (e-seia)</name>
      <description>
<![CDATA[
<div style="font-family:Segoe UI,Arial,sans-serif;font-size:13px;">
  <h2 style="margin:0;color:#1e3a8a;">Proyecto Optimización del Circuito Chancado de Pebbles (e-seia)</h2>
  <table style="border-collapse:collapse;margin-top:6px;">
    <tr><td><b>Tipo presentación:</b></td><td>DIA</td></tr>
    <tr><td><b>Estado:</b></td><td>Aprobado</td></tr>
    <tr><td><b>Sector:</b></td><td>Minería</td></tr>
    <tr><td><b>Titular:</b></td><td>Compañía Contractual Minera Candelaria</td></tr>
    <tr><td><b>Inversión:</b></td><td>25.0 MMU$</td></tr>
    <tr><td><b>Región / Comuna:</b></td><td>Región de Atacama / Tierra Amarilla</td></tr>
    <tr><td><b>Fecha ingreso:</b></td><td></td></tr>
    <tr><td><b>Fecha calificación:</b></td><td>2007-06-05</td></tr>
    <tr><td><b>Lat/Long:</b></td><td>-27.530922, -70.299789</td></tr>
    <tr><td><b>UTM 19S:</b></td><td>371646 E / 6954085 N</td></tr>
  </table>
</div>
]]>
</description>
      <Point>
        <coordinates>-70.299789,-27.530922,0</coordinates>
      </Point>
    </Placemark>

    <Placemark>
      <name>Actualización del Proyecto Explotación Minera Proyecto Purén (e-seia)</name>
      <description>
<![CDATA[
<div style="font-family:Segoe UI,Arial,sans-serif;font-size:13px;">
  <h2 style="margin:0;color:#1e3a8a;">Actualización del Proyecto Explotación Minera Proyecto Purén (e-seia)</h2>
  <table style="border-collapse:collapse;margin-top:6px;">
    <tr><td><b>Tipo presentación:</b></td><td>DIA</td></tr>
    <tr><td><b>Estado:</b></td><td>Aprobado</td></tr>
    <tr><td><b>Sector:</b></td><td>Minería</td></tr>
    <tr><td><b>Titular:</b></td><td>Sociedad Contractual Minera Purén</td></tr>
    <tr><td><b>Inversión:</b></td><td>12.0 MMU$</td></tr>
    <tr><td><b>Región / Comuna:</b></td><td>Región de Atacama / Copiapó</td></tr>
    <tr><td><b>Fecha ingreso:</b></td><td></td></tr>
    <tr><td><b>Fecha calificación:</b></td><td>2007-08-06</td></tr>
    <tr><td><b>Lat/Long:</b></td><td>-26.760162, -69.240503</td></tr>
    <tr><td><b>UTM 19S:</b></td><td>476088 E / 7040106 N</td></tr>
  </table>
</div>
]]>
</description>
      <Point>
        <coordinates>-69.240503,-26.760162,0</coordinates>
      </Point>
    </Placemark>

    <Placemark>
      <name>Construcción Planta LIX-SX-EW 400 TMF/MES ENAMI (e-seia)</name>
      <description>
<![CDATA[
<div style="font-family:Segoe UI,Arial,sans-serif;font-size:13px;">
  <h2 style="margin:0;color:#1e3a8a;">Construcción Planta LIX-SX-EW 400 TMF/MES ENAMI (e-seia)</h2>
  <table style="border-collapse:collapse;margin-top:6px;">
    <tr><td><b>Tipo presentación:</b></td><td>DIA</td></tr>
    <tr><td><b>Estado:</b></td><td>Aprobado</td></tr>
    <tr><td><b>Sector:</b></td><td>Minería</td></tr>
    <tr><td><b>Titular:</b></td><td>Empresa Nacional de Minería</td></tr>
    <tr><td><b>Inversión:</b></td><td>10.75 MMU$</td></tr>
    <tr><td><b>Región / Comuna:</b></td><td>Región de Atacama / Copiapó</td></tr>
    <tr><td><b>Fecha ingreso:</b></td><td></td></tr>
    <tr><td><b>Fecha calificación:</b></td><td>2007-07-09</td></tr>
    <tr><td><b>Lat/Long:</b></td><td>-27.411524, -70.252791</td></tr>
    <tr><td><b>UTM 19S:</b></td><td>376154 E / 6967360 N</td></tr>
  </table>
</div>
]]>
</description>
      <Point>
        <coordinates>-70.252791,-27.411524,0</coordinates>
      </Point>
    </Placemark>

    <Placemark>
      <name>AMPLIACIÓN CAPACIDAD DE TRANQUE DE RELAVES N°3, PLANTA M.A. MATTA (e-seia)</name>
      <description>
<![CDATA[
<div style="font-family:Segoe UI,Arial,sans-serif;font-size:13px;">
  <h2 style="margin:0;color:#1e3a8a;">AMPLIACIÓN CAPACIDAD DE TRANQUE DE RELAVES N°3, PLANTA M.A. MATTA (e-seia)</h2>
  <table style="border-collapse:collapse;margin-top:6px;">
    <tr><td><b>Tipo presentación:</b></td><td>DIA</td></tr>
    <tr><td><b>Estado:</b></td><td>Aprobado</td></tr>
    <tr><td><b>Sector:</b></td><td>Minería</td></tr>
    <tr><td><b>Titular:</b></td><td>Empresa Nacional de Minería</td></tr>
    <tr><td><b>Inversión:</b></td><td>0.15 MMU$</td></tr>
    <tr><td><b>Región / Comuna:</b></td><td>Región de Atacama / Copiapó</td></tr>
    <tr><td><b>Fecha ingreso:</b></td><td></td></tr>
    <tr><td><b>Fecha calificación:</b></td><td>2007-10-13</td></tr>
    <tr><td><b>Lat/Long:</b></td><td>-27.403557, -70.252707</td></tr>
    <tr><td><b>UTM 19S:</b></td><td>376153 E / 6968243 N</td></tr>
  </table>
</div>
]]>
</description>
      <Point>
        <coordinates>-70.252707,-27.403557,0</coordinates>
      </Point>
    </Placemark>

    <Placemark>
      <name>Ampliación del Proyecto Mina La Japonesa (e-seia)</name>
      <description>
<![CDATA[
<div style="font-family:Segoe UI,Arial,sans-serif;font-size:13px;">
  <h2 style="margin:0;color:#1e3a8a;">Ampliación del Proyecto Mina La Japonesa (e-seia)</h2>
  <table style="border-collapse:collapse;margin-top:6px;">
    <tr><td><b>Tipo presentación:</b></td><td>DIA</td></tr>
    <tr><td><b>Estado:</b></td><td>Aprobado</td></tr>
    <tr><td><b>Sector:</b></td><td>Minería</td></tr>
    <tr><td><b>Titular:</b></td><td>Sociedad Contractual Minera Vallenar Iron Company</td></tr>
    <tr><td><b>Inversión:</b></td><td>12.0 MMU$</td></tr>
    <tr><td><b>Región / Comuna:</b></td><td>Región de Atacama / Vallenar</td></tr>
    <tr><td><b>Fecha ingreso:</b></td><td></td></tr>
    <tr><td><b>Fecha calificación:</b></td><td>2007-07-19</td></tr>
    <tr><td><b>Lat/Long:</b></td><td>-28.662363, -70.833749</td></tr>
    <tr><td><b>UTM 19S:</b></td><td>320799 E / 6828045 N</td></tr>
  </table>
</div>
]]>
</description>
      <Point>
        <coordinates>-70.833749,-28.662363,0</coordinates>
      </Point>
    </Placemark>

    <Placemark>
      <name>Proyecto de Exploración Minera Recuperada (e-seia)</name>
      <description>
<![CDATA[
<div style="font-family:Segoe UI,Arial,sans-serif;font-size:13px;">
  <h2 style="margin:0;color:#1e3a8a;">Proyecto de Exploración Minera Recuperada (e-seia)</h2>
  <table style="border-collapse:collapse;margin-top:6px;">
    <tr><td><b>Tipo presentación:</b></td><td>DIA</td></tr>
    <tr><td><b>Estado:</b></td><td>Aprobado</td></tr>
    <tr><td><b>Sector:</b></td><td>Minería</td></tr>
    <tr><td><b>Titular:</b></td><td>Sociedad Minera Recuperada Ltda.</td></tr>
    <tr><td><b>Inversión:</b></td><td>0.07 MMU$</td></tr>
    <tr><td><b>Región / Comuna:</b></td><td>Región de Atacama / Copiapó</td></tr>
    <tr><td><b>Fecha ingreso:</b></td><td></td></tr>
    <tr><td><b>Fecha calificación:</b></td><td>2007-03-14</td></tr>
    <tr><td><b>Lat/Long:</b></td><td>-27.003397, -70.206684</td></tr>
    <tr><td><b>UTM 19S:</b></td><td>380277 E / 7012616 N</td></tr>
  </table>
</div>
]]>
</description>
      <Point>
        <coordinates>-70.206684,-27.003397,0</coordinates>
      </Point>
    </Placemark>

    <Placemark>
      <name>Explotación de Minerales de Hierro, Sector Cerro Negro Cristales (e-seia)</name>
      <description>
<![CDATA[
<div style="font-family:Segoe UI,Arial,sans-serif;font-size:13px;">
  <h2 style="margin:0;color:#1e3a8a;">Explotación de Minerales de Hierro, Sector Cerro Negro Cristales (e-seia)</h2>
  <table style="border-collapse:collapse;margin-top:6px;">
    <tr><td><b>Tipo presentación:</b></td><td>DIA</td></tr>
    <tr><td><b>Estado:</b></td><td>Aprobado</td></tr>
    <tr><td><b>Sector:</b></td><td>Minería</td></tr>
    <tr><td><b>Titular:</b></td><td>Compañía Minera del Pacífico S.A.</td></tr>
    <tr><td><b>Inversión:</b></td><td>3.0 MMU$</td></tr>
    <tr><td><b>Región / Comuna:</b></td><td>Región de Atacama / Vallenar</td></tr>
    <tr><td><b>Fecha ingreso:</b></td><td></td></tr>
    <tr><td><b>Fecha calificación:</b></td><td>2007-04-28</td></tr>
    <tr><td><b>Lat/Long:</b></td><td>-29.140932, -71.044317</td></tr>
    <tr><td><b>UTM 19S:</b></td><td>301132 E / 6774672 N</td></tr>
  </table>
</div>
]]>
</description>
      <Point>
        <coordinates>-71.044317,-29.140932,0</coordinates>
      </Point>
    </Placemark>

    <Placemark>
      <name>AMPLIACION PLANTA SX-EW A 800 TMF/MES PLANTA SALADO ENAMI (e-seia)</name>
      <description>
<![CDATA[
<div style="font-family:Segoe UI,Arial,sans-serif;font-size:13px;">
  <h2 style="margin:0;color:#1e3a8a;">AMPLIACION PLANTA SX-EW A 800 TMF/MES PLANTA SALADO ENAMI (e-seia)</h2>
  <table style="border-collapse:collapse;margin-top:6px;">
    <tr><td><b>Tipo presentación:</b></td><td>DIA</td></tr>
    <tr><td><b>Estado:</b></td><td>Aprobado</td></tr>
    <tr><td><b>Sector:</b></td><td>Minería</td></tr>
    <tr><td><b>Titular:</b></td><td>Empresa Nacional de Minería</td></tr>
    <tr><td><b>Inversión:</b></td><td>10.5 MMU$</td></tr>
    <tr><td><b>Región / Comuna:</b></td><td>Región de Atacama / Chañaral</td></tr>
    <tr><td><b>Fecha ingreso:</b></td><td></td></tr>
    <tr><td><b>Fecha calificación:</b></td><td>2007-04-30</td></tr>
    <tr><td><b>Lat/Long:</b></td><td>-26.419643, -70.316343</td></tr>
    <tr><td><b>UTM 19S:</b></td><td>368728 E / 7077171 N</td></tr>
  </table>
</div>
]]>
</description>
      <Point>
        <coordinates>-70.316343,-26.419643,0</coordinates>
      </Point>
    </Placemark>

    <Placemark>
      <name>DIA Sondajes de Prospección y Planta Piloto de Lixiviación. Proyecto Regalito (e-seia)</name>
      <description>
<![CDATA[
<div style="font-family:Segoe UI,Arial,sans-serif;font-size:13px;">
  <h2 style="margin:0;color:#1e3a8a;">DIA Sondajes de Prospección y Planta Piloto de Lixiviación. Proyecto Regalito (e-seia)</h2>
  <table style="border-collapse:collapse;margin-top:6px;">
    <tr><td><b>Tipo presentación:</b></td><td>DIA</td></tr>
    <tr><td><b>Estado:</b></td><td>Aprobado</td></tr>
    <tr><td><b>Sector:</b></td><td>Minería</td></tr>
    <tr><td><b>Titular:</b></td><td>SCM MINERA LUMINA COPPER CHILE</td></tr>
    <tr><td><b>Inversión:</b></td><td>13.5 MMU$</td></tr>
    <tr><td><b>Región / Comuna:</b></td><td>Región de Atacama / Tierra Amarilla</td></tr>
    <tr><td><b>Fecha ingreso:</b></td><td></td></tr>
    <tr><td><b>Fecha calificación:</b></td><td>2007-02-14</td></tr>
    <tr><td><b>Lat/Long:</b></td><td>-28.167899, -69.547792</td></tr>
    <tr><td><b>UTM 19S:</b></td><td>446223 E / 6884077 N</td></tr>
  </table>
</div>
]]>
</description>
      <Point>
        <coordinates>-69.547792,-28.167899,0</coordinates>
      </Point>
    </Placemark>

    <Placemark>
      <name>PLANTA CHANCADO MOVIL EMPRESA NACIONAL DE MINERIA (e-seia)</name>
      <description>
<![CDATA[
<div style="font-family:Segoe UI,Arial,sans-serif;font-size:13px;">
  <h2 style="margin:0;color:#1e3a8a;">PLANTA CHANCADO MOVIL EMPRESA NACIONAL DE MINERIA (e-seia)</h2>
  <table style="border-collapse:collapse;margin-top:6px;">
    <tr><td><b>Tipo presentación:</b></td><td>DIA</td></tr>
    <tr><td><b>Estado:</b></td><td>Aprobado</td></tr>
    <tr><td><b>Sector:</b></td><td>Minería</td></tr>
    <tr><td><b>Titular:</b></td><td>Empresa Nacional de Minería</td></tr>
    <tr><td><b>Inversión:</b></td><td>1.0 MMU$</td></tr>
    <tr><td><b>Región / Comuna:</b></td><td>Región de Atacama / Chañaral-Copiapó-Vallenar</td></tr>
    <tr><td><b>Fecha ingreso:</b></td><td></td></tr>
    <tr><td><b>Fecha calificación:</b></td><td>2006-09-08</td></tr>
    <tr><td><b>Lat/Long:</b></td><td>-26.418889, -70.316806</td></tr>
    <tr><td><b>UTM 19S:</b></td><td>368681 E / 7077254 N</td></tr>
  </table>
</div>
]]>
</description>
      <Point>
        <coordinates>-70.316806,-26.418889,0</coordinates>
      </Point>
    </Placemark>

    <Placemark>
      <name>Empréstitos para Áridos Proyecto Norte Huasco (e-seia)</name>
      <description>
<![CDATA[
<div style="font-family:Segoe UI,Arial,sans-serif;font-size:13px;">
  <h2 style="margin:0;color:#1e3a8a;">Empréstitos para Áridos Proyecto Norte Huasco (e-seia)</h2>
  <table style="border-collapse:collapse;margin-top:6px;">
    <tr><td><b>Tipo presentación:</b></td><td>DIA</td></tr>
    <tr><td><b>Estado:</b></td><td>Aprobado</td></tr>
    <tr><td><b>Sector:</b></td><td>Minería</td></tr>
    <tr><td><b>Titular:</b></td><td>Agrocomercial AS Limitada</td></tr>
    <tr><td><b>Inversión:</b></td><td>0.9 MMU$</td></tr>
    <tr><td><b>Región / Comuna:</b></td><td>Región de Atacama / Vallenar-Freirina</td></tr>
    <tr><td><b>Fecha ingreso:</b></td><td></td></tr>
    <tr><td><b>Fecha calificación:</b></td><td>2007-01-26</td></tr>
    <tr><td><b>Lat/Long:</b></td><td>-28.628921, -70.913956</td></tr>
    <tr><td><b>UTM 19S:</b></td><td>312900 E / 6831628 N</td></tr>
  </table>
</div>
]]>
</description>
      <Point>
        <coordinates>-70.913956,-28.628921,0</coordinates>
      </Point>
    </Placemark>

    <Placemark>
      <name>Procesamiento de Desmontes de Mineral de Cerro Imán (e-seia)</name>
      <description>
<![CDATA[
<div style="font-family:Segoe UI,Arial,sans-serif;font-size:13px;">
  <h2 style="margin:0;color:#1e3a8a;">Procesamiento de Desmontes de Mineral de Cerro Imán (e-seia)</h2>
  <table style="border-collapse:collapse;margin-top:6px;">
    <tr><td><b>Tipo presentación:</b></td><td>DIA</td></tr>
    <tr><td><b>Estado:</b></td><td>Aprobado</td></tr>
    <tr><td><b>Sector:</b></td><td>Minería</td></tr>
    <tr><td><b>Titular:</b></td><td>Minera Santa Fé</td></tr>
    <tr><td><b>Inversión:</b></td><td>10.0 MMU$</td></tr>
    <tr><td><b>Región / Comuna:</b></td><td>Región de Atacama / Caldera-Copiapó</td></tr>
    <tr><td><b>Fecha ingreso:</b></td><td></td></tr>
    <tr><td><b>Fecha calificación:</b></td><td>2006-09-29</td></tr>
    <tr><td><b>Lat/Long:</b></td><td>-27.2671, -70.417626</td></tr>
    <tr><td><b>UTM 19S:</b></td><td>359675 E / 6983185 N</td></tr>
  </table>
</div>
]]>
</description>
      <Point>
        <coordinates>-70.417626,-27.2671,0</coordinates>
      </Point>
    </Placemark>

    <Placemark>
      <name>Transporte y Embarque Temporal de Concentrado de Hierro desde Caldera (e-seia)</name>
      <description>
<![CDATA[
<div style="font-family:Segoe UI,Arial,sans-serif;font-size:13px;">
  <h2 style="margin:0;color:#1e3a8a;">Transporte y Embarque Temporal de Concentrado de Hierro desde Caldera (e-seia)</h2>
  <table style="border-collapse:collapse;margin-top:6px;">
    <tr><td><b>Tipo presentación:</b></td><td>DIA</td></tr>
    <tr><td><b>Estado:</b></td><td>Aprobado</td></tr>
    <tr><td><b>Sector:</b></td><td>Minería</td></tr>
    <tr><td><b>Titular:</b></td><td>Minera Santa Fé</td></tr>
    <tr><td><b>Inversión:</b></td><td>8.0 MMU$</td></tr>
    <tr><td><b>Región / Comuna:</b></td><td>Región de Atacama / Caldera-Copiapó-Vallenar</td></tr>
    <tr><td><b>Fecha ingreso:</b></td><td></td></tr>
    <tr><td><b>Fecha calificación:</b></td><td>2006-07-24</td></tr>
    <tr><td><b>Lat/Long:</b></td><td>-27.055828, -70.834795</td></tr>
    <tr><td><b>UTM 19S:</b></td><td>318032 E / 7006056 N</td></tr>
  </table>
</div>
]]>
</description>
      <Point>
        <coordinates>-70.834795,-27.055828,0</coordinates>
      </Point>
    </Placemark>

    <Placemark>
      <name>Proyecto de Prospección Minera Vicuña, Sector Los Helados, III Región (e-seia)</name>
      <description>
<![CDATA[
<div style="font-family:Segoe UI,Arial,sans-serif;font-size:13px;">
  <h2 style="margin:0;color:#1e3a8a;">Proyecto de Prospección Minera Vicuña, Sector Los Helados, III Región (e-seia)</h2>
  <table style="border-collapse:collapse;margin-top:6px;">
    <tr><td><b>Tipo presentación:</b></td><td>DIA</td></tr>
    <tr><td><b>Estado:</b></td><td>Aprobado</td></tr>
    <tr><td><b>Sector:</b></td><td>Minería</td></tr>
    <tr><td><b>Titular:</b></td><td>Minera Frontera del Oro SpA</td></tr>
    <tr><td><b>Inversión:</b></td><td>0.377259 MMU$</td></tr>
    <tr><td><b>Región / Comuna:</b></td><td>Región de Atacama / Tierra Amarilla</td></tr>
    <tr><td><b>Fecha ingreso:</b></td><td></td></tr>
    <tr><td><b>Fecha calificación:</b></td><td>2006-05-17</td></tr>
    <tr><td><b>Lat/Long:</b></td><td>-28.326606, -69.597569</td></tr>
    <tr><td><b>UTM 19S:</b></td><td>441423 E / 6866472 N</td></tr>
  </table>
</div>
]]>
</description>
      <Point>
        <coordinates>-69.597569,-28.326606,0</coordinates>
      </Point>
    </Placemark>

    <Placemark>
      <name>Proyecto Minero Dominoceros (e-seia)</name>
      <description>
<![CDATA[
<div style="font-family:Segoe UI,Arial,sans-serif;font-size:13px;">
  <h2 style="margin:0;color:#1e3a8a;">Proyecto Minero Dominoceros (e-seia)</h2>
  <table style="border-collapse:collapse;margin-top:6px;">
    <tr><td><b>Tipo presentación:</b></td><td>DIA</td></tr>
    <tr><td><b>Estado:</b></td><td>Aprobado</td></tr>
    <tr><td><b>Sector:</b></td><td>Minería</td></tr>
    <tr><td><b>Titular:</b></td><td>Sociedad de Exploración y Desarrollo Minero EXPLODESA</td></tr>
    <tr><td><b>Inversión:</b></td><td>0.27 MMU$</td></tr>
    <tr><td><b>Región / Comuna:</b></td><td>Región de Atacama / Vallenar</td></tr>
    <tr><td><b>Fecha ingreso:</b></td><td></td></tr>
    <tr><td><b>Fecha calificación:</b></td><td>2006-05-17</td></tr>
    <tr><td><b>Lat/Long:</b></td><td>-29.042941, -70.804131</td></tr>
    <tr><td><b>UTM 19S:</b></td><td>324335 E / 6785914 N</td></tr>
  </table>
</div>
]]>
</description>
      <Point>
        <coordinates>-70.804131,-29.042941,0</coordinates>
      </Point>
    </Placemark>

    <Placemark>
      <name>Extracción de Desmontes Distritos Fragüita y El Morado (e-seia)</name>
      <description>
<![CDATA[
<div style="font-family:Segoe UI,Arial,sans-serif;font-size:13px;">
  <h2 style="margin:0;color:#1e3a8a;">Extracción de Desmontes Distritos Fragüita y El Morado (e-seia)</h2>
  <table style="border-collapse:collapse;margin-top:6px;">
    <tr><td><b>Tipo presentación:</b></td><td>DIA</td></tr>
    <tr><td><b>Estado:</b></td><td>Aprobado</td></tr>
    <tr><td><b>Sector:</b></td><td>Minería</td></tr>
    <tr><td><b>Titular:</b></td><td>Sociedad de Exploración y Desarrollo Minero EXPLODESA</td></tr>
    <tr><td><b>Inversión:</b></td><td>0.0005 MMU$</td></tr>
    <tr><td><b>Región / Comuna:</b></td><td>Región de Atacama / Freirina</td></tr>
    <tr><td><b>Fecha ingreso:</b></td><td></td></tr>
    <tr><td><b>Fecha calificación:</b></td><td>2006-05-31</td></tr>
    <tr><td><b>Lat/Long:</b></td><td>-28.770555, -71.150837</td></tr>
    <tr><td><b>UTM 19S:</b></td><td>290021 E / 6815537 N</td></tr>
  </table>
</div>
]]>
</description>
      <Point>
        <coordinates>-71.150837,-28.770555,0</coordinates>
      </Point>
    </Placemark>

    <Placemark>
      <name>Proyecto Túnel de Exploración El Morro (e-seia)</name>
      <description>
<![CDATA[
<div style="font-family:Segoe UI,Arial,sans-serif;font-size:13px;">
  <h2 style="margin:0;color:#1e3a8a;">Proyecto Túnel de Exploración El Morro (e-seia)</h2>
  <table style="border-collapse:collapse;margin-top:6px;">
    <tr><td><b>Tipo presentación:</b></td><td>DIA</td></tr>
    <tr><td><b>Estado:</b></td><td>Aprobado</td></tr>
    <tr><td><b>Sector:</b></td><td>Minería</td></tr>
    <tr><td><b>Titular:</b></td><td>El Morro SpA.</td></tr>
    <tr><td><b>Inversión:</b></td><td>4.6 MMU$</td></tr>
    <tr><td><b>Región / Comuna:</b></td><td>Región de Atacama / Tierra Amarilla-Alto del Carmen</td></tr>
    <tr><td><b>Fecha ingreso:</b></td><td></td></tr>
    <tr><td><b>Fecha calificación:</b></td><td>2006-03-11</td></tr>
    <tr><td><b>Lat/Long:</b></td><td>-28.631843, -69.896756</td></tr>
    <tr><td><b>UTM 19S:</b></td><td>412346 E / 6832473 N</td></tr>
  </table>
</div>
]]>
</description>
      <Point>
        <coordinates>-69.896756,-28.631843,0</coordinates>
      </Point>
    </Placemark>

    <Placemark>
      <name>Explotación de Minerales de Hierro Desvío Norte (e-seia)</name>
      <description>
<![CDATA[
<div style="font-family:Segoe UI,Arial,sans-serif;font-size:13px;">
  <h2 style="margin:0;color:#1e3a8a;">Explotación de Minerales de Hierro Desvío Norte (e-seia)</h2>
  <table style="border-collapse:collapse;margin-top:6px;">
    <tr><td><b>Tipo presentación:</b></td><td>DIA</td></tr>
    <tr><td><b>Estado:</b></td><td>Aprobado</td></tr>
    <tr><td><b>Sector:</b></td><td>Minería</td></tr>
    <tr><td><b>Titular:</b></td><td> Víctor Hugo Peña Díaz</td></tr>
    <tr><td><b>Inversión:</b></td><td>3.86 MMU$</td></tr>
    <tr><td><b>Región / Comuna:</b></td><td>Región de Atacama / Vallenar</td></tr>
    <tr><td><b>Fecha ingreso:</b></td><td></td></tr>
    <tr><td><b>Fecha calificación:</b></td><td>2006-08-19</td></tr>
    <tr><td><b>Lat/Long:</b></td><td>-29.145289, -71.046171</td></tr>
    <tr><td><b>UTM 19S:</b></td><td>300960 E / 6774186 N</td></tr>
  </table>
</div>
]]>
</description>
      <Point>
        <coordinates>-71.046171,-29.145289,0</coordinates>
      </Point>
    </Placemark>

    <Placemark>
      <name>Planta de Magnetita (e-seia)</name>
      <description>
<![CDATA[
<div style="font-family:Segoe UI,Arial,sans-serif;font-size:13px;">
  <h2 style="margin:0;color:#1e3a8a;">Planta de Magnetita (e-seia)</h2>
  <table style="border-collapse:collapse;margin-top:6px;">
    <tr><td><b>Tipo presentación:</b></td><td>DIA</td></tr>
    <tr><td><b>Estado:</b></td><td>Aprobado</td></tr>
    <tr><td><b>Sector:</b></td><td>Minería</td></tr>
    <tr><td><b>Titular:</b></td><td>Compañía Minera del Pacífico S.A.</td></tr>
    <tr><td><b>Inversión:</b></td><td>65.0 MMU$</td></tr>
    <tr><td><b>Región / Comuna:</b></td><td>Región de Atacama / Tierra Amarilla</td></tr>
    <tr><td><b>Fecha ingreso:</b></td><td></td></tr>
    <tr><td><b>Fecha calificación:</b></td><td>2005-12-20</td></tr>
    <tr><td><b>Lat/Long:</b></td><td>-27.517572, -70.315122</td></tr>
    <tr><td><b>UTM 19S:</b></td><td>370116 E / 6955548 N</td></tr>
  </table>
</div>
]]>
</description>
      <Point>
        <coordinates>-70.315122,-27.517572,0</coordinates>
      </Point>
    </Placemark>

    <Placemark>
      <name>Modificaciones al Sistema de Alimentación de Relaves al Tranque (e-seia)</name>
      <description>
<![CDATA[
<div style="font-family:Segoe UI,Arial,sans-serif;font-size:13px;">
  <h2 style="margin:0;color:#1e3a8a;">Modificaciones al Sistema de Alimentación de Relaves al Tranque (e-seia)</h2>
  <table style="border-collapse:collapse;margin-top:6px;">
    <tr><td><b>Tipo presentación:</b></td><td>DIA</td></tr>
    <tr><td><b>Estado:</b></td><td>Aprobado</td></tr>
    <tr><td><b>Sector:</b></td><td>Minería</td></tr>
    <tr><td><b>Titular:</b></td><td>Compañía Contractual Minera Candelaria</td></tr>
    <tr><td><b>Inversión:</b></td><td>0.1 MMU$</td></tr>
    <tr><td><b>Región / Comuna:</b></td><td>Región de Atacama / Tierra Amarilla</td></tr>
    <tr><td><b>Fecha ingreso:</b></td><td></td></tr>
    <tr><td><b>Fecha calificación:</b></td><td>2006-01-23</td></tr>
    <tr><td><b>Lat/Long:</b></td><td>-27.521015, -70.320479</td></tr>
    <tr><td><b>UTM 19S:</b></td><td>369591 E / 6955161 N</td></tr>
  </table>
</div>
]]>
</description>
      <Point>
        <coordinates>-70.320479,-27.521015,0</coordinates>
      </Point>
    </Placemark>

    <Placemark>
      <name>PLANTA SX-EW 200 TMF/MES PLANTA VALLENAR DE ENAMI (e-seia)</name>
      <description>
<![CDATA[
<div style="font-family:Segoe UI,Arial,sans-serif;font-size:13px;">
  <h2 style="margin:0;color:#1e3a8a;">PLANTA SX-EW 200 TMF/MES PLANTA VALLENAR DE ENAMI (e-seia)</h2>
  <table style="border-collapse:collapse;margin-top:6px;">
    <tr><td><b>Tipo presentación:</b></td><td>DIA</td></tr>
    <tr><td><b>Estado:</b></td><td>Aprobado</td></tr>
    <tr><td><b>Sector:</b></td><td>Minería</td></tr>
    <tr><td><b>Titular:</b></td><td>Empresa Nacional de Minería</td></tr>
    <tr><td><b>Inversión:</b></td><td>2.7 MMU$</td></tr>
    <tr><td><b>Región / Comuna:</b></td><td>Región de Atacama / Vallenar</td></tr>
    <tr><td><b>Fecha ingreso:</b></td><td></td></tr>
    <tr><td><b>Fecha calificación:</b></td><td>2006-04-19</td></tr>
    <tr><td><b>Lat/Long:</b></td><td>-28.56488, -70.740371</td></tr>
    <tr><td><b>UTM 19S:</b></td><td>329769 E / 6838984 N</td></tr>
  </table>
</div>
]]>
</description>
      <Point>
        <coordinates>-70.740371,-28.56488,0</coordinates>
      </Point>
    </Placemark>

    <Placemark>
      <name>Proyecto de Prospección Minera, Sitio Río Figueroa, III Región (e-seia)</name>
      <description>
<![CDATA[
<div style="font-family:Segoe UI,Arial,sans-serif;font-size:13px;">
  <h2 style="margin:0;color:#1e3a8a;">Proyecto de Prospección Minera, Sitio Río Figueroa, III Región (e-seia)</h2>
  <table style="border-collapse:collapse;margin-top:6px;">
    <tr><td><b>Tipo presentación:</b></td><td>DIA</td></tr>
    <tr><td><b>Estado:</b></td><td>Aprobado</td></tr>
    <tr><td><b>Sector:</b></td><td>Minería</td></tr>
    <tr><td><b>Titular:</b></td><td>Minera Metallica Resources Chile Limitada</td></tr>
    <tr><td><b>Inversión:</b></td><td>3.0 MMU$</td></tr>
    <tr><td><b>Región / Comuna:</b></td><td>Región de Atacama / Tierra Amarilla</td></tr>
    <tr><td><b>Fecha ingreso:</b></td><td></td></tr>
    <tr><td><b>Fecha calificación:</b></td><td>2005-11-10</td></tr>
    <tr><td><b>Lat/Long:</b></td><td>-27.598537, -69.518869</td></tr>
    <tr><td><b>UTM 19S:</b></td><td>448795 E / 6947161 N</td></tr>
  </table>
</div>
]]>
</description>
      <Point>
        <coordinates>-69.518869,-27.598537,0</coordinates>
      </Point>
    </Placemark>

    <Placemark>
      <name>Ampliación II Proyecto Dos Amigos (e-seia)</name>
      <description>
<![CDATA[
<div style="font-family:Segoe UI,Arial,sans-serif;font-size:13px;">
  <h2 style="margin:0;color:#1e3a8a;">Ampliación II Proyecto Dos Amigos (e-seia)</h2>
  <table style="border-collapse:collapse;margin-top:6px;">
    <tr><td><b>Tipo presentación:</b></td><td>DIA</td></tr>
    <tr><td><b>Estado:</b></td><td>Aprobado</td></tr>
    <tr><td><b>Sector:</b></td><td>Minería</td></tr>
    <tr><td><b>Titular:</b></td><td>Compañía Explotadora de Minas SPA</td></tr>
    <tr><td><b>Inversión:</b></td><td>2e-06 MMU$</td></tr>
    <tr><td><b>Región / Comuna:</b></td><td>Región de Atacama / Vallenar</td></tr>
    <tr><td><b>Fecha ingreso:</b></td><td></td></tr>
    <tr><td><b>Fecha calificación:</b></td><td>2005-11-25</td></tr>
    <tr><td><b>Lat/Long:</b></td><td>-28.98076, -70.895779</td></tr>
    <tr><td><b>UTM 19S:</b></td><td>315299 E / 6792665 N</td></tr>
  </table>
</div>
]]>
</description>
      <Point>
        <coordinates>-70.895779,-28.98076,0</coordinates>
      </Point>
    </Placemark>

    <Placemark>
      <name>Mina La Japonesa (e-seia)</name>
      <description>
<![CDATA[
<div style="font-family:Segoe UI,Arial,sans-serif;font-size:13px;">
  <h2 style="margin:0;color:#1e3a8a;">Mina La Japonesa (e-seia)</h2>
  <table style="border-collapse:collapse;margin-top:6px;">
    <tr><td><b>Tipo presentación:</b></td><td>DIA</td></tr>
    <tr><td><b>Estado:</b></td><td>Aprobado</td></tr>
    <tr><td><b>Sector:</b></td><td>Minería</td></tr>
    <tr><td><b>Titular:</b></td><td>Sociedad Contractual Minera Vallenar Iron Company</td></tr>
    <tr><td><b>Inversión:</b></td><td>8.0 MMU$</td></tr>
    <tr><td><b>Región / Comuna:</b></td><td>Región de Atacama / Vallenar</td></tr>
    <tr><td><b>Fecha ingreso:</b></td><td></td></tr>
    <tr><td><b>Fecha calificación:</b></td><td>2005-11-08</td></tr>
    <tr><td><b>Lat/Long:</b></td><td>-28.636235, -70.817952</td></tr>
    <tr><td><b>UTM 19S:</b></td><td>322299 E / 6830964 N</td></tr>
  </table>
</div>
]]>
</description>
      <Point>
        <coordinates>-70.817952,-28.636235,0</coordinates>
      </Point>
    </Placemark>

    <Placemark>
      <name>Explotación de Minerales de Hierro desde Depósitos Aluviales, Sector Llanos de Cristales (e-seia)</name>
      <description>
<![CDATA[
<div style="font-family:Segoe UI,Arial,sans-serif;font-size:13px;">
  <h2 style="margin:0;color:#1e3a8a;">Explotación de Minerales de Hierro desde Depósitos Aluviales, Sector Llanos de Cristales (e-seia)</h2>
  <table style="border-collapse:collapse;margin-top:6px;">
    <tr><td><b>Tipo presentación:</b></td><td>DIA</td></tr>
    <tr><td><b>Estado:</b></td><td>Aprobado</td></tr>
    <tr><td><b>Sector:</b></td><td>Minería</td></tr>
    <tr><td><b>Titular:</b></td><td> Víctor Hugo Peña Díaz</td></tr>
    <tr><td><b>Inversión:</b></td><td>3.1 MMU$</td></tr>
    <tr><td><b>Región / Comuna:</b></td><td>Región de Atacama / Vallenar</td></tr>
    <tr><td><b>Fecha ingreso:</b></td><td></td></tr>
    <tr><td><b>Fecha calificación:</b></td><td>2005-12-03</td></tr>
    <tr><td><b>Lat/Long:</b></td><td>-29.134096, -71.022935</td></tr>
    <tr><td><b>UTM 19S:</b></td><td>303199 E / 6775466 N</td></tr>
  </table>
</div>
]]>
</description>
      <Point>
        <coordinates>-71.022935,-29.134096,0</coordinates>
      </Point>
    </Placemark>

    <Placemark>
      <name>Prospección Minera La Japonesa (e-seia)</name>
      <description>
<![CDATA[
<div style="font-family:Segoe UI,Arial,sans-serif;font-size:13px;">
  <h2 style="margin:0;color:#1e3a8a;">Prospección Minera La Japonesa (e-seia)</h2>
  <table style="border-collapse:collapse;margin-top:6px;">
    <tr><td><b>Tipo presentación:</b></td><td>DIA</td></tr>
    <tr><td><b>Estado:</b></td><td>Aprobado</td></tr>
    <tr><td><b>Sector:</b></td><td>Minería</td></tr>
    <tr><td><b>Titular:</b></td><td>Sociedad Contractual Minera Vallenar Iron Company</td></tr>
    <tr><td><b>Inversión:</b></td><td>0.2 MMU$</td></tr>
    <tr><td><b>Región / Comuna:</b></td><td>Región de Atacama / Vallenar</td></tr>
    <tr><td><b>Fecha ingreso:</b></td><td></td></tr>
    <tr><td><b>Fecha calificación:</b></td><td>2005-07-29</td></tr>
    <tr><td><b>Lat/Long:</b></td><td>-28.636234, -70.817953</td></tr>
    <tr><td><b>UTM 19S:</b></td><td>322299 E / 6830964 N</td></tr>
  </table>
</div>
]]>
</description>
      <Point>
        <coordinates>-70.817953,-28.636234,0</coordinates>
      </Point>
    </Placemark>

    <Placemark>
      <name>Disposición de Residuos Provenientes del Proceso de Lixiviación Planta Biocobre (e-seia)</name>
      <description>
<![CDATA[
<div style="font-family:Segoe UI,Arial,sans-serif;font-size:13px;">
  <h2 style="margin:0;color:#1e3a8a;">Disposición de Residuos Provenientes del Proceso de Lixiviación Planta Biocobre (e-seia)</h2>
  <table style="border-collapse:collapse;margin-top:6px;">
    <tr><td><b>Tipo presentación:</b></td><td>DIA</td></tr>
    <tr><td><b>Estado:</b></td><td>Aprobado</td></tr>
    <tr><td><b>Sector:</b></td><td>Minería</td></tr>
    <tr><td><b>Titular:</b></td><td>Sociedad Punta del Cobre S.A.</td></tr>
    <tr><td><b>Inversión:</b></td><td>0.6 MMU$</td></tr>
    <tr><td><b>Región / Comuna:</b></td><td>Región de Atacama / Copiapó</td></tr>
    <tr><td><b>Fecha ingreso:</b></td><td></td></tr>
    <tr><td><b>Fecha calificación:</b></td><td>2005-08-17</td></tr>
    <tr><td><b>Lat/Long:</b></td><td>-27.378348, -70.23274</td></tr>
    <tr><td><b>UTM 19S:</b></td><td>378100 E / 6971055 N</td></tr>
  </table>
</div>
]]>
</description>
      <Point>
        <coordinates>-70.23274,-27.378348,0</coordinates>
      </Point>
    </Placemark>

    <Placemark>
      <name>PROSPECCION MINERA CERRO BLANCO (e-seia)</name>
      <description>
<![CDATA[
<div style="font-family:Segoe UI,Arial,sans-serif;font-size:13px;">
  <h2 style="margin:0;color:#1e3a8a;">PROSPECCION MINERA CERRO BLANCO (e-seia)</h2>
  <table style="border-collapse:collapse;margin-top:6px;">
    <tr><td><b>Tipo presentación:</b></td><td>DIA</td></tr>
    <tr><td><b>Estado:</b></td><td>Aprobado</td></tr>
    <tr><td><b>Sector:</b></td><td>Minería</td></tr>
    <tr><td><b>Titular:</b></td><td>MINERA MH CHILE LIMITADA</td></tr>
    <tr><td><b>Inversión:</b></td><td>0.36 MMU$</td></tr>
    <tr><td><b>Región / Comuna:</b></td><td>Región de Atacama / Tierra Amarilla</td></tr>
    <tr><td><b>Fecha ingreso:</b></td><td></td></tr>
    <tr><td><b>Fecha calificación:</b></td><td>2005-06-24</td></tr>
    <tr><td><b>Lat/Long:</b></td><td>-28.038841, -70.149679</td></tr>
    <tr><td><b>UTM 19S:</b></td><td>386997 E / 6897962 N</td></tr>
  </table>
</div>
]]>
</description>
      <Point>
        <coordinates>-70.149679,-28.038841,0</coordinates>
      </Point>
    </Placemark>

    <Placemark>
      <name>Proyecto Recirculación Circuito Chancado de Pebbles (e-seia)</name>
      <description>
<![CDATA[
<div style="font-family:Segoe UI,Arial,sans-serif;font-size:13px;">
  <h2 style="margin:0;color:#1e3a8a;">Proyecto Recirculación Circuito Chancado de Pebbles (e-seia)</h2>
  <table style="border-collapse:collapse;margin-top:6px;">
    <tr><td><b>Tipo presentación:</b></td><td>DIA</td></tr>
    <tr><td><b>Estado:</b></td><td>Aprobado</td></tr>
    <tr><td><b>Sector:</b></td><td>Minería</td></tr>
    <tr><td><b>Titular:</b></td><td>Compañía Contractual Minera Candelaria</td></tr>
    <tr><td><b>Inversión:</b></td><td>12.0 MMU$</td></tr>
    <tr><td><b>Región / Comuna:</b></td><td>Región de Atacama / Tierra Amarilla</td></tr>
    <tr><td><b>Fecha ingreso:</b></td><td></td></tr>
    <tr><td><b>Fecha calificación:</b></td><td>2005-05-12</td></tr>
    <tr><td><b>Lat/Long:</b></td><td>-27.527762, -70.297909</td></tr>
    <tr><td><b>UTM 19S:</b></td><td>371828 E / 6954437 N</td></tr>
  </table>
</div>
]]>
</description>
      <Point>
        <coordinates>-70.297909,-27.527762,0</coordinates>
      </Point>
    </Placemark>

    <Placemark>
      <name>RECEPCIÓN Y BENEFICIO DE MINERALES DE MINA ALCAPARROSA (e-seia)</name>
      <description>
<![CDATA[
<div style="font-family:Segoe UI,Arial,sans-serif;font-size:13px;">
  <h2 style="margin:0;color:#1e3a8a;">RECEPCIÓN Y BENEFICIO DE MINERALES DE MINA ALCAPARROSA (e-seia)</h2>
  <table style="border-collapse:collapse;margin-top:6px;">
    <tr><td><b>Tipo presentación:</b></td><td>DIA</td></tr>
    <tr><td><b>Estado:</b></td><td>Aprobado</td></tr>
    <tr><td><b>Sector:</b></td><td>Minería</td></tr>
    <tr><td><b>Titular:</b></td><td>Compañía Contractual Minera Candelaria</td></tr>
    <tr><td><b>Inversión:</b></td><td>0.0 MMU$</td></tr>
    <tr><td><b>Región / Comuna:</b></td><td>Región de Atacama / Tierra Amarilla</td></tr>
    <tr><td><b>Fecha ingreso:</b></td><td></td></tr>
    <tr><td><b>Fecha calificación:</b></td><td>2005-03-09</td></tr>
    <tr><td><b>Lat/Long:</b></td><td>-27.494148, -70.297828</td></tr>
    <tr><td><b>UTM 19S:</b></td><td>371797 E / 6958161 N</td></tr>
  </table>
</div>
]]>
</description>
      <Point>
        <coordinates>-70.297828,-27.494148,0</coordinates>
      </Point>
    </Placemark>

    <Placemark>
      <name>Mina Manto Negro (e-seia)</name>
      <description>
<![CDATA[
<div style="font-family:Segoe UI,Arial,sans-serif;font-size:13px;">
  <h2 style="margin:0;color:#1e3a8a;">Mina Manto Negro (e-seia)</h2>
  <table style="border-collapse:collapse;margin-top:6px;">
    <tr><td><b>Tipo presentación:</b></td><td>DIA</td></tr>
    <tr><td><b>Estado:</b></td><td>Aprobado</td></tr>
    <tr><td><b>Sector:</b></td><td>Minería</td></tr>
    <tr><td><b>Titular:</b></td><td>SOCIEDAD PUNTA DEL COBRE S.A.</td></tr>
    <tr><td><b>Inversión:</b></td><td>4.0 MMU$</td></tr>
    <tr><td><b>Región / Comuna:</b></td><td>Región de Atacama / Copiapó</td></tr>
    <tr><td><b>Fecha ingreso:</b></td><td></td></tr>
    <tr><td><b>Fecha calificación:</b></td><td>2005-03-10</td></tr>
    <tr><td><b>Lat/Long:</b></td><td>-27.811686, -70.575655</td></tr>
    <tr><td><b>UTM 19S:</b></td><td>344798 E / 6922662 N</td></tr>
  </table>
</div>
]]>
</description>
      <Point>
        <coordinates>-70.575655,-27.811686,0</coordinates>
      </Point>
    </Placemark>

    <Placemark>
      <name>Proyecto Rampa de Exploración Minera Candelaria Sur (e-seia)</name>
      <description>
<![CDATA[
<div style="font-family:Segoe UI,Arial,sans-serif;font-size:13px;">
  <h2 style="margin:0;color:#1e3a8a;">Proyecto Rampa de Exploración Minera Candelaria Sur (e-seia)</h2>
  <table style="border-collapse:collapse;margin-top:6px;">
    <tr><td><b>Tipo presentación:</b></td><td>DIA</td></tr>
    <tr><td><b>Estado:</b></td><td>Aprobado</td></tr>
    <tr><td><b>Sector:</b></td><td>Minería</td></tr>
    <tr><td><b>Titular:</b></td><td>Compañía Contractual Minera Candelaria</td></tr>
    <tr><td><b>Inversión:</b></td><td>2.044 MMU$</td></tr>
    <tr><td><b>Región / Comuna:</b></td><td>Región de Atacama / Tierra Amarilla</td></tr>
    <tr><td><b>Fecha ingreso:</b></td><td></td></tr>
    <tr><td><b>Fecha calificación:</b></td><td>2005-01-26</td></tr>
    <tr><td><b>Lat/Long:</b></td><td>-27.517296, -70.290658</td></tr>
    <tr><td><b>UTM 19S:</b></td><td>372532 E / 6955604 N</td></tr>
  </table>
</div>
]]>
</description>
      <Point>
        <coordinates>-70.290658,-27.517296,0</coordinates>
      </Point>
    </Placemark>

    <Placemark>
      <name>Modificación II Proyecto Alcaparrosa (e-seia)</name>
      <description>
<![CDATA[
<div style="font-family:Segoe UI,Arial,sans-serif;font-size:13px;">
  <h2 style="margin:0;color:#1e3a8a;">Modificación II Proyecto Alcaparrosa (e-seia)</h2>
  <table style="border-collapse:collapse;margin-top:6px;">
    <tr><td><b>Tipo presentación:</b></td><td>DIA</td></tr>
    <tr><td><b>Estado:</b></td><td>Aprobado</td></tr>
    <tr><td><b>Sector:</b></td><td>Minería</td></tr>
    <tr><td><b>Titular:</b></td><td>Compañía Contractual Minera Ojos del Salado  </td></tr>
    <tr><td><b>Inversión:</b></td><td>1.2 MMU$</td></tr>
    <tr><td><b>Región / Comuna:</b></td><td>Región de Atacama / Tierra Amarilla</td></tr>
    <tr><td><b>Fecha ingreso:</b></td><td></td></tr>
    <tr><td><b>Fecha calificación:</b></td><td>2005-01-18</td></tr>
    <tr><td><b>Lat/Long:</b></td><td>-27.472319, -70.272067</td></tr>
    <tr><td><b>UTM 19S:</b></td><td>374317 E / 6960606 N</td></tr>
  </table>
</div>
]]>
</description>
      <Point>
        <coordinates>-70.272067,-27.472319,0</coordinates>
      </Point>
    </Placemark>

    <Placemark>
      <name>Expansión y Mejoramiento Planta San José a 300 KTPM (e-seia)</name>
      <description>
<![CDATA[
<div style="font-family:Segoe UI,Arial,sans-serif;font-size:13px;">
  <h2 style="margin:0;color:#1e3a8a;">Expansión y Mejoramiento Planta San José a 300 KTPM (e-seia)</h2>
  <table style="border-collapse:collapse;margin-top:6px;">
    <tr><td><b>Tipo presentación:</b></td><td>DIA</td></tr>
    <tr><td><b>Estado:</b></td><td>Aprobado</td></tr>
    <tr><td><b>Sector:</b></td><td>Minería</td></tr>
    <tr><td><b>Titular:</b></td><td>Sociedad Punta del Cobre S.A.</td></tr>
    <tr><td><b>Inversión:</b></td><td>4.0 MMU$</td></tr>
    <tr><td><b>Región / Comuna:</b></td><td>Región de Atacama / Tierra Amarilla</td></tr>
    <tr><td><b>Fecha ingreso:</b></td><td></td></tr>
    <tr><td><b>Fecha calificación:</b></td><td>2005-01-07</td></tr>
    <tr><td><b>Lat/Long:</b></td><td>-27.48301, -70.282513</td></tr>
    <tr><td><b>UTM 19S:</b></td><td>373297 E / 6959411 N</td></tr>
  </table>
</div>
]]>
</description>
      <Point>
        <coordinates>-70.282513,-27.48301,0</coordinates>
      </Point>
    </Placemark>

    <Placemark>
      <name>Modificación Operacional Tranque de Relave las Cruces a 300 KTPM (e-seia)</name>
      <description>
<![CDATA[
<div style="font-family:Segoe UI,Arial,sans-serif;font-size:13px;">
  <h2 style="margin:0;color:#1e3a8a;">Modificación Operacional Tranque de Relave las Cruces a 300 KTPM (e-seia)</h2>
  <table style="border-collapse:collapse;margin-top:6px;">
    <tr><td><b>Tipo presentación:</b></td><td>DIA</td></tr>
    <tr><td><b>Estado:</b></td><td>Aprobado</td></tr>
    <tr><td><b>Sector:</b></td><td>Minería</td></tr>
    <tr><td><b>Titular:</b></td><td>Sociedad Punta del Cobre S.A.</td></tr>
    <tr><td><b>Inversión:</b></td><td>3.5 MMU$</td></tr>
    <tr><td><b>Región / Comuna:</b></td><td>Región de Atacama / Tierra Amarilla</td></tr>
    <tr><td><b>Fecha ingreso:</b></td><td></td></tr>
    <tr><td><b>Fecha calificación:</b></td><td>2005-01-17</td></tr>
    <tr><td><b>Lat/Long:</b></td><td>-27.451018, -70.325144</td></tr>
    <tr><td><b>UTM 19S:</b></td><td>369047 E / 6962911 N</td></tr>
  </table>
</div>
]]>
</description>
      <Point>
        <coordinates>-70.325144,-27.451018,0</coordinates>
      </Point>
    </Placemark>

    <Placemark>
      <name>Prospección Minera Utsunomiya (e-seia)</name>
      <description>
<![CDATA[
<div style="font-family:Segoe UI,Arial,sans-serif;font-size:13px;">
  <h2 style="margin:0;color:#1e3a8a;">Prospección Minera Utsunomiya (e-seia)</h2>
  <table style="border-collapse:collapse;margin-top:6px;">
    <tr><td><b>Tipo presentación:</b></td><td>DIA</td></tr>
    <tr><td><b>Estado:</b></td><td>Aprobado</td></tr>
    <tr><td><b>Sector:</b></td><td>Minería</td></tr>
    <tr><td><b>Titular:</b></td><td>Minera Nittetsu Chile Limitada</td></tr>
    <tr><td><b>Inversión:</b></td><td>0.3 MMU$</td></tr>
    <tr><td><b>Región / Comuna:</b></td><td>Región de Atacama / Tierra Amarilla-Copiapó</td></tr>
    <tr><td><b>Fecha ingreso:</b></td><td></td></tr>
    <tr><td><b>Fecha calificación:</b></td><td>2004-09-27</td></tr>
    <tr><td><b>Lat/Long:</b></td><td>-27.635122, -70.340652</td></tr>
    <tr><td><b>UTM 19S:</b></td><td>367735 E / 6942498 N</td></tr>
  </table>
</div>
]]>
</description>
      <Point>
        <coordinates>-70.340652,-27.635122,0</coordinates>
      </Point>
    </Placemark>

    <Placemark>
      <name>Explotación Proyecto Laura - Laurita (e-seia)</name>
      <description>
<![CDATA[
<div style="font-family:Segoe UI,Arial,sans-serif;font-size:13px;">
  <h2 style="margin:0;color:#1e3a8a;">Explotación Proyecto Laura - Laurita (e-seia)</h2>
  <table style="border-collapse:collapse;margin-top:6px;">
    <tr><td><b>Tipo presentación:</b></td><td>DIA</td></tr>
    <tr><td><b>Estado:</b></td><td>Aprobado</td></tr>
    <tr><td><b>Sector:</b></td><td>Minería</td></tr>
    <tr><td><b>Titular:</b></td><td>Empresa Nacional de Minería</td></tr>
    <tr><td><b>Inversión:</b></td><td>0.55414 MMU$</td></tr>
    <tr><td><b>Región / Comuna:</b></td><td>Región de Atacama / Chañaral</td></tr>
    <tr><td><b>Fecha ingreso:</b></td><td></td></tr>
    <tr><td><b>Fecha calificación:</b></td><td>2004-07-01</td></tr>
    <tr><td><b>Lat/Long:</b></td><td>-26.538889, -70.320519</td></tr>
    <tr><td><b>UTM 19S:</b></td><td>368447 E / 7063958 N</td></tr>
  </table>
</div>
]]>
</description>
      <Point>
        <coordinates>-70.320519,-26.538889,0</coordinates>
      </Point>
    </Placemark>

    <Placemark>
      <name>Proyecto Bellavista (e-seia)</name>
      <description>
<![CDATA[
<div style="font-family:Segoe UI,Arial,sans-serif;font-size:13px;">
  <h2 style="margin:0;color:#1e3a8a;">Proyecto Bellavista (e-seia)</h2>
  <table style="border-collapse:collapse;margin-top:6px;">
    <tr><td><b>Tipo presentación:</b></td><td>DIA</td></tr>
    <tr><td><b>Estado:</b></td><td>Aprobado</td></tr>
    <tr><td><b>Sector:</b></td><td>Minería</td></tr>
    <tr><td><b>Titular:</b></td><td>Sociedad Punta del Cobre S.A.</td></tr>
    <tr><td><b>Inversión:</b></td><td>0.4 MMU$</td></tr>
    <tr><td><b>Región / Comuna:</b></td><td>Región de Atacama / Copiapó</td></tr>
    <tr><td><b>Fecha ingreso:</b></td><td></td></tr>
    <tr><td><b>Fecha calificación:</b></td><td>2004-05-06</td></tr>
    <tr><td><b>Lat/Long:</b></td><td>-27.104359, -70.670018</td></tr>
    <tr><td><b>UTM 19S:</b></td><td>334448 E / 7000906 N</td></tr>
  </table>
</div>
]]>
</description>
      <Point>
        <coordinates>-70.670018,-27.104359,0</coordinates>
      </Point>
    </Placemark>

    <Placemark>
      <name>Doña AGI (e-seia)</name>
      <description>
<![CDATA[
<div style="font-family:Segoe UI,Arial,sans-serif;font-size:13px;">
  <h2 style="margin:0;color:#1e3a8a;">Doña AGI (e-seia)</h2>
  <table style="border-collapse:collapse;margin-top:6px;">
    <tr><td><b>Tipo presentación:</b></td><td>DIA</td></tr>
    <tr><td><b>Estado:</b></td><td>Aprobado</td></tr>
    <tr><td><b>Sector:</b></td><td>Minería</td></tr>
    <tr><td><b>Titular:</b></td><td>Sociedad Punta del Cobre S.A.</td></tr>
    <tr><td><b>Inversión:</b></td><td>0.4 MMU$</td></tr>
    <tr><td><b>Región / Comuna:</b></td><td>Región de Atacama / Copiapó</td></tr>
    <tr><td><b>Fecha ingreso:</b></td><td></td></tr>
    <tr><td><b>Fecha calificación:</b></td><td>2004-05-18</td></tr>
    <tr><td><b>Lat/Long:</b></td><td>-27.45933, -70.256132</td></tr>
    <tr><td><b>UTM 19S:</b></td><td>375877 E / 6962061 N</td></tr>
  </table>
</div>
]]>
</description>
      <Point>
        <coordinates>-70.256132,-27.45933,0</coordinates>
      </Point>
    </Placemark>

    <Placemark>
      <name>Modificación Instalaciones y Diseños Proyecto Refugio (e-seia)</name>
      <description>
<![CDATA[
<div style="font-family:Segoe UI,Arial,sans-serif;font-size:13px;">
  <h2 style="margin:0;color:#1e3a8a;">Modificación Instalaciones y Diseños Proyecto Refugio (e-seia)</h2>
  <table style="border-collapse:collapse;margin-top:6px;">
    <tr><td><b>Tipo presentación:</b></td><td>DIA</td></tr>
    <tr><td><b>Estado:</b></td><td>Aprobado</td></tr>
    <tr><td><b>Sector:</b></td><td>Minería</td></tr>
    <tr><td><b>Titular:</b></td><td>Compañía Minera Maricunga</td></tr>
    <tr><td><b>Inversión:</b></td><td>114.0 MMU$</td></tr>
    <tr><td><b>Región / Comuna:</b></td><td>Región de Atacama / Tierra Amarilla</td></tr>
    <tr><td><b>Fecha ingreso:</b></td><td></td></tr>
    <tr><td><b>Fecha calificación:</b></td><td>2004-01-16</td></tr>
    <tr><td><b>Lat/Long:</b></td><td>-27.561331, -69.277558</td></tr>
    <tr><td><b>UTM 19S:</b></td><td>472600 E / 6951359 N</td></tr>
  </table>
</div>
]]>
</description>
      <Point>
        <coordinates>-69.277558,-27.561331,0</coordinates>
      </Point>
    </Placemark>

    <Placemark>
      <name>Proyecto Minero Subterránea Candelaria Norte (e-seia)</name>
      <description>
<![CDATA[
<div style="font-family:Segoe UI,Arial,sans-serif;font-size:13px;">
  <h2 style="margin:0;color:#1e3a8a;">Proyecto Minero Subterránea Candelaria Norte (e-seia)</h2>
  <table style="border-collapse:collapse;margin-top:6px;">
    <tr><td><b>Tipo presentación:</b></td><td>DIA</td></tr>
    <tr><td><b>Estado:</b></td><td>Aprobado</td></tr>
    <tr><td><b>Sector:</b></td><td>Minería</td></tr>
    <tr><td><b>Titular:</b></td><td>Compañía Contractual Minera Candelaria</td></tr>
    <tr><td><b>Inversión:</b></td><td>32.0 MMU$</td></tr>
    <tr><td><b>Región / Comuna:</b></td><td>Región de Atacama / Tierra Amarilla</td></tr>
    <tr><td><b>Fecha ingreso:</b></td><td></td></tr>
    <tr><td><b>Fecha calificación:</b></td><td>2003-12-18</td></tr>
    <tr><td><b>Lat/Long:</b></td><td>-27.505209, -70.286047</td></tr>
    <tr><td><b>UTM 19S:</b></td><td>372974 E / 6956948 N</td></tr>
  </table>
</div>
]]>
</description>
      <Point>
        <coordinates>-70.286047,-27.505209,0</coordinates>
      </Point>
    </Placemark>

    <Placemark>
      <name>Nuevo Campamento Proyecto Refugio (e-seia)</name>
      <description>
<![CDATA[
<div style="font-family:Segoe UI,Arial,sans-serif;font-size:13px;">
  <h2 style="margin:0;color:#1e3a8a;">Nuevo Campamento Proyecto Refugio (e-seia)</h2>
  <table style="border-collapse:collapse;margin-top:6px;">
    <tr><td><b>Tipo presentación:</b></td><td>DIA</td></tr>
    <tr><td><b>Estado:</b></td><td>Aprobado</td></tr>
    <tr><td><b>Sector:</b></td><td>Minería</td></tr>
    <tr><td><b>Titular:</b></td><td>Compañía Minera Maricunga</td></tr>
    <tr><td><b>Inversión:</b></td><td>5.232984 MMU$</td></tr>
    <tr><td><b>Región / Comuna:</b></td><td>Región de Atacama / Tierra Amarilla</td></tr>
    <tr><td><b>Fecha ingreso:</b></td><td></td></tr>
    <tr><td><b>Fecha calificación:</b></td><td>2003-12-30</td></tr>
    <tr><td><b>Lat/Long:</b></td><td>-27.613189, -69.339787</td></tr>
    <tr><td><b>UTM 19S:</b></td><td>466473 E / 6945599 N</td></tr>
  </table>
</div>
]]>
</description>
      <Point>
        <coordinates>-69.339787,-27.613189,0</coordinates>
      </Point>
    </Placemark>

    <Placemark>
      <name>VENADO NORTE (e-seia)</name>
      <description>
<![CDATA[
<div style="font-family:Segoe UI,Arial,sans-serif;font-size:13px;">
  <h2 style="margin:0;color:#1e3a8a;">VENADO NORTE (e-seia)</h2>
  <table style="border-collapse:collapse;margin-top:6px;">
    <tr><td><b>Tipo presentación:</b></td><td>DIA</td></tr>
    <tr><td><b>Estado:</b></td><td>Aprobado</td></tr>
    <tr><td><b>Sector:</b></td><td>Minería</td></tr>
    <tr><td><b>Titular:</b></td><td>SOCIEDAD PUNTA DEL COBRE S.A.</td></tr>
    <tr><td><b>Inversión:</b></td><td>0.2 MMU$</td></tr>
    <tr><td><b>Región / Comuna:</b></td><td>Región de Atacama / Copiapó</td></tr>
    <tr><td><b>Fecha ingreso:</b></td><td></td></tr>
    <tr><td><b>Fecha calificación:</b></td><td>2003-12-04</td></tr>
    <tr><td><b>Lat/Long:</b></td><td>-27.209063, -70.001145</td></tr>
    <tr><td><b>UTM 19S:</b></td><td>400853 E / 6990013 N</td></tr>
  </table>
</div>
]]>
</description>
      <Point>
        <coordinates>-70.001145,-27.209063,0</coordinates>
      </Point>
    </Placemark>

    <Placemark>
      <name>Tranque de relaves planta San Esteban N° 2 (e-seia)</name>
      <description>
<![CDATA[
<div style="font-family:Segoe UI,Arial,sans-serif;font-size:13px;">
  <h2 style="margin:0;color:#1e3a8a;">Tranque de relaves planta San Esteban N° 2 (e-seia)</h2>
  <table style="border-collapse:collapse;margin-top:6px;">
    <tr><td><b>Tipo presentación:</b></td><td>DIA</td></tr>
    <tr><td><b>Estado:</b></td><td>Aprobado</td></tr>
    <tr><td><b>Sector:</b></td><td>Minería</td></tr>
    <tr><td><b>Titular:</b></td><td>Sociedad Punta del Cobre S.A.</td></tr>
    <tr><td><b>Inversión:</b></td><td>1.409883 MMU$</td></tr>
    <tr><td><b>Región / Comuna:</b></td><td>Región de Atacama / Tierra Amarilla</td></tr>
    <tr><td><b>Fecha ingreso:</b></td><td></td></tr>
    <tr><td><b>Fecha calificación:</b></td><td>2003-12-18</td></tr>
    <tr><td><b>Lat/Long:</b></td><td>-27.488887, -70.294406</td></tr>
    <tr><td><b>UTM 19S:</b></td><td>372129 E / 6958747 N</td></tr>
  </table>
</div>
]]>
</description>
      <Point>
        <coordinates>-70.294406,-27.488887,0</coordinates>
      </Point>
    </Placemark>

    <Placemark>
      <name>Mina Rajo Abierto Campamento Antiguo Sulfuros (e-seia)</name>
      <description>
<![CDATA[
<div style="font-family:Segoe UI,Arial,sans-serif;font-size:13px;">
  <h2 style="margin:0;color:#1e3a8a;">Mina Rajo Abierto Campamento Antiguo Sulfuros (e-seia)</h2>
  <table style="border-collapse:collapse;margin-top:6px;">
    <tr><td><b>Tipo presentación:</b></td><td>DIA</td></tr>
    <tr><td><b>Estado:</b></td><td>Aprobado</td></tr>
    <tr><td><b>Sector:</b></td><td>Minería</td></tr>
    <tr><td><b>Titular:</b></td><td>Codelco Chile División Salvador</td></tr>
    <tr><td><b>Inversión:</b></td><td>0.0 MMU$</td></tr>
    <tr><td><b>Región / Comuna:</b></td><td>Región de Atacama / Diego de Almagro</td></tr>
    <tr><td><b>Fecha ingreso:</b></td><td></td></tr>
    <tr><td><b>Fecha calificación:</b></td><td>2003-10-28</td></tr>
    <tr><td><b>Lat/Long:</b></td><td>-26.235826, -69.547378</td></tr>
    <tr><td><b>UTM 19S:</b></td><td>445329 E / 7098084 N</td></tr>
  </table>
</div>
]]>
</description>
      <Point>
        <coordinates>-69.547378,-26.235826,0</coordinates>
      </Point>
    </Placemark>

    <Placemark>
      <name>VENADO SUR: Mina de reposición para planta Biocobre (e-seia)</name>
      <description>
<![CDATA[
<div style="font-family:Segoe UI,Arial,sans-serif;font-size:13px;">
  <h2 style="margin:0;color:#1e3a8a;">VENADO SUR: Mina de reposición para planta Biocobre (e-seia)</h2>
  <table style="border-collapse:collapse;margin-top:6px;">
    <tr><td><b>Tipo presentación:</b></td><td>DIA</td></tr>
    <tr><td><b>Estado:</b></td><td>Aprobado</td></tr>
    <tr><td><b>Sector:</b></td><td>Minería</td></tr>
    <tr><td><b>Titular:</b></td><td>SOCIEDAD PUNTA DEL COBRE S.A.</td></tr>
    <tr><td><b>Inversión:</b></td><td>6.3 MMU$</td></tr>
    <tr><td><b>Región / Comuna:</b></td><td>Región de Atacama / Copiapó</td></tr>
    <tr><td><b>Fecha ingreso:</b></td><td></td></tr>
    <tr><td><b>Fecha calificación:</b></td><td>2003-10-10</td></tr>
    <tr><td><b>Lat/Long:</b></td><td>-27.472656, -70.24234</td></tr>
    <tr><td><b>UTM 19S:</b></td><td>377255 E / 6960598 N</td></tr>
  </table>
</div>
]]>
</description>
      <Point>
        <coordinates>-70.24234,-27.472656,0</coordinates>
      </Point>
    </Placemark>

    <Placemark>
      <name>Proyecto Minero Santa rosa</name>
      <description>
<![CDATA[
<div style="font-family:Segoe UI,Arial,sans-serif;font-size:13px;">
  <h2 style="margin:0;color:#1e3a8a;">Proyecto Minero Santa rosa</h2>
  <table style="border-collapse:collapse;margin-top:6px;">
    <tr><td><b>Tipo presentación:</b></td><td>DIA</td></tr>
    <tr><td><b>Estado:</b></td><td>Aprobado</td></tr>
    <tr><td><b>Sector:</b></td><td>Minería</td></tr>
    <tr><td><b>Titular:</b></td><td>Sociedad de Exploración y Desarrollo Minero EXPLODESA</td></tr>
    <tr><td><b>Inversión:</b></td><td>0.04 MMU$</td></tr>
    <tr><td><b>Región / Comuna:</b></td><td>Región de Atacama / Vallenar</td></tr>
    <tr><td><b>Fecha ingreso:</b></td><td></td></tr>
    <tr><td><b>Fecha calificación:</b></td><td>2003-01-29</td></tr>
    <tr><td><b>Lat/Long:</b></td><td>-29.244262, -71.058012</td></tr>
    <tr><td><b>UTM 19S:</b></td><td>300000 E / 6763197 N</td></tr>
  </table>
</div>
]]>
</description>
      <Point>
        <coordinates>-71.058012,-29.244262,0</coordinates>
      </Point>
    </Placemark>

    <Placemark>
      <name>Optimización proceso de lixiviación</name>
      <description>
<![CDATA[
<div style="font-family:Segoe UI,Arial,sans-serif;font-size:13px;">
  <h2 style="margin:0;color:#1e3a8a;">Optimización proceso de lixiviación</h2>
  <table style="border-collapse:collapse;margin-top:6px;">
    <tr><td><b>Tipo presentación:</b></td><td>DIA</td></tr>
    <tr><td><b>Estado:</b></td><td>Aprobado</td></tr>
    <tr><td><b>Sector:</b></td><td>Minería</td></tr>
    <tr><td><b>Titular:</b></td><td>MANTOVERDE S.A.</td></tr>
    <tr><td><b>Inversión:</b></td><td>22.0 MMU$</td></tr>
    <tr><td><b>Región / Comuna:</b></td><td>Región de Atacama / Chañaral</td></tr>
    <tr><td><b>Fecha ingreso:</b></td><td></td></tr>
    <tr><td><b>Fecha calificación:</b></td><td>2002-10-25</td></tr>
    <tr><td><b>Lat/Long:</b></td><td>-26.56142, -70.32565</td></tr>
    <tr><td><b>UTM 19S:</b></td><td>367962 E / 7061457 N</td></tr>
  </table>
</div>
]]>
</description>
      <Point>
        <coordinates>-70.32565,-26.56142,0</coordinates>
      </Point>
    </Placemark>

    <Placemark>
      <name>Planta Las Pintadas</name>
      <description>
<![CDATA[
<div style="font-family:Segoe UI,Arial,sans-serif;font-size:13px;">
  <h2 style="margin:0;color:#1e3a8a;">Planta Las Pintadas</h2>
  <table style="border-collapse:collapse;margin-top:6px;">
    <tr><td><b>Tipo presentación:</b></td><td>DIA</td></tr>
    <tr><td><b>Estado:</b></td><td>Aprobado</td></tr>
    <tr><td><b>Sector:</b></td><td>Minería</td></tr>
    <tr><td><b>Titular:</b></td><td>Compañía Minera Carmen Bajo</td></tr>
    <tr><td><b>Inversión:</b></td><td>1.0 MMU$</td></tr>
    <tr><td><b>Región / Comuna:</b></td><td>Región de Atacama / Tierra Amarilla</td></tr>
    <tr><td><b>Fecha ingreso:</b></td><td></td></tr>
    <tr><td><b>Fecha calificación:</b></td><td>2002-12-05</td></tr>
    <tr><td><b>Lat/Long:</b></td><td>-27.5637, -70.336607</td></tr>
    <tr><td><b>UTM 19S:</b></td><td>368049 E / 6950415 N</td></tr>
  </table>
</div>
]]>
</description>
      <Point>
        <coordinates>-70.336607,-27.5637,0</coordinates>
      </Point>
    </Placemark>

    <Placemark>
      <name>Instalación y Operación de la Planta de Flotación y Amalgamación Ghom</name>
      <description>
<![CDATA[
<div style="font-family:Segoe UI,Arial,sans-serif;font-size:13px;">
  <h2 style="margin:0;color:#1e3a8a;">Instalación y Operación de la Planta de Flotación y Amalgamación Ghom</h2>
  <table style="border-collapse:collapse;margin-top:6px;">
    <tr><td><b>Tipo presentación:</b></td><td>DIA</td></tr>
    <tr><td><b>Estado:</b></td><td>Aprobado</td></tr>
    <tr><td><b>Sector:</b></td><td>Minería</td></tr>
    <tr><td><b>Titular:</b></td><td>Sociedad Minera Ghom</td></tr>
    <tr><td><b>Inversión:</b></td><td>0.04 MMU$</td></tr>
    <tr><td><b>Región / Comuna:</b></td><td>Región de Atacama / Copiapó</td></tr>
    <tr><td><b>Fecha ingreso:</b></td><td></td></tr>
    <tr><td><b>Fecha calificación:</b></td><td>2002-11-14</td></tr>
    <tr><td><b>Lat/Long:</b></td><td>-27.608052, -69.992128</td></tr>
    <tr><td><b>UTM 19S:</b></td><td>402098 E / 6945822 N</td></tr>
  </table>
</div>
]]>
</description>
      <Point>
        <coordinates>-69.992128,-27.608052,0</coordinates>
      </Point>
    </Placemark>

    <Placemark>
      <name>Ampliación planta SX-EW en Planta Salado</name>
      <description>
<![CDATA[
<div style="font-family:Segoe UI,Arial,sans-serif;font-size:13px;">
  <h2 style="margin:0;color:#1e3a8a;">Ampliación planta SX-EW en Planta Salado</h2>
  <table style="border-collapse:collapse;margin-top:6px;">
    <tr><td><b>Tipo presentación:</b></td><td>DIA</td></tr>
    <tr><td><b>Estado:</b></td><td>Aprobado</td></tr>
    <tr><td><b>Sector:</b></td><td>Minería</td></tr>
    <tr><td><b>Titular:</b></td><td>Empresa Nacional de Minería</td></tr>
    <tr><td><b>Inversión:</b></td><td>2.25 MMU$</td></tr>
    <tr><td><b>Región / Comuna:</b></td><td>Región de Atacama / Chañaral</td></tr>
    <tr><td><b>Fecha ingreso:</b></td><td></td></tr>
    <tr><td><b>Fecha calificación:</b></td><td>2002-07-12</td></tr>
    <tr><td><b>Lat/Long:</b></td><td>-26.418, -70.333428</td></tr>
    <tr><td><b>UTM 19S:</b></td><td>367022 E / 7077335 N</td></tr>
  </table>
</div>
]]>
</description>
      <Point>
        <coordinates>-70.333428,-26.418,0</coordinates>
      </Point>
    </Placemark>

    <Placemark>
      <name>Prestripping Damiana Central</name>
      <description>
<![CDATA[
<div style="font-family:Segoe UI,Arial,sans-serif;font-size:13px;">
  <h2 style="margin:0;color:#1e3a8a;">Prestripping Damiana Central</h2>
  <table style="border-collapse:collapse;margin-top:6px;">
    <tr><td><b>Tipo presentación:</b></td><td>DIA</td></tr>
    <tr><td><b>Estado:</b></td><td>Aprobado</td></tr>
    <tr><td><b>Sector:</b></td><td>Minería</td></tr>
    <tr><td><b>Titular:</b></td><td>Codelco Chile División Salvador</td></tr>
    <tr><td><b>Inversión:</b></td><td>0.0 MMU$</td></tr>
    <tr><td><b>Región / Comuna:</b></td><td>Región de Atacama / Diego de Almagro</td></tr>
    <tr><td><b>Fecha ingreso:</b></td><td></td></tr>
    <tr><td><b>Fecha calificación:</b></td><td>2002-07-12</td></tr>
    <tr><td><b>Lat/Long:</b></td><td>-26.249102, -69.578722</td></tr>
    <tr><td><b>UTM 19S:</b></td><td>442205 E / 7096600 N</td></tr>
  </table>
</div>
]]>
</description>
      <Point>
        <coordinates>-69.578722,-26.249102,0</coordinates>
      </Point>
    </Placemark>

    <Placemark>
      <name>Modificación Damiana Norte</name>
      <description>
<![CDATA[
<div style="font-family:Segoe UI,Arial,sans-serif;font-size:13px;">
  <h2 style="margin:0;color:#1e3a8a;">Modificación Damiana Norte</h2>
  <table style="border-collapse:collapse;margin-top:6px;">
    <tr><td><b>Tipo presentación:</b></td><td>DIA</td></tr>
    <tr><td><b>Estado:</b></td><td>Aprobado</td></tr>
    <tr><td><b>Sector:</b></td><td>Minería</td></tr>
    <tr><td><b>Titular:</b></td><td>Codelco Chile División Salvador</td></tr>
    <tr><td><b>Inversión:</b></td><td>3.0 MMU$</td></tr>
    <tr><td><b>Región / Comuna:</b></td><td>Región de Atacama / Diego de Almagro</td></tr>
    <tr><td><b>Fecha ingreso:</b></td><td></td></tr>
    <tr><td><b>Fecha calificación:</b></td><td>2002-07-04</td></tr>
    <tr><td><b>Lat/Long:</b></td><td>-26.248724, -69.597224</td></tr>
    <tr><td><b>UTM 19S:</b></td><td>440357 E / 7096634 N</td></tr>
  </table>
</div>
]]>
</description>
      <Point>
        <coordinates>-69.597224,-26.248724,0</coordinates>
      </Point>
    </Placemark>

    <Placemark>
      <name>Exploraciones Sector Puren</name>
      <description>
<![CDATA[
<div style="font-family:Segoe UI,Arial,sans-serif;font-size:13px;">
  <h2 style="margin:0;color:#1e3a8a;">Exploraciones Sector Puren</h2>
  <table style="border-collapse:collapse;margin-top:6px;">
    <tr><td><b>Tipo presentación:</b></td><td>DIA</td></tr>
    <tr><td><b>Estado:</b></td><td>Aprobado</td></tr>
    <tr><td><b>Sector:</b></td><td>Minería</td></tr>
    <tr><td><b>Titular:</b></td><td>Norte Abierto SpA</td></tr>
    <tr><td><b>Inversión:</b></td><td>0.5 MMU$</td></tr>
    <tr><td><b>Región / Comuna:</b></td><td>Región de Atacama / Copiapó</td></tr>
    <tr><td><b>Fecha ingreso:</b></td><td></td></tr>
    <tr><td><b>Fecha calificación:</b></td><td>2002-05-08</td></tr>
    <tr><td><b>Lat/Long:</b></td><td>-26.755731, -69.220103</td></tr>
    <tr><td><b>UTM 19S:</b></td><td>478115 E / 7040600 N</td></tr>
  </table>
</div>
]]>
</description>
      <Point>
        <coordinates>-69.220103,-26.755731,0</coordinates>
      </Point>
    </Placemark>

    <Placemark>
      <name>Exploraciones San Ramón y Algarrobo</name>
      <description>
<![CDATA[
<div style="font-family:Segoe UI,Arial,sans-serif;font-size:13px;">
  <h2 style="margin:0;color:#1e3a8a;">Exploraciones San Ramón y Algarrobo</h2>
  <table style="border-collapse:collapse;margin-top:6px;">
    <tr><td><b>Tipo presentación:</b></td><td>DIA</td></tr>
    <tr><td><b>Estado:</b></td><td>Aprobado</td></tr>
    <tr><td><b>Sector:</b></td><td>Minería</td></tr>
    <tr><td><b>Titular:</b></td><td>American Canyon Mining Chile Ltda.</td></tr>
    <tr><td><b>Inversión:</b></td><td>0.3 MMU$</td></tr>
    <tr><td><b>Región / Comuna:</b></td><td>Región de Atacama / Caldera-Copiapó</td></tr>
    <tr><td><b>Fecha ingreso:</b></td><td></td></tr>
    <tr><td><b>Fecha calificación:</b></td><td>2002-07-05</td></tr>
    <tr><td><b>Lat/Long:</b></td><td>-27.410794, -70.64373</td></tr>
    <tr><td><b>UTM 19S:</b></td><td>337501 E / 6966991 N</td></tr>
  </table>
</div>
]]>
</description>
      <Point>
        <coordinates>-70.64373,-27.410794,0</coordinates>
      </Point>
    </Placemark>

    <Placemark>
      <name>Explotación Minera a Cielo Abierto de Mantoruso en Faena Mantoverde</name>
      <description>
<![CDATA[
<div style="font-family:Segoe UI,Arial,sans-serif;font-size:13px;">
  <h2 style="margin:0;color:#1e3a8a;">Explotación Minera a Cielo Abierto de Mantoruso en Faena Mantoverde</h2>
  <table style="border-collapse:collapse;margin-top:6px;">
    <tr><td><b>Tipo presentación:</b></td><td>DIA</td></tr>
    <tr><td><b>Estado:</b></td><td>Aprobado</td></tr>
    <tr><td><b>Sector:</b></td><td>Minería</td></tr>
    <tr><td><b>Titular:</b></td><td>MANTOVERDE S.A.</td></tr>
    <tr><td><b>Inversión:</b></td><td>0.0 MMU$</td></tr>
    <tr><td><b>Región / Comuna:</b></td><td>Región de Atacama / Diego de Almagro</td></tr>
    <tr><td><b>Fecha ingreso:</b></td><td></td></tr>
    <tr><td><b>Fecha calificación:</b></td><td>2002-02-06</td></tr>
    <tr><td><b>Lat/Long:</b></td><td>-26.530118, -70.316323</td></tr>
    <tr><td><b>UTM 19S:</b></td><td>368855 E / 7064934 N</td></tr>
  </table>
</div>
]]>
</description>
      <Point>
        <coordinates>-70.316323,-26.530118,0</coordinates>
      </Point>
    </Placemark>

    <Placemark>
      <name>Prospección El Morro</name>
      <description>
<![CDATA[
<div style="font-family:Segoe UI,Arial,sans-serif;font-size:13px;">
  <h2 style="margin:0;color:#1e3a8a;">Prospección El Morro</h2>
  <table style="border-collapse:collapse;margin-top:6px;">
    <tr><td><b>Tipo presentación:</b></td><td>DIA</td></tr>
    <tr><td><b>Estado:</b></td><td>Aprobado</td></tr>
    <tr><td><b>Sector:</b></td><td>Minería</td></tr>
    <tr><td><b>Titular:</b></td><td>El Morro SpA.</td></tr>
    <tr><td><b>Inversión:</b></td><td>10.0 MMU$</td></tr>
    <tr><td><b>Región / Comuna:</b></td><td>Región de Atacama / Alto del Carmen</td></tr>
    <tr><td><b>Fecha ingreso:</b></td><td></td></tr>
    <tr><td><b>Fecha calificación:</b></td><td>2001-12-28</td></tr>
    <tr><td><b>Lat/Long:</b></td><td>-28.650266, -69.906251</td></tr>
    <tr><td><b>UTM 19S:</b></td><td>411434 E / 6830425 N</td></tr>
  </table>
</div>
]]>
</description>
      <Point>
        <coordinates>-69.906251,-28.650266,0</coordinates>
      </Point>
    </Placemark>

    <Placemark>
      <name>Plan de Cierre Proyecto Refugio</name>
      <description>
<![CDATA[
<div style="font-family:Segoe UI,Arial,sans-serif;font-size:13px;">
  <h2 style="margin:0;color:#1e3a8a;">Plan de Cierre Proyecto Refugio</h2>
  <table style="border-collapse:collapse;margin-top:6px;">
    <tr><td><b>Tipo presentación:</b></td><td>DIA</td></tr>
    <tr><td><b>Estado:</b></td><td>Aprobado</td></tr>
    <tr><td><b>Sector:</b></td><td>Minería</td></tr>
    <tr><td><b>Titular:</b></td><td>Compañía Minera Maricunga</td></tr>
    <tr><td><b>Inversión:</b></td><td>0.18 MMU$</td></tr>
    <tr><td><b>Región / Comuna:</b></td><td>Región de Atacama / Tierra Amarilla</td></tr>
    <tr><td><b>Fecha ingreso:</b></td><td></td></tr>
    <tr><td><b>Fecha calificación:</b></td><td>2002-06-11</td></tr>
    <tr><td><b>Lat/Long:</b></td><td>-27.55, -69.3</td></tr>
    <tr><td><b>UTM 19S:</b></td><td>470382 E / 6952609 N</td></tr>
  </table>
</div>
]]>
</description>
      <Point>
        <coordinates>-69.3,-27.55,0</coordinates>
      </Point>
    </Placemark>

    <Placemark>
      <name>Rampa de Exploración Candelaria Norte</name>
      <description>
<![CDATA[
<div style="font-family:Segoe UI,Arial,sans-serif;font-size:13px;">
  <h2 style="margin:0;color:#1e3a8a;">Rampa de Exploración Candelaria Norte</h2>
  <table style="border-collapse:collapse;margin-top:6px;">
    <tr><td><b>Tipo presentación:</b></td><td>DIA</td></tr>
    <tr><td><b>Estado:</b></td><td>Aprobado</td></tr>
    <tr><td><b>Sector:</b></td><td>Minería</td></tr>
    <tr><td><b>Titular:</b></td><td>Compañía Contractual Minera Candelaria</td></tr>
    <tr><td><b>Inversión:</b></td><td>2.0 MMU$</td></tr>
    <tr><td><b>Región / Comuna:</b></td><td>Región de Atacama / Tierra Amarilla</td></tr>
    <tr><td><b>Fecha ingreso:</b></td><td></td></tr>
    <tr><td><b>Fecha calificación:</b></td><td>2001-09-13</td></tr>
    <tr><td><b>Lat/Long:</b></td><td>-27.526421, -70.303087</td></tr>
    <tr><td><b>UTM 19S:</b></td><td>371315 E / 6954580 N</td></tr>
  </table>
</div>
]]>
</description>
      <Point>
        <coordinates>-70.303087,-27.526421,0</coordinates>
      </Point>
    </Placemark>

    <Placemark>
      <name>Estudio de Cianuración de Minerales a Escala Piloto - Sierra Algarrobo</name>
      <description>
<![CDATA[
<div style="font-family:Segoe UI,Arial,sans-serif;font-size:13px;">
  <h2 style="margin:0;color:#1e3a8a;">Estudio de Cianuración de Minerales a Escala Piloto - Sierra Algarrobo</h2>
  <table style="border-collapse:collapse;margin-top:6px;">
    <tr><td><b>Tipo presentación:</b></td><td>DIA</td></tr>
    <tr><td><b>Estado:</b></td><td>Aprobado</td></tr>
    <tr><td><b>Sector:</b></td><td>Minería</td></tr>
    <tr><td><b>Titular:</b></td><td>nan</td></tr>
    <tr><td><b>Inversión:</b></td><td>0.02 MMU$</td></tr>
    <tr><td><b>Región / Comuna:</b></td><td>Región de Atacama / Caldera</td></tr>
    <tr><td><b>Fecha ingreso:</b></td><td></td></tr>
    <tr><td><b>Fecha calificación:</b></td><td>2001-09-13</td></tr>
    <tr><td><b>Lat/Long:</b></td><td>-27.092153, -70.509994</td></tr>
    <tr><td><b>UTM 19S:</b></td><td>350298 E / 7002459 N</td></tr>
  </table>
</div>
]]>
</description>
      <Point>
        <coordinates>-70.509994,-27.092153,0</coordinates>
      </Point>
    </Placemark>

    <Placemark>
      <name>Modificación Planta de Tratamiento de Minerales Proyecto Atacama Kozan</name>
      <description>
<![CDATA[
<div style="font-family:Segoe UI,Arial,sans-serif;font-size:13px;">
  <h2 style="margin:0;color:#1e3a8a;">Modificación Planta de Tratamiento de Minerales Proyecto Atacama Kozan</h2>
  <table style="border-collapse:collapse;margin-top:6px;">
    <tr><td><b>Tipo presentación:</b></td><td>DIA</td></tr>
    <tr><td><b>Estado:</b></td><td>Aprobado</td></tr>
    <tr><td><b>Sector:</b></td><td>Minería</td></tr>
    <tr><td><b>Titular:</b></td><td>Sociedad Contractual Minera Atacama Kozan</td></tr>
    <tr><td><b>Inversión:</b></td><td>60.0 MMU$</td></tr>
    <tr><td><b>Región / Comuna:</b></td><td>Región de Atacama / Tierra Amarilla</td></tr>
    <tr><td><b>Fecha ingreso:</b></td><td></td></tr>
    <tr><td><b>Fecha calificación:</b></td><td>2001-05-18</td></tr>
    <tr><td><b>Lat/Long:</b></td><td>-27.508599, -70.270776</td></tr>
    <tr><td><b>UTM 19S:</b></td><td>374486 E / 6956588 N</td></tr>
  </table>
</div>
]]>
</description>
      <Point>
        <coordinates>-70.270776,-27.508599,0</coordinates>
      </Point>
    </Placemark>

    <Placemark>
      <name>Exploración Sierra Aspera</name>
      <description>
<![CDATA[
<div style="font-family:Segoe UI,Arial,sans-serif;font-size:13px;">
  <h2 style="margin:0;color:#1e3a8a;">Exploración Sierra Aspera</h2>
  <table style="border-collapse:collapse;margin-top:6px;">
    <tr><td><b>Tipo presentación:</b></td><td>DIA</td></tr>
    <tr><td><b>Estado:</b></td><td>Aprobado</td></tr>
    <tr><td><b>Sector:</b></td><td>Minería</td></tr>
    <tr><td><b>Titular:</b></td><td>Asarco Exploration Company - Chile</td></tr>
    <tr><td><b>Inversión:</b></td><td>4.24 MMU$</td></tr>
    <tr><td><b>Región / Comuna:</b></td><td>Región de Atacama / Diego de Almagro</td></tr>
    <tr><td><b>Fecha ingreso:</b></td><td></td></tr>
    <tr><td><b>Fecha calificación:</b></td><td>2001-04-03</td></tr>
    <tr><td><b>Lat/Long:</b></td><td>-26.304408, -70.156192</td></tr>
    <tr><td><b>UTM 19S:</b></td><td>384586 E / 7090088 N</td></tr>
  </table>
</div>
]]>
</description>
      <Point>
        <coordinates>-70.156192,-26.304408,0</coordinates>
      </Point>
    </Placemark>

    <Placemark>
      <name>Mejoramiento Tecnológico para la Producción de Concentrados de Minerales de Hierro</name>
      <description>
<![CDATA[
<div style="font-family:Segoe UI,Arial,sans-serif;font-size:13px;">
  <h2 style="margin:0;color:#1e3a8a;">Mejoramiento Tecnológico para la Producción de Concentrados de Minerales de Hierro</h2>
  <table style="border-collapse:collapse;margin-top:6px;">
    <tr><td><b>Tipo presentación:</b></td><td>DIA</td></tr>
    <tr><td><b>Estado:</b></td><td>Aprobado</td></tr>
    <tr><td><b>Sector:</b></td><td>Minería</td></tr>
    <tr><td><b>Titular:</b></td><td>Compañía Minera del Pacífico S.A.</td></tr>
    <tr><td><b>Inversión:</b></td><td>7.12 MMU$</td></tr>
    <tr><td><b>Región / Comuna:</b></td><td>Región de Atacama / Huasco</td></tr>
    <tr><td><b>Fecha ingreso:</b></td><td></td></tr>
    <tr><td><b>Fecha calificación:</b></td><td>2001-04-11</td></tr>
    <tr><td><b>Lat/Long:</b></td><td>-28.480212, -71.247192</td></tr>
    <tr><td><b>UTM 19S:</b></td><td>280007 E / 6847542 N</td></tr>
  </table>
</div>
]]>
</description>
      <Point>
        <coordinates>-71.247192,-28.480212,0</coordinates>
      </Point>
    </Placemark>

    <Placemark>
      <name>Expansión y Mejoramiento Planta San José</name>
      <description>
<![CDATA[
<div style="font-family:Segoe UI,Arial,sans-serif;font-size:13px;">
  <h2 style="margin:0;color:#1e3a8a;">Expansión y Mejoramiento Planta San José</h2>
  <table style="border-collapse:collapse;margin-top:6px;">
    <tr><td><b>Tipo presentación:</b></td><td>DIA</td></tr>
    <tr><td><b>Estado:</b></td><td>Aprobado</td></tr>
    <tr><td><b>Sector:</b></td><td>Minería</td></tr>
    <tr><td><b>Titular:</b></td><td>Sociedad Punta del Cobre S.A.</td></tr>
    <tr><td><b>Inversión:</b></td><td>30.0 MMU$</td></tr>
    <tr><td><b>Región / Comuna:</b></td><td>Región de Atacama / Tierra Amarilla</td></tr>
    <tr><td><b>Fecha ingreso:</b></td><td></td></tr>
    <tr><td><b>Fecha calificación:</b></td><td>2001-04-20</td></tr>
    <tr><td><b>Lat/Long:</b></td><td>-27.484273, -70.283209</td></tr>
    <tr><td><b>UTM 19S:</b></td><td>373230 E / 6959270 N</td></tr>
  </table>
</div>
]]>
</description>
      <Point>
        <coordinates>-70.283209,-27.484273,0</coordinates>
      </Point>
    </Placemark>

    <Placemark>
      <name>Exploraciones Sector Mina Vieja - Potrerillos</name>
      <description>
<![CDATA[
<div style="font-family:Segoe UI,Arial,sans-serif;font-size:13px;">
  <h2 style="margin:0;color:#1e3a8a;">Exploraciones Sector Mina Vieja - Potrerillos</h2>
  <table style="border-collapse:collapse;margin-top:6px;">
    <tr><td><b>Tipo presentación:</b></td><td>DIA</td></tr>
    <tr><td><b>Estado:</b></td><td>Aprobado</td></tr>
    <tr><td><b>Sector:</b></td><td>Minería</td></tr>
    <tr><td><b>Titular:</b></td><td>Codelco Chile División Salvador</td></tr>
    <tr><td><b>Inversión:</b></td><td>5.36 MMU$</td></tr>
    <tr><td><b>Región / Comuna:</b></td><td>Región de Atacama / Diego de Almagro</td></tr>
    <tr><td><b>Fecha ingreso:</b></td><td></td></tr>
    <tr><td><b>Fecha calificación:</b></td><td>2001-01-08</td></tr>
    <tr><td><b>Lat/Long:</b></td><td>-26.474794, -69.443503</td></tr>
    <tr><td><b>UTM 19S:</b></td><td>455795 E / 7071658 N</td></tr>
  </table>
</div>
]]>
</description>
      <Point>
        <coordinates>-69.443503,-26.474794,0</coordinates>
      </Point>
    </Placemark>

    <Placemark>
      <name>Mejoramiento del Proceso y Aumento de Producción Planta de Chancado y Selección de Caliza</name>
      <description>
<![CDATA[
<div style="font-family:Segoe UI,Arial,sans-serif;font-size:13px;">
  <h2 style="margin:0;color:#1e3a8a;">Mejoramiento del Proceso y Aumento de Producción Planta de Chancado y Selección de Caliza</h2>
  <table style="border-collapse:collapse;margin-top:6px;">
    <tr><td><b>Tipo presentación:</b></td><td>DIA</td></tr>
    <tr><td><b>Estado:</b></td><td>Aprobado</td></tr>
    <tr><td><b>Sector:</b></td><td>Minería</td></tr>
    <tr><td><b>Titular:</b></td><td>Sociedad de Inversiones y Servicios Ltda (SISEL Ltda)</td></tr>
    <tr><td><b>Inversión:</b></td><td>0.05 MMU$</td></tr>
    <tr><td><b>Región / Comuna:</b></td><td>Región de Atacama / Freirina</td></tr>
    <tr><td><b>Fecha ingreso:</b></td><td></td></tr>
    <tr><td><b>Fecha calificación:</b></td><td>2000-12-21</td></tr>
    <tr><td><b>Lat/Long:</b></td><td>-28.317983, -70.829845</td></tr>
    <tr><td><b>UTM 19S:</b></td><td>320599 E / 6866213 N</td></tr>
  </table>
</div>
]]>
</description>
      <Point>
        <coordinates>-70.829845,-28.317983,0</coordinates>
      </Point>
    </Placemark>

    <Placemark>
      <name>Planta Artesanal de Oro</name>
      <description>
<![CDATA[
<div style="font-family:Segoe UI,Arial,sans-serif;font-size:13px;">
  <h2 style="margin:0;color:#1e3a8a;">Planta Artesanal de Oro</h2>
  <table style="border-collapse:collapse;margin-top:6px;">
    <tr><td><b>Tipo presentación:</b></td><td>DIA</td></tr>
    <tr><td><b>Estado:</b></td><td>Aprobado</td></tr>
    <tr><td><b>Sector:</b></td><td>Minería</td></tr>
    <tr><td><b>Titular:</b></td><td> Cornelio Reynoso Marcial</td></tr>
    <tr><td><b>Inversión:</b></td><td>0.0 MMU$</td></tr>
    <tr><td><b>Región / Comuna:</b></td><td>Región de Atacama / Diego de Almagro</td></tr>
    <tr><td><b>Fecha ingreso:</b></td><td></td></tr>
    <tr><td><b>Fecha calificación:</b></td><td>2001-02-12</td></tr>
    <tr><td><b>Lat/Long:</b></td><td>-26.362434, -69.99241</td></tr>
    <tr><td><b>UTM 19S:</b></td><td>400986 E / 7083797 N</td></tr>
  </table>
</div>
]]>
</description>
      <Point>
        <coordinates>-69.99241,-26.362434,0</coordinates>
      </Point>
    </Placemark>

    <Placemark>
      <name>Construcción de Cancha de Lixiviación en Pilas</name>
      <description>
<![CDATA[
<div style="font-family:Segoe UI,Arial,sans-serif;font-size:13px;">
  <h2 style="margin:0;color:#1e3a8a;">Construcción de Cancha de Lixiviación en Pilas</h2>
  <table style="border-collapse:collapse;margin-top:6px;">
    <tr><td><b>Tipo presentación:</b></td><td>DIA</td></tr>
    <tr><td><b>Estado:</b></td><td>Aprobado</td></tr>
    <tr><td><b>Sector:</b></td><td>Minería</td></tr>
    <tr><td><b>Titular:</b></td><td>MANTOVERDE S.A.</td></tr>
    <tr><td><b>Inversión:</b></td><td>20.0 MMU$</td></tr>
    <tr><td><b>Región / Comuna:</b></td><td>Región de Atacama / Chañaral</td></tr>
    <tr><td><b>Fecha ingreso:</b></td><td></td></tr>
    <tr><td><b>Fecha calificación:</b></td><td>2000-11-17</td></tr>
    <tr><td><b>Lat/Long:</b></td><td>-26.563734, -70.324529</td></tr>
    <tr><td><b>UTM 19S:</b></td><td>368076 E / 7061202 N</td></tr>
  </table>
</div>
]]>
</description>
      <Point>
        <coordinates>-70.324529,-26.563734,0</coordinates>
      </Point>
    </Placemark>

    <Placemark>
      <name>Transporte de Concentrado de Minerales desde Cancha de Acopio a Diferentes Destinos</name>
      <description>
<![CDATA[
<div style="font-family:Segoe UI,Arial,sans-serif;font-size:13px;">
  <h2 style="margin:0;color:#1e3a8a;">Transporte de Concentrado de Minerales desde Cancha de Acopio a Diferentes Destinos</h2>
  <table style="border-collapse:collapse;margin-top:6px;">
    <tr><td><b>Tipo presentación:</b></td><td>DIA</td></tr>
    <tr><td><b>Estado:</b></td><td>Aprobado</td></tr>
    <tr><td><b>Sector:</b></td><td>Minería</td></tr>
    <tr><td><b>Titular:</b></td><td>COMERCIALIZADORA CORMIN CHILE LIMITADA</td></tr>
    <tr><td><b>Inversión:</b></td><td>0.0 MMU$</td></tr>
    <tr><td><b>Región / Comuna:</b></td><td>Región de Atacama / Caldera-Tierra Amarilla-Copiapó</td></tr>
    <tr><td><b>Fecha ingreso:</b></td><td></td></tr>
    <tr><td><b>Fecha calificación:</b></td><td>2000-10-16</td></tr>
    <tr><td><b>Lat/Long:</b></td><td>-27.48451, -70.281707</td></tr>
    <tr><td><b>UTM 19S:</b></td><td>373379 E / 6959245 N</td></tr>
  </table>
</div>
]]>
</description>
      <Point>
        <coordinates>-70.281707,-27.48451,0</coordinates>
      </Point>
    </Placemark>

    <Placemark>
      <name>Arqueros:Explotación de Yacimiento de Reposición para Planta de Procesos Metalúrgicos Can Can</name>
      <description>
<![CDATA[
<div style="font-family:Segoe UI,Arial,sans-serif;font-size:13px;">
  <h2 style="margin:0;color:#1e3a8a;">Arqueros:Explotación de Yacimiento de Reposición para Planta de Procesos Metalúrgicos Can Can</h2>
  <table style="border-collapse:collapse;margin-top:6px;">
    <tr><td><b>Tipo presentación:</b></td><td>DIA</td></tr>
    <tr><td><b>Estado:</b></td><td>Aprobado</td></tr>
    <tr><td><b>Sector:</b></td><td>Minería</td></tr>
    <tr><td><b>Titular:</b></td><td>Compañía Minera Can - Can S.A.</td></tr>
    <tr><td><b>Inversión:</b></td><td>0.6 MMU$</td></tr>
    <tr><td><b>Región / Comuna:</b></td><td>Región de Atacama / Diego de Almagro</td></tr>
    <tr><td><b>Fecha ingreso:</b></td><td></td></tr>
    <tr><td><b>Fecha calificación:</b></td><td>2000-10-16</td></tr>
    <tr><td><b>Lat/Long:</b></td><td>-26.666367, -69.195967</td></tr>
    <tr><td><b>UTM 19S:</b></td><td>480500 E / 7050502 N</td></tr>
  </table>
</div>
]]>
</description>
      <Point>
        <coordinates>-69.195967,-26.666367,0</coordinates>
      </Point>
    </Placemark>

    <Placemark>
      <name>Electrobtención de Cobre desde Soluciones de Lixiviación en Planta  Salado</name>
      <description>
<![CDATA[
<div style="font-family:Segoe UI,Arial,sans-serif;font-size:13px;">
  <h2 style="margin:0;color:#1e3a8a;">Electrobtención de Cobre desde Soluciones de Lixiviación en Planta  Salado</h2>
  <table style="border-collapse:collapse;margin-top:6px;">
    <tr><td><b>Tipo presentación:</b></td><td>DIA</td></tr>
    <tr><td><b>Estado:</b></td><td>Aprobado</td></tr>
    <tr><td><b>Sector:</b></td><td>Minería</td></tr>
    <tr><td><b>Titular:</b></td><td>Empresa Nacional de Minería</td></tr>
    <tr><td><b>Inversión:</b></td><td>1.57 MMU$</td></tr>
    <tr><td><b>Región / Comuna:</b></td><td>Región de Atacama / Chañaral</td></tr>
    <tr><td><b>Fecha ingreso:</b></td><td></td></tr>
    <tr><td><b>Fecha calificación:</b></td><td>2000-08-17</td></tr>
    <tr><td><b>Lat/Long:</b></td><td>-26.417303, -70.317862</td></tr>
    <tr><td><b>UTM 19S:</b></td><td>368574 E / 7077429 N</td></tr>
  </table>
</div>
]]>
</description>
      <Point>
        <coordinates>-70.317862,-26.417303,0</coordinates>
      </Point>
    </Placemark>

    <Placemark>
      <name>Planta de Lixiviación por Percolación San Luis</name>
      <description>
<![CDATA[
<div style="font-family:Segoe UI,Arial,sans-serif;font-size:13px;">
  <h2 style="margin:0;color:#1e3a8a;">Planta de Lixiviación por Percolación San Luis</h2>
  <table style="border-collapse:collapse;margin-top:6px;">
    <tr><td><b>Tipo presentación:</b></td><td>DIA</td></tr>
    <tr><td><b>Estado:</b></td><td>Aprobado</td></tr>
    <tr><td><b>Sector:</b></td><td>Minería</td></tr>
    <tr><td><b>Titular:</b></td><td> Jaime Campos Landero</td></tr>
    <tr><td><b>Inversión:</b></td><td>0.01 MMU$</td></tr>
    <tr><td><b>Región / Comuna:</b></td><td>Región de Atacama / Copiapó</td></tr>
    <tr><td><b>Fecha ingreso:</b></td><td></td></tr>
    <tr><td><b>Fecha calificación:</b></td><td>2000-09-13</td></tr>
    <tr><td><b>Lat/Long:</b></td><td>-27.470591, -70.38086</td></tr>
    <tr><td><b>UTM 19S:</b></td><td>363565 E / 6960682 N</td></tr>
  </table>
</div>
]]>
</description>
      <Point>
        <coordinates>-70.38086,-27.470591,0</coordinates>
      </Point>
    </Placemark>

    <Placemark>
      <name>Disposición de Relaves Coemin  Nº 3</name>
      <description>
<![CDATA[
<div style="font-family:Segoe UI,Arial,sans-serif;font-size:13px;">
  <h2 style="margin:0;color:#1e3a8a;">Disposición de Relaves Coemin  Nº 3</h2>
  <table style="border-collapse:collapse;margin-top:6px;">
    <tr><td><b>Tipo presentación:</b></td><td>DIA</td></tr>
    <tr><td><b>Estado:</b></td><td>Aprobado</td></tr>
    <tr><td><b>Sector:</b></td><td>Minería</td></tr>
    <tr><td><b>Titular:</b></td><td>Compañía Exploradora y Explotadora Minera Chilena Rumana COEMIN S.A.</td></tr>
    <tr><td><b>Inversión:</b></td><td>0.5 MMU$</td></tr>
    <tr><td><b>Región / Comuna:</b></td><td>Región de Atacama / Tierra Amarilla</td></tr>
    <tr><td><b>Fecha ingreso:</b></td><td></td></tr>
    <tr><td><b>Fecha calificación:</b></td><td>2000-09-13</td></tr>
    <tr><td><b>Lat/Long:</b></td><td>-27.572509, -70.233248</td></tr>
    <tr><td><b>UTM 19S:</b></td><td>378263 E / 6949545 N</td></tr>
  </table>
</div>
]]>
</description>
      <Point>
        <coordinates>-70.233248,-27.572509,0</coordinates>
      </Point>
    </Placemark>

    <Placemark>
      <name>Modificación Proyecto Refugio</name>
      <description>
<![CDATA[
<div style="font-family:Segoe UI,Arial,sans-serif;font-size:13px;">
  <h2 style="margin:0;color:#1e3a8a;">Modificación Proyecto Refugio</h2>
  <table style="border-collapse:collapse;margin-top:6px;">
    <tr><td><b>Tipo presentación:</b></td><td>DIA</td></tr>
    <tr><td><b>Estado:</b></td><td>Aprobado</td></tr>
    <tr><td><b>Sector:</b></td><td>Minería</td></tr>
    <tr><td><b>Titular:</b></td><td>Compañía Minera Maricunga</td></tr>
    <tr><td><b>Inversión:</b></td><td>1.85 MMU$</td></tr>
    <tr><td><b>Región / Comuna:</b></td><td>Región de Atacama / Tierra Amarilla</td></tr>
    <tr><td><b>Fecha ingreso:</b></td><td></td></tr>
    <tr><td><b>Fecha calificación:</b></td><td>2000-05-16</td></tr>
    <tr><td><b>Lat/Long:</b></td><td>-27.555602, -69.295029</td></tr>
    <tr><td><b>UTM 19S:</b></td><td>470874 E / 6951990 N</td></tr>
  </table>
</div>
]]>
</description>
      <Point>
        <coordinates>-69.295029,-27.555602,0</coordinates>
      </Point>
    </Placemark>

    <Placemark>
      <name>Procesamiento de Minerales y Relaves para la Extracción y Recuperación de Oro Plata y Cobre</name>
      <description>
<![CDATA[
<div style="font-family:Segoe UI,Arial,sans-serif;font-size:13px;">
  <h2 style="margin:0;color:#1e3a8a;">Procesamiento de Minerales y Relaves para la Extracción y Recuperación de Oro Plata y Cobre</h2>
  <table style="border-collapse:collapse;margin-top:6px;">
    <tr><td><b>Tipo presentación:</b></td><td>DIA</td></tr>
    <tr><td><b>Estado:</b></td><td>Aprobado</td></tr>
    <tr><td><b>Sector:</b></td><td>Minería</td></tr>
    <tr><td><b>Titular:</b></td><td>Compañía Contractual Minera Pabellon</td></tr>
    <tr><td><b>Inversión:</b></td><td>0.96 MMU$</td></tr>
    <tr><td><b>Región / Comuna:</b></td><td>Región de Atacama / Tierra Amarilla</td></tr>
    <tr><td><b>Fecha ingreso:</b></td><td></td></tr>
    <tr><td><b>Fecha calificación:</b></td><td>2000-05-16</td></tr>
    <tr><td><b>Lat/Long:</b></td><td>-27.654618, -70.233979</td></tr>
    <tr><td><b>UTM 19S:</b></td><td>378282 E / 6940448 N</td></tr>
  </table>
</div>
]]>
</description>
      <Point>
        <coordinates>-70.233979,-27.654618,0</coordinates>
      </Point>
    </Placemark>

    <Placemark>
      <name>Exploración Minera Cerro Negro</name>
      <description>
<![CDATA[
<div style="font-family:Segoe UI,Arial,sans-serif;font-size:13px;">
  <h2 style="margin:0;color:#1e3a8a;">Exploración Minera Cerro Negro</h2>
  <table style="border-collapse:collapse;margin-top:6px;">
    <tr><td><b>Tipo presentación:</b></td><td>DIA</td></tr>
    <tr><td><b>Estado:</b></td><td>Aprobado</td></tr>
    <tr><td><b>Sector:</b></td><td>Minería</td></tr>
    <tr><td><b>Titular:</b></td><td>Compañía Contractual Minera Ojos del Salado  </td></tr>
    <tr><td><b>Inversión:</b></td><td>0.26 MMU$</td></tr>
    <tr><td><b>Región / Comuna:</b></td><td>Región de Atacama / Chañaral</td></tr>
    <tr><td><b>Fecha ingreso:</b></td><td></td></tr>
    <tr><td><b>Fecha calificación:</b></td><td>2000-01-04</td></tr>
    <tr><td><b>Lat/Long:</b></td><td>-26.172153, -70.242822</td></tr>
    <tr><td><b>UTM 19S:</b></td><td>375797 E / 7104657 N</td></tr>
  </table>
</div>
]]>
</description>
      <Point>
        <coordinates>-70.242822,-26.172153,0</coordinates>
      </Point>
    </Placemark>

    <Placemark>
      <name>Planta Procesadora de Minerales No Metálicos Sopromin-Domeyko</name>
      <description>
<![CDATA[
<div style="font-family:Segoe UI,Arial,sans-serif;font-size:13px;">
  <h2 style="margin:0;color:#1e3a8a;">Planta Procesadora de Minerales No Metálicos Sopromin-Domeyko</h2>
  <table style="border-collapse:collapse;margin-top:6px;">
    <tr><td><b>Tipo presentación:</b></td><td>DIA</td></tr>
    <tr><td><b>Estado:</b></td><td>Aprobado</td></tr>
    <tr><td><b>Sector:</b></td><td>Minería</td></tr>
    <tr><td><b>Titular:</b></td><td>SOPROMIN DOMEYKO LIMITADA</td></tr>
    <tr><td><b>Inversión:</b></td><td>0.04 MMU$</td></tr>
    <tr><td><b>Región / Comuna:</b></td><td>Región de Atacama / Vallenar</td></tr>
    <tr><td><b>Fecha ingreso:</b></td><td></td></tr>
    <tr><td><b>Fecha calificación:</b></td><td>2000-01-04</td></tr>
    <tr><td><b>Lat/Long:</b></td><td>-28.971715, -70.905494</td></tr>
    <tr><td><b>UTM 19S:</b></td><td>314336 E / 6793652 N</td></tr>
  </table>
</div>
]]>
</description>
      <Point>
        <coordinates>-70.905494,-28.971715,0</coordinates>
      </Point>
    </Placemark>

    <Placemark>
      <name>Exploraciones Mineras San Jorge</name>
      <description>
<![CDATA[
<div style="font-family:Segoe UI,Arial,sans-serif;font-size:13px;">
  <h2 style="margin:0;color:#1e3a8a;">Exploraciones Mineras San Jorge</h2>
  <table style="border-collapse:collapse;margin-top:6px;">
    <tr><td><b>Tipo presentación:</b></td><td>DIA</td></tr>
    <tr><td><b>Estado:</b></td><td>Aprobado</td></tr>
    <tr><td><b>Sector:</b></td><td>Minería</td></tr>
    <tr><td><b>Titular:</b></td><td>Compañía Minera del Pacífico S.A.</td></tr>
    <tr><td><b>Inversión:</b></td><td>2.5 MMU$</td></tr>
    <tr><td><b>Región / Comuna:</b></td><td>Región de Atacama / Vallenar</td></tr>
    <tr><td><b>Fecha ingreso:</b></td><td></td></tr>
    <tr><td><b>Fecha calificación:</b></td><td>2000-01-04</td></tr>
    <tr><td><b>Lat/Long:</b></td><td>-29.18635, -71.028072</td></tr>
    <tr><td><b>UTM 19S:</b></td><td>302800 E / 6769666 N</td></tr>
  </table>
</div>
]]>
</description>
      <Point>
        <coordinates>-71.028072,-29.18635,0</coordinates>
      </Point>
    </Placemark>

    <Placemark>
      <name>Proyecto San Ramón</name>
      <description>
<![CDATA[
<div style="font-family:Segoe UI,Arial,sans-serif;font-size:13px;">
  <h2 style="margin:0;color:#1e3a8a;">Proyecto San Ramón</h2>
  <table style="border-collapse:collapse;margin-top:6px;">
    <tr><td><b>Tipo presentación:</b></td><td>DIA</td></tr>
    <tr><td><b>Estado:</b></td><td>Aprobado</td></tr>
    <tr><td><b>Sector:</b></td><td>Minería</td></tr>
    <tr><td><b>Titular:</b></td><td>Minera San Antonio</td></tr>
    <tr><td><b>Inversión:</b></td><td>0.5 MMU$</td></tr>
    <tr><td><b>Región / Comuna:</b></td><td>Región de Atacama / Vallenar</td></tr>
    <tr><td><b>Fecha ingreso:</b></td><td></td></tr>
    <tr><td><b>Fecha calificación:</b></td><td>2000-02-23</td></tr>
    <tr><td><b>Lat/Long:</b></td><td>-29.04249, -70.803875</td></tr>
    <tr><td><b>UTM 19S:</b></td><td>324359 E / 6785964 N</td></tr>
  </table>
</div>
]]>
</description>
      <Point>
        <coordinates>-70.803875,-29.04249,0</coordinates>
      </Point>
    </Placemark>

    <Placemark>
      <name>Planta de Lixiviación en Pilas Flor de Lirio</name>
      <description>
<![CDATA[
<div style="font-family:Segoe UI,Arial,sans-serif;font-size:13px;">
  <h2 style="margin:0;color:#1e3a8a;">Planta de Lixiviación en Pilas Flor de Lirio</h2>
  <table style="border-collapse:collapse;margin-top:6px;">
    <tr><td><b>Tipo presentación:</b></td><td>DIA</td></tr>
    <tr><td><b>Estado:</b></td><td>Aprobado</td></tr>
    <tr><td><b>Sector:</b></td><td>Minería</td></tr>
    <tr><td><b>Titular:</b></td><td> Fernando Flores Cubillos</td></tr>
    <tr><td><b>Inversión:</b></td><td>0.11 MMU$</td></tr>
    <tr><td><b>Región / Comuna:</b></td><td>Región de Atacama / Diego de Almagro</td></tr>
    <tr><td><b>Fecha ingreso:</b></td><td></td></tr>
    <tr><td><b>Fecha calificación:</b></td><td>2000-02-07</td></tr>
    <tr><td><b>Lat/Long:</b></td><td>-26.094031, -70.147591</td></tr>
    <tr><td><b>UTM 19S:</b></td><td>385239 E / 7113397 N</td></tr>
  </table>
</div>
]]>
</description>
      <Point>
        <coordinates>-70.147591,-26.094031,0</coordinates>
      </Point>
    </Placemark>

    <Placemark>
      <name>Habilitación de Plataformas de Lixiviación</name>
      <description>
<![CDATA[
<div style="font-family:Segoe UI,Arial,sans-serif;font-size:13px;">
  <h2 style="margin:0;color:#1e3a8a;">Habilitación de Plataformas de Lixiviación</h2>
  <table style="border-collapse:collapse;margin-top:6px;">
    <tr><td><b>Tipo presentación:</b></td><td>DIA</td></tr>
    <tr><td><b>Estado:</b></td><td>Aprobado</td></tr>
    <tr><td><b>Sector:</b></td><td>Minería</td></tr>
    <tr><td><b>Titular:</b></td><td>Codelco Chile División Salvador</td></tr>
    <tr><td><b>Inversión:</b></td><td>1.2 MMU$</td></tr>
    <tr><td><b>Región / Comuna:</b></td><td>Región de Atacama / Diego de Almagro</td></tr>
    <tr><td><b>Fecha ingreso:</b></td><td></td></tr>
    <tr><td><b>Fecha calificación:</b></td><td>1999-07-19</td></tr>
    <tr><td><b>Lat/Long:</b></td><td>-26.238627, -69.564596</td></tr>
    <tr><td><b>UTM 19S:</b></td><td>443611 E / 7097766 N</td></tr>
  </table>
</div>
]]>
</description>
      <Point>
        <coordinates>-69.564596,-26.238627,0</coordinates>
      </Point>
    </Placemark>

    <Placemark>
      <name>Prospección Minera Camila</name>
      <description>
<![CDATA[
<div style="font-family:Segoe UI,Arial,sans-serif;font-size:13px;">
  <h2 style="margin:0;color:#1e3a8a;">Prospección Minera Camila</h2>
  <table style="border-collapse:collapse;margin-top:6px;">
    <tr><td><b>Tipo presentación:</b></td><td>DIA</td></tr>
    <tr><td><b>Estado:</b></td><td>Aprobado</td></tr>
    <tr><td><b>Sector:</b></td><td>Minería</td></tr>
    <tr><td><b>Titular:</b></td><td> Yeyssy Cuevas Troncoso</td></tr>
    <tr><td><b>Inversión:</b></td><td>0.15 MMU$</td></tr>
    <tr><td><b>Región / Comuna:</b></td><td>Región de Atacama / Vallenar</td></tr>
    <tr><td><b>Fecha ingreso:</b></td><td></td></tr>
    <tr><td><b>Fecha calificación:</b></td><td>1999-08-31</td></tr>
    <tr><td><b>Lat/Long:</b></td><td>-28.594756, -70.708339</td></tr>
    <tr><td><b>UTM 19S:</b></td><td>332950 E / 6835718 N</td></tr>
  </table>
</div>
]]>
</description>
      <Point>
        <coordinates>-70.708339,-28.594756,0</coordinates>
      </Point>
    </Placemark>

    <Placemark>
      <name>Ampliación Proyecto Inca de Oro</name>
      <description>
<![CDATA[
<div style="font-family:Segoe UI,Arial,sans-serif;font-size:13px;">
  <h2 style="margin:0;color:#1e3a8a;">Ampliación Proyecto Inca de Oro</h2>
  <table style="border-collapse:collapse;margin-top:6px;">
    <tr><td><b>Tipo presentación:</b></td><td>DIA</td></tr>
    <tr><td><b>Estado:</b></td><td>Aprobado</td></tr>
    <tr><td><b>Sector:</b></td><td>Minería</td></tr>
    <tr><td><b>Titular:</b></td><td>Empresa Nacional de Minería</td></tr>
    <tr><td><b>Inversión:</b></td><td>0.05 MMU$</td></tr>
    <tr><td><b>Región / Comuna:</b></td><td>Región de Atacama / Diego de Almagro</td></tr>
    <tr><td><b>Fecha ingreso:</b></td><td></td></tr>
    <tr><td><b>Fecha calificación:</b></td><td>1998-12-22</td></tr>
    <tr><td><b>Lat/Long:</b></td><td>-26.750948, -69.902102</td></tr>
    <tr><td><b>UTM 19S:</b></td><td>410299 E / 7040831 N</td></tr>
  </table>
</div>
]]>
</description>
      <Point>
        <coordinates>-69.902102,-26.750948,0</coordinates>
      </Point>
    </Placemark>

    <Placemark>
      <name>Modificación Trazado de Relaveducto Proyecto Atacama Kozan</name>
      <description>
<![CDATA[
<div style="font-family:Segoe UI,Arial,sans-serif;font-size:13px;">
  <h2 style="margin:0;color:#1e3a8a;">Modificación Trazado de Relaveducto Proyecto Atacama Kozan</h2>
  <table style="border-collapse:collapse;margin-top:6px;">
    <tr><td><b>Tipo presentación:</b></td><td>DIA</td></tr>
    <tr><td><b>Estado:</b></td><td>Aprobado</td></tr>
    <tr><td><b>Sector:</b></td><td>Minería</td></tr>
    <tr><td><b>Titular:</b></td><td>Sociedad Contractual Minera Atacama Kozan</td></tr>
    <tr><td><b>Inversión:</b></td><td>0.0 MMU$</td></tr>
    <tr><td><b>Región / Comuna:</b></td><td>Región de Atacama / Tierra Amarilla</td></tr>
    <tr><td><b>Fecha ingreso:</b></td><td></td></tr>
    <tr><td><b>Fecha calificación:</b></td><td>1998-12-28</td></tr>
    <tr><td><b>Lat/Long:</b></td><td>-27.384007, -70.26408</td></tr>
    <tr><td><b>UTM 19S:</b></td><td>375007 E / 6970397 N</td></tr>
  </table>
</div>
]]>
</description>
      <Point>
        <coordinates>-70.26408,-27.384007,0</coordinates>
      </Point>
    </Placemark>

    <Placemark>
      <name>Relocalización y Optimización Planta de Chancado Molienda y Clasificación de Calizas</name>
      <description>
<![CDATA[
<div style="font-family:Segoe UI,Arial,sans-serif;font-size:13px;">
  <h2 style="margin:0;color:#1e3a8a;">Relocalización y Optimización Planta de Chancado Molienda y Clasificación de Calizas</h2>
  <table style="border-collapse:collapse;margin-top:6px;">
    <tr><td><b>Tipo presentación:</b></td><td>DIA</td></tr>
    <tr><td><b>Estado:</b></td><td>Aprobado</td></tr>
    <tr><td><b>Sector:</b></td><td>Minería</td></tr>
    <tr><td><b>Titular:</b></td><td>Sociedad Contractual Minera Pirineos</td></tr>
    <tr><td><b>Inversión:</b></td><td>0.1 MMU$</td></tr>
    <tr><td><b>Región / Comuna:</b></td><td>Región de Atacama / Vallenar</td></tr>
    <tr><td><b>Fecha ingreso:</b></td><td></td></tr>
    <tr><td><b>Fecha calificación:</b></td><td>1999-02-01</td></tr>
    <tr><td><b>Lat/Long:</b></td><td>-28.593462, -70.600793</td></tr>
    <tr><td><b>UTM 19S:</b></td><td>343466 E / 6836007 N</td></tr>
  </table>
</div>
]]>
</description>
      <Point>
        <coordinates>-70.600793,-28.593462,0</coordinates>
      </Point>
    </Placemark>

    <Placemark>
      <name>Exploración Volcán Aguadita</name>
      <description>
<![CDATA[
<div style="font-family:Segoe UI,Arial,sans-serif;font-size:13px;">
  <h2 style="margin:0;color:#1e3a8a;">Exploración Volcán Aguadita</h2>
  <table style="border-collapse:collapse;margin-top:6px;">
    <tr><td><b>Tipo presentación:</b></td><td>DIA</td></tr>
    <tr><td><b>Estado:</b></td><td>Aprobado</td></tr>
    <tr><td><b>Sector:</b></td><td>Minería</td></tr>
    <tr><td><b>Titular:</b></td><td>Inversiones North (Chile) Ltda.</td></tr>
    <tr><td><b>Inversión:</b></td><td>0.12 MMU$</td></tr>
    <tr><td><b>Región / Comuna:</b></td><td>Región de Atacama / Freirina</td></tr>
    <tr><td><b>Fecha ingreso:</b></td><td></td></tr>
    <tr><td><b>Fecha calificación:</b></td><td>1999-02-16</td></tr>
    <tr><td><b>Lat/Long:</b></td><td>-28.595906, -71.099901</td></tr>
    <tr><td><b>UTM 19S:</b></td><td>294654 E / 6834982 N</td></tr>
  </table>
</div>
]]>
</description>
      <Point>
        <coordinates>-71.099901,-28.595906,0</coordinates>
      </Point>
    </Placemark>

    <Placemark>
      <name>Modificación Nave de Electro-Obtención División Manto Verde</name>
      <description>
<![CDATA[
<div style="font-family:Segoe UI,Arial,sans-serif;font-size:13px;">
  <h2 style="margin:0;color:#1e3a8a;">Modificación Nave de Electro-Obtención División Manto Verde</h2>
  <table style="border-collapse:collapse;margin-top:6px;">
    <tr><td><b>Tipo presentación:</b></td><td>DIA</td></tr>
    <tr><td><b>Estado:</b></td><td>Aprobado</td></tr>
    <tr><td><b>Sector:</b></td><td>Minería</td></tr>
    <tr><td><b>Titular:</b></td><td>MANTOVERDE S.A.</td></tr>
    <tr><td><b>Inversión:</b></td><td>1.9 MMU$</td></tr>
    <tr><td><b>Región / Comuna:</b></td><td>Región de Atacama / Chañaral</td></tr>
    <tr><td><b>Fecha ingreso:</b></td><td></td></tr>
    <tr><td><b>Fecha calificación:</b></td><td>1998-09-14</td></tr>
    <tr><td><b>Lat/Long:</b></td><td>-26.562281, -70.325846</td></tr>
    <tr><td><b>UTM 19S:</b></td><td>367943 E / 7061361 N</td></tr>
  </table>
</div>
]]>
</description>
      <Point>
        <coordinates>-70.325846,-26.562281,0</coordinates>
      </Point>
    </Placemark>

    <Placemark>
      <name>Campamento Antiguo</name>
      <description>
<![CDATA[
<div style="font-family:Segoe UI,Arial,sans-serif;font-size:13px;">
  <h2 style="margin:0;color:#1e3a8a;">Campamento Antiguo</h2>
  <table style="border-collapse:collapse;margin-top:6px;">
    <tr><td><b>Tipo presentación:</b></td><td>DIA</td></tr>
    <tr><td><b>Estado:</b></td><td>Aprobado</td></tr>
    <tr><td><b>Sector:</b></td><td>Minería</td></tr>
    <tr><td><b>Titular:</b></td><td>Codelco Chile División Salvador</td></tr>
    <tr><td><b>Inversión:</b></td><td>8.1 MMU$</td></tr>
    <tr><td><b>Región / Comuna:</b></td><td>Región de Atacama / Diego de Almagro</td></tr>
    <tr><td><b>Fecha ingreso:</b></td><td></td></tr>
    <tr><td><b>Fecha calificación:</b></td><td>1998-11-16</td></tr>
    <tr><td><b>Lat/Long:</b></td><td>-26.22854, -69.56144</td></tr>
    <tr><td><b>UTM 19S:</b></td><td>443921 E / 7098885 N</td></tr>
  </table>
</div>
]]>
</description>
      <Point>
        <coordinates>-69.56144,-26.22854,0</coordinates>
      </Point>
    </Placemark>

    <Placemark>
      <name>Actividades Prospección Minera en Bloque Quebrada Seca</name>
      <description>
<![CDATA[
<div style="font-family:Segoe UI,Arial,sans-serif;font-size:13px;">
  <h2 style="margin:0;color:#1e3a8a;">Actividades Prospección Minera en Bloque Quebrada Seca</h2>
  <table style="border-collapse:collapse;margin-top:6px;">
    <tr><td><b>Tipo presentación:</b></td><td>DIA</td></tr>
    <tr><td><b>Estado:</b></td><td>Aprobado</td></tr>
    <tr><td><b>Sector:</b></td><td>Minería</td></tr>
    <tr><td><b>Titular:</b></td><td>Minera Bema Gold Chile Ltda.</td></tr>
    <tr><td><b>Inversión:</b></td><td>35.0 MMU$</td></tr>
    <tr><td><b>Región / Comuna:</b></td><td>Región de Atacama / Tierra Amarilla</td></tr>
    <tr><td><b>Fecha ingreso:</b></td><td></td></tr>
    <tr><td><b>Fecha calificación:</b></td><td>1999-02-22</td></tr>
    <tr><td><b>Lat/Long:</b></td><td>-27.930229, -69.228244</td></tr>
    <tr><td><b>UTM 19S:</b></td><td>477544 E / 6910506 N</td></tr>
  </table>
</div>
]]>
</description>
      <Point>
        <coordinates>-69.228244,-27.930229,0</coordinates>
      </Point>
    </Placemark>

    <Placemark>
      <name>Planta Cachiyuyo</name>
      <description>
<![CDATA[
<div style="font-family:Segoe UI,Arial,sans-serif;font-size:13px;">
  <h2 style="margin:0;color:#1e3a8a;">Planta Cachiyuyo</h2>
  <table style="border-collapse:collapse;margin-top:6px;">
    <tr><td><b>Tipo presentación:</b></td><td>DIA</td></tr>
    <tr><td><b>Estado:</b></td><td>Aprobado</td></tr>
    <tr><td><b>Sector:</b></td><td>Minería</td></tr>
    <tr><td><b>Titular:</b></td><td>Asociación Minera de Domeyko</td></tr>
    <tr><td><b>Inversión:</b></td><td>0.1 MMU$</td></tr>
    <tr><td><b>Región / Comuna:</b></td><td>Región de Atacama / Vallenar</td></tr>
    <tr><td><b>Fecha ingreso:</b></td><td></td></tr>
    <tr><td><b>Fecha calificación:</b></td><td>1999-07-19</td></tr>
    <tr><td><b>Lat/Long:</b></td><td>-29.047699, -70.888119</td></tr>
    <tr><td><b>UTM 19S:</b></td><td>316164 E / 6785259 N</td></tr>
  </table>
</div>
]]>
</description>
      <Point>
        <coordinates>-70.888119,-29.047699,0</coordinates>
      </Point>
    </Placemark>

    <Placemark>
      <name>Inca de Oro</name>
      <description>
<![CDATA[
<div style="font-family:Segoe UI,Arial,sans-serif;font-size:13px;">
  <h2 style="margin:0;color:#1e3a8a;">Inca de Oro</h2>
  <table style="border-collapse:collapse;margin-top:6px;">
    <tr><td><b>Tipo presentación:</b></td><td>DIA</td></tr>
    <tr><td><b>Estado:</b></td><td>Aprobado</td></tr>
    <tr><td><b>Sector:</b></td><td>Minería</td></tr>
    <tr><td><b>Titular:</b></td><td>Empresa Nacional de Minería</td></tr>
    <tr><td><b>Inversión:</b></td><td>0.94 MMU$</td></tr>
    <tr><td><b>Región / Comuna:</b></td><td>Región de Atacama / Diego de Almagro</td></tr>
    <tr><td><b>Fecha ingreso:</b></td><td></td></tr>
    <tr><td><b>Fecha calificación:</b></td><td>1998-09-21</td></tr>
    <tr><td><b>Lat/Long:</b></td><td>-26.824521, -69.980813</td></tr>
    <tr><td><b>UTM 19S:</b></td><td>402535 E / 7032624 N</td></tr>
  </table>
</div>
]]>
</description>
      <Point>
        <coordinates>-69.980813,-26.824521,0</coordinates>
      </Point>
    </Placemark>

    <Placemark>
      <name>Estudio de Cianuración de Minerales a Escala Piloto - Diego de Almagro</name>
      <description>
<![CDATA[
<div style="font-family:Segoe UI,Arial,sans-serif;font-size:13px;">
  <h2 style="margin:0;color:#1e3a8a;">Estudio de Cianuración de Minerales a Escala Piloto - Diego de Almagro</h2>
  <table style="border-collapse:collapse;margin-top:6px;">
    <tr><td><b>Tipo presentación:</b></td><td>DIA</td></tr>
    <tr><td><b>Estado:</b></td><td>Aprobado</td></tr>
    <tr><td><b>Sector:</b></td><td>Minería</td></tr>
    <tr><td><b>Titular:</b></td><td>Marlette Calonge Salazar C y C Ltda.</td></tr>
    <tr><td><b>Inversión:</b></td><td>0.02 MMU$</td></tr>
    <tr><td><b>Región / Comuna:</b></td><td>Región de Atacama / Diego de Almagro</td></tr>
    <tr><td><b>Fecha ingreso:</b></td><td></td></tr>
    <tr><td><b>Fecha calificación:</b></td><td>1998-08-10</td></tr>
    <tr><td><b>Lat/Long:</b></td><td>-26.825109, -69.9814</td></tr>
    <tr><td><b>UTM 19S:</b></td><td>402477 E / 7032558 N</td></tr>
  </table>
</div>
]]>
</description>
      <Point>
        <coordinates>-69.9814,-26.825109,0</coordinates>
      </Point>
    </Placemark>

    <Placemark>
      <name>Exploraciones Plomizo</name>
      <description>
<![CDATA[
<div style="font-family:Segoe UI,Arial,sans-serif;font-size:13px;">
  <h2 style="margin:0;color:#1e3a8a;">Exploraciones Plomizo</h2>
  <table style="border-collapse:collapse;margin-top:6px;">
    <tr><td><b>Tipo presentación:</b></td><td>DIA</td></tr>
    <tr><td><b>Estado:</b></td><td>Aprobado</td></tr>
    <tr><td><b>Sector:</b></td><td>Minería</td></tr>
    <tr><td><b>Titular:</b></td><td>Minera Homestake Chile S.A.</td></tr>
    <tr><td><b>Inversión:</b></td><td>0.4 MMU$</td></tr>
    <tr><td><b>Región / Comuna:</b></td><td>Región de Atacama / Diego de Almagro</td></tr>
    <tr><td><b>Fecha ingreso:</b></td><td></td></tr>
    <tr><td><b>Fecha calificación:</b></td><td>1998-08-10</td></tr>
    <tr><td><b>Lat/Long:</b></td><td>-26.080502, -69.293402</td></tr>
    <tr><td><b>UTM 19S:</b></td><td>470657 E / 7115368 N</td></tr>
  </table>
</div>
]]>
</description>
      <Point>
        <coordinates>-69.293402,-26.080502,0</coordinates>
      </Point>
    </Placemark>

    <Placemark>
      <name>Exploración Vicuña</name>
      <description>
<![CDATA[
<div style="font-family:Segoe UI,Arial,sans-serif;font-size:13px;">
  <h2 style="margin:0;color:#1e3a8a;">Exploración Vicuña</h2>
  <table style="border-collapse:collapse;margin-top:6px;">
    <tr><td><b>Tipo presentación:</b></td><td>DIA</td></tr>
    <tr><td><b>Estado:</b></td><td>Aprobado</td></tr>
    <tr><td><b>Sector:</b></td><td>Minería</td></tr>
    <tr><td><b>Titular:</b></td><td>Minera Cyprus Amax Chile Ltda.</td></tr>
    <tr><td><b>Inversión:</b></td><td>0.26 MMU$</td></tr>
    <tr><td><b>Región / Comuna:</b></td><td>Región de Atacama / Tierra Amarilla</td></tr>
    <tr><td><b>Fecha ingreso:</b></td><td></td></tr>
    <tr><td><b>Fecha calificación:</b></td><td>1998-08-03</td></tr>
    <tr><td><b>Lat/Long:</b></td><td>-28.474907, -69.679338</td></tr>
    <tr><td><b>UTM 19S:</b></td><td>433500 E / 6850000 N</td></tr>
  </table>
</div>
]]>
</description>
      <Point>
        <coordinates>-69.679338,-28.474907,0</coordinates>
      </Point>
    </Placemark>

    <Placemark>
      <name>Ampliación Proyecto Dos Amigos</name>
      <description>
<![CDATA[
<div style="font-family:Segoe UI,Arial,sans-serif;font-size:13px;">
  <h2 style="margin:0;color:#1e3a8a;">Ampliación Proyecto Dos Amigos</h2>
  <table style="border-collapse:collapse;margin-top:6px;">
    <tr><td><b>Tipo presentación:</b></td><td>DIA</td></tr>
    <tr><td><b>Estado:</b></td><td>Aprobado</td></tr>
    <tr><td><b>Sector:</b></td><td>Minería</td></tr>
    <tr><td><b>Titular:</b></td><td>Compañia Explotadora Minas Sociedad Comercial Minera</td></tr>
    <tr><td><b>Inversión:</b></td><td>3.5 MMU$</td></tr>
    <tr><td><b>Región / Comuna:</b></td><td>Región de Atacama / Vallenar</td></tr>
    <tr><td><b>Fecha ingreso:</b></td><td></td></tr>
    <tr><td><b>Fecha calificación:</b></td><td>1998-08-10</td></tr>
    <tr><td><b>Lat/Long:</b></td><td>-28.985094, -70.885754</td></tr>
    <tr><td><b>UTM 19S:</b></td><td>316284 E / 6792200 N</td></tr>
  </table>
</div>
]]>
</description>
      <Point>
        <coordinates>-70.885754,-28.985094,0</coordinates>
      </Point>
    </Placemark>

    <Placemark>
      <name>Actividades Prospección Minera</name>
      <description>
<![CDATA[
<div style="font-family:Segoe UI,Arial,sans-serif;font-size:13px;">
  <h2 style="margin:0;color:#1e3a8a;">Actividades Prospección Minera</h2>
  <table style="border-collapse:collapse;margin-top:6px;">
    <tr><td><b>Tipo presentación:</b></td><td>DIA</td></tr>
    <tr><td><b>Estado:</b></td><td>Aprobado</td></tr>
    <tr><td><b>Sector:</b></td><td>Minería</td></tr>
    <tr><td><b>Titular:</b></td><td>Compañía Minera Aldebarán</td></tr>
    <tr><td><b>Inversión:</b></td><td>40.0 MMU$</td></tr>
    <tr><td><b>Región / Comuna:</b></td><td>Región de Atacama / Tierra Amarilla</td></tr>
    <tr><td><b>Fecha ingreso:</b></td><td></td></tr>
    <tr><td><b>Fecha calificación:</b></td><td>1998-09-21</td></tr>
    <tr><td><b>Lat/Long:</b></td><td>-27.79404, -69.275424</td></tr>
    <tr><td><b>UTM 19S:</b></td><td>472868 E / 6925582 N</td></tr>
  </table>
</div>
]]>
</description>
      <Point>
        <coordinates>-69.275424,-27.79404,0</coordinates>
      </Point>
    </Placemark>

    <Placemark>
      <name>Proyecto Chañarcillo</name>
      <description>
<![CDATA[
<div style="font-family:Segoe UI,Arial,sans-serif;font-size:13px;">
  <h2 style="margin:0;color:#1e3a8a;">Proyecto Chañarcillo</h2>
  <table style="border-collapse:collapse;margin-top:6px;">
    <tr><td><b>Tipo presentación:</b></td><td>DIA</td></tr>
    <tr><td><b>Estado:</b></td><td>Aprobado</td></tr>
    <tr><td><b>Sector:</b></td><td>Minería</td></tr>
    <tr><td><b>Titular:</b></td><td>Inversiones North (Chile) Ltda.</td></tr>
    <tr><td><b>Inversión:</b></td><td>0.1 MMU$</td></tr>
    <tr><td><b>Región / Comuna:</b></td><td>Región de Atacama / Copiapó</td></tr>
    <tr><td><b>Fecha ingreso:</b></td><td></td></tr>
    <tr><td><b>Fecha calificación:</b></td><td>1998-04-27</td></tr>
    <tr><td><b>Lat/Long:</b></td><td>-27.97432, -70.460064</td></tr>
    <tr><td><b>UTM 19S:</b></td><td>356400 E / 6904784 N</td></tr>
  </table>
</div>
]]>
</description>
      <Point>
        <coordinates>-70.460064,-27.97432,0</coordinates>
      </Point>
    </Placemark>

    <Placemark>
      <name>Exploración de los Relaves en la Bahia de Chañaral</name>
      <description>
<![CDATA[
<div style="font-family:Segoe UI,Arial,sans-serif;font-size:13px;">
  <h2 style="margin:0;color:#1e3a8a;">Exploración de los Relaves en la Bahia de Chañaral</h2>
  <table style="border-collapse:collapse;margin-top:6px;">
    <tr><td><b>Tipo presentación:</b></td><td>DIA</td></tr>
    <tr><td><b>Estado:</b></td><td>Aprobado</td></tr>
    <tr><td><b>Sector:</b></td><td>Minería</td></tr>
    <tr><td><b>Titular:</b></td><td>Sociedad Minera Legal C-1 Abra de Chañaral</td></tr>
    <tr><td><b>Inversión:</b></td><td>0.25 MMU$</td></tr>
    <tr><td><b>Región / Comuna:</b></td><td>Región de Atacama / Chañaral</td></tr>
    <tr><td><b>Fecha ingreso:</b></td><td></td></tr>
    <tr><td><b>Fecha calificación:</b></td><td>1998-01-26</td></tr>
    <tr><td><b>Lat/Long:</b></td><td>-26.323464, -70.630726</td></tr>
    <tr><td><b>UTM 19S:</b></td><td>337237 E / 7087466 N</td></tr>
  </table>
</div>
]]>
</description>
      <Point>
        <coordinates>-70.630726,-26.323464,0</coordinates>
      </Point>
    </Placemark>

    <Placemark>
      <name>Los Toros Minera Cyprus Chile Ltda</name>
      <description>
<![CDATA[
<div style="font-family:Segoe UI,Arial,sans-serif;font-size:13px;">
  <h2 style="margin:0;color:#1e3a8a;">Los Toros Minera Cyprus Chile Ltda</h2>
  <table style="border-collapse:collapse;margin-top:6px;">
    <tr><td><b>Tipo presentación:</b></td><td>DIA</td></tr>
    <tr><td><b>Estado:</b></td><td>Aprobado</td></tr>
    <tr><td><b>Sector:</b></td><td>Minería</td></tr>
    <tr><td><b>Titular:</b></td><td>CYPRUS Chile Ltda.</td></tr>
    <tr><td><b>Inversión:</b></td><td>0.45 MMU$</td></tr>
    <tr><td><b>Región / Comuna:</b></td><td>Región de Atacama / Tierra Amarilla-Copiapó</td></tr>
    <tr><td><b>Fecha ingreso:</b></td><td></td></tr>
    <tr><td><b>Fecha calificación:</b></td><td>1997-11-26</td></tr>
    <tr><td><b>Lat/Long:</b></td><td>-27.680158, -70.348729</td></tr>
    <tr><td><b>UTM 19S:</b></td><td>366993 E / 6937500 N</td></tr>
  </table>
</div>
]]>
</description>
      <Point>
        <coordinates>-70.348729,-27.680158,0</coordinates>
      </Point>
    </Placemark>

    <Placemark>
      <name>Recepción y Almacenamiento de Relaves de Compañía Contractual Minera Ojos del Salado en Tranque de Relaves de Cía Contractual Minera Candelaria</name>
      <description>
<![CDATA[
<div style="font-family:Segoe UI,Arial,sans-serif;font-size:13px;">
  <h2 style="margin:0;color:#1e3a8a;">Recepción y Almacenamiento de Relaves de Compañía Contractual Minera Ojos del Salado en Tranque de Relaves de Cía Contractual Minera Candelaria</h2>
  <table style="border-collapse:collapse;margin-top:6px;">
    <tr><td><b>Tipo presentación:</b></td><td>DIA</td></tr>
    <tr><td><b>Estado:</b></td><td>Aprobado</td></tr>
    <tr><td><b>Sector:</b></td><td>Minería</td></tr>
    <tr><td><b>Titular:</b></td><td>Compañía Contractual Minera Candelaria</td></tr>
    <tr><td><b>Inversión:</b></td><td>0.0 MMU$</td></tr>
    <tr><td><b>Región / Comuna:</b></td><td>Región de Atacama / Tierra Amarilla</td></tr>
    <tr><td><b>Fecha ingreso:</b></td><td></td></tr>
    <tr><td><b>Fecha calificación:</b></td><td>1997-12-09</td></tr>
    <tr><td><b>Lat/Long:</b></td><td>-27.505434, -70.310989</td></tr>
    <tr><td><b>UTM 19S:</b></td><td>370510 E / 6956897 N</td></tr>
  </table>
</div>
]]>
</description>
      <Point>
        <coordinates>-70.310989,-27.505434,0</coordinates>
      </Point>
    </Placemark>

    <Placemark>
      <name>Conducción de Relaves desde Tranque # 8 a Tranque Candelaria</name>
      <description>
<![CDATA[
<div style="font-family:Segoe UI,Arial,sans-serif;font-size:13px;">
  <h2 style="margin:0;color:#1e3a8a;">Conducción de Relaves desde Tranque # 8 a Tranque Candelaria</h2>
  <table style="border-collapse:collapse;margin-top:6px;">
    <tr><td><b>Tipo presentación:</b></td><td>DIA</td></tr>
    <tr><td><b>Estado:</b></td><td>Aprobado</td></tr>
    <tr><td><b>Sector:</b></td><td>Minería</td></tr>
    <tr><td><b>Titular:</b></td><td>Compañía Contractual Minera Ojos del Salado  </td></tr>
    <tr><td><b>Inversión:</b></td><td>4.7 MMU$</td></tr>
    <tr><td><b>Región / Comuna:</b></td><td>Región de Atacama / Tierra Amarilla</td></tr>
    <tr><td><b>Fecha ingreso:</b></td><td></td></tr>
    <tr><td><b>Fecha calificación:</b></td><td>1997-12-17</td></tr>
    <tr><td><b>Lat/Long:</b></td><td>-27.50737, -70.31051</td></tr>
    <tr><td><b>UTM 19S:</b></td><td>370560 E / 6956683 N</td></tr>
  </table>
</div>
]]>
</description>
      <Point>
        <coordinates>-70.31051,-27.50737,0</coordinates>
      </Point>
    </Placemark>

    <Placemark>
      <name>Modificacion Planta San José</name>
      <description>
<![CDATA[
<div style="font-family:Segoe UI,Arial,sans-serif;font-size:13px;">
  <h2 style="margin:0;color:#1e3a8a;">Modificacion Planta San José</h2>
  <table style="border-collapse:collapse;margin-top:6px;">
    <tr><td><b>Tipo presentación:</b></td><td>DIA</td></tr>
    <tr><td><b>Estado:</b></td><td>Aprobado</td></tr>
    <tr><td><b>Sector:</b></td><td>Minería</td></tr>
    <tr><td><b>Titular:</b></td><td>Sociedad Punta del Cobre S.A.</td></tr>
    <tr><td><b>Inversión:</b></td><td>30.0 MMU$</td></tr>
    <tr><td><b>Región / Comuna:</b></td><td>Región de Atacama / Tierra Amarilla</td></tr>
    <tr><td><b>Fecha ingreso:</b></td><td></td></tr>
    <tr><td><b>Fecha calificación:</b></td><td>1997-11-05</td></tr>
    <tr><td><b>Lat/Long:</b></td><td>-27.484054, -70.282122</td></tr>
    <tr><td><b>UTM 19S:</b></td><td>373337 E / 6959295 N</td></tr>
  </table>
</div>
]]>
</description>
      <Point>
        <coordinates>-70.282122,-27.484054,0</coordinates>
      </Point>
    </Placemark>
  </Folder>

  <Folder>
    <name>Caducado</name>

    <Placemark>
      <name>Poder de Compra, Procesamiento y Exportación de Minerales de Hierro</name>
      <description>
<![CDATA[
<div style="font-family:Segoe UI,Arial,sans-serif;font-size:13px;">
  <h2 style="margin:0;color:#1e3a8a;">Poder de Compra, Procesamiento y Exportación de Minerales de Hierro</h2>
  <table style="border-collapse:collapse;margin-top:6px;">
    <tr><td><b>Tipo presentación:</b></td><td>DIA</td></tr>
    <tr><td><b>Estado:</b></td><td>Caducado</td></tr>
    <tr><td><b>Sector:</b></td><td>Minería</td></tr>
    <tr><td><b>Titular:</b></td><td>SHABU CORPORATION S.A.</td></tr>
    <tr><td><b>Inversión:</b></td><td>5.0 MMU$</td></tr>
    <tr><td><b>Región / Comuna:</b></td><td>Región de Atacama / Caldera-Copiapó</td></tr>
    <tr><td><b>Fecha ingreso:</b></td><td></td></tr>
    <tr><td><b>Fecha calificación:</b></td><td>2011-09-23</td></tr>
    <tr><td><b>Lat/Long:</b></td><td>-27.166497, -70.544244</td></tr>
    <tr><td><b>UTM 19S:</b></td><td>347003 E / 6994182 N</td></tr>
  </table>
</div>
]]>
</description>
      <Point>
        <coordinates>-70.544244,-27.166497,0</coordinates>
      </Point>
    </Placemark>

    <Placemark>
      <name>Proyecto Catania Verde (e-seia)</name>
      <description>
<![CDATA[
<div style="font-family:Segoe UI,Arial,sans-serif;font-size:13px;">
  <h2 style="margin:0;color:#1e3a8a;">Proyecto Catania Verde (e-seia)</h2>
  <table style="border-collapse:collapse;margin-top:6px;">
    <tr><td><b>Tipo presentación:</b></td><td>DIA</td></tr>
    <tr><td><b>Estado:</b></td><td>Caducado</td></tr>
    <tr><td><b>Sector:</b></td><td>Minería</td></tr>
    <tr><td><b>Titular:</b></td><td>Minera Catania Verde S.A.</td></tr>
    <tr><td><b>Inversión:</b></td><td>25.0 MMU$</td></tr>
    <tr><td><b>Región / Comuna:</b></td><td>Región de Atacama / Tierra Amarilla</td></tr>
    <tr><td><b>Fecha ingreso:</b></td><td></td></tr>
    <tr><td><b>Fecha calificación:</b></td><td>2009-04-24</td></tr>
    <tr><td><b>Lat/Long:</b></td><td>-27.603148, -70.194808</td></tr>
    <tr><td><b>UTM 19S:</b></td><td>382091 E / 6946188 N</td></tr>
  </table>
</div>
]]>
</description>
      <Point>
        <coordinates>-70.194808,-27.603148,0</coordinates>
      </Point>
    </Placemark>

    <Placemark>
      <name>Construcción Planta SX-EW 350 TMF/MES, Las Pintadas (e-seia)</name>
      <description>
<![CDATA[
<div style="font-family:Segoe UI,Arial,sans-serif;font-size:13px;">
  <h2 style="margin:0;color:#1e3a8a;">Construcción Planta SX-EW 350 TMF/MES, Las Pintadas (e-seia)</h2>
  <table style="border-collapse:collapse;margin-top:6px;">
    <tr><td><b>Tipo presentación:</b></td><td>DIA</td></tr>
    <tr><td><b>Estado:</b></td><td>Caducado</td></tr>
    <tr><td><b>Sector:</b></td><td>Minería</td></tr>
    <tr><td><b>Titular:</b></td><td>Compañia Minera Carmen Bajo</td></tr>
    <tr><td><b>Inversión:</b></td><td>3.0 MMU$</td></tr>
    <tr><td><b>Región / Comuna:</b></td><td>Región de Atacama / Tierra Amarilla</td></tr>
    <tr><td><b>Fecha ingreso:</b></td><td></td></tr>
    <tr><td><b>Fecha calificación:</b></td><td>2007-12-17</td></tr>
    <tr><td><b>Lat/Long:</b></td><td>-27.586979, -70.357981</td></tr>
    <tr><td><b>UTM 19S:</b></td><td>365967 E / 6947813 N</td></tr>
  </table>
</div>
]]>
</description>
      <Point>
        <coordinates>-70.357981,-27.586979,0</coordinates>
      </Point>
    </Placemark>
  </Folder>

  <Folder>
    <name>Desistido</name>

    <Placemark>
      <name>Proyecto Ampliación de Explotación y Tratamiento de Mina El Cristo hasta 15.000 ton/mes</name>
      <description>
<![CDATA[
<div style="font-family:Segoe UI,Arial,sans-serif;font-size:13px;">
  <h2 style="margin:0;color:#1e3a8a;">Proyecto Ampliación de Explotación y Tratamiento de Mina El Cristo hasta 15.000 ton/mes</h2>
  <table style="border-collapse:collapse;margin-top:6px;">
    <tr><td><b>Tipo presentación:</b></td><td>DIA</td></tr>
    <tr><td><b>Estado:</b></td><td>Desistido</td></tr>
    <tr><td><b>Sector:</b></td><td>Minería</td></tr>
    <tr><td><b>Titular:</b></td><td>Calidra Chile Importaciones Minerales SpA</td></tr>
    <tr><td><b>Inversión:</b></td><td>0.486 MMU$</td></tr>
    <tr><td><b>Región / Comuna:</b></td><td>Región de Atacama / Copiapó</td></tr>
    <tr><td><b>Fecha ingreso:</b></td><td></td></tr>
    <tr><td><b>Fecha calificación:</b></td><td>2024-10-15</td></tr>
    <tr><td><b>Lat/Long:</b></td><td>-27.766103, -71.003248</td></tr>
    <tr><td><b>UTM 19S:</b></td><td>302589 E / 6927099 N</td></tr>
  </table>
</div>
]]>
</description>
      <Point>
        <coordinates>-71.003248,-27.766103,0</coordinates>
      </Point>
    </Placemark>

    <Placemark>
      <name>Continuidad Operacional La Farola</name>
      <description>
<![CDATA[
<div style="font-family:Segoe UI,Arial,sans-serif;font-size:13px;">
  <h2 style="margin:0;color:#1e3a8a;">Continuidad Operacional La Farola</h2>
  <table style="border-collapse:collapse;margin-top:6px;">
    <tr><td><b>Tipo presentación:</b></td><td>DIA</td></tr>
    <tr><td><b>Estado:</b></td><td>Desistido</td></tr>
    <tr><td><b>Sector:</b></td><td>Minería</td></tr>
    <tr><td><b>Titular:</b></td><td> Manuel  Matta Velasco</td></tr>
    <tr><td><b>Inversión:</b></td><td>250.0 MMU$</td></tr>
    <tr><td><b>Región / Comuna:</b></td><td>Región de Atacama / Tierra Amarilla</td></tr>
    <tr><td><b>Fecha ingreso:</b></td><td></td></tr>
    <tr><td><b>Fecha calificación:</b></td><td>2023-08-11</td></tr>
    <tr><td><b>Lat/Long:</b></td><td>-28.0, -70.0</td></tr>
    <tr><td><b>UTM 19S:</b></td><td>401675 E / 6902395 N</td></tr>
  </table>
</div>
]]>
</description>
      <Point>
        <coordinates>-70.0,-28.0,0</coordinates>
      </Point>
    </Placemark>

    <Placemark>
      <name>Proyecto Ampliación de Explotación y Tratamiento de Mina El Cristo hasta 15.000 ton/mes</name>
      <description>
<![CDATA[
<div style="font-family:Segoe UI,Arial,sans-serif;font-size:13px;">
  <h2 style="margin:0;color:#1e3a8a;">Proyecto Ampliación de Explotación y Tratamiento de Mina El Cristo hasta 15.000 ton/mes</h2>
  <table style="border-collapse:collapse;margin-top:6px;">
    <tr><td><b>Tipo presentación:</b></td><td>DIA</td></tr>
    <tr><td><b>Estado:</b></td><td>Desistido</td></tr>
    <tr><td><b>Sector:</b></td><td>Minería</td></tr>
    <tr><td><b>Titular:</b></td><td>Calidra Chile Importaciones Minerales SpA</td></tr>
    <tr><td><b>Inversión:</b></td><td>1.75 MMU$</td></tr>
    <tr><td><b>Región / Comuna:</b></td><td>Región de Atacama / Copiapó</td></tr>
    <tr><td><b>Fecha ingreso:</b></td><td></td></tr>
    <tr><td><b>Fecha calificación:</b></td><td>2022-10-26</td></tr>
    <tr><td><b>Lat/Long:</b></td><td>-27.756576, -71.013644</td></tr>
    <tr><td><b>UTM 19S:</b></td><td>301547 E / 6928138 N</td></tr>
  </table>
</div>
]]>
</description>
      <Point>
        <coordinates>-71.013644,-27.756576,0</coordinates>
      </Point>
    </Placemark>

    <Placemark>
      <name>Proyecto Procesamiento de Desmontes de Hierro en Mina Cerro Imán</name>
      <description>
<![CDATA[
<div style="font-family:Segoe UI,Arial,sans-serif;font-size:13px;">
  <h2 style="margin:0;color:#1e3a8a;">Proyecto Procesamiento de Desmontes de Hierro en Mina Cerro Imán</h2>
  <table style="border-collapse:collapse;margin-top:6px;">
    <tr><td><b>Tipo presentación:</b></td><td>DIA</td></tr>
    <tr><td><b>Estado:</b></td><td>Desistido</td></tr>
    <tr><td><b>Sector:</b></td><td>Minería</td></tr>
    <tr><td><b>Titular:</b></td><td>Inversiones Cooper Mining S.A.</td></tr>
    <tr><td><b>Inversión:</b></td><td>10.0 MMU$</td></tr>
    <tr><td><b>Región / Comuna:</b></td><td>Región de Atacama / Copiapó</td></tr>
    <tr><td><b>Fecha ingreso:</b></td><td></td></tr>
    <tr><td><b>Fecha calificación:</b></td><td>2022-08-29</td></tr>
    <tr><td><b>Lat/Long:</b></td><td>-27.273336, -70.416012</td></tr>
    <tr><td><b>UTM 19S:</b></td><td>359843 E / 6982496 N</td></tr>
  </table>
</div>
]]>
</description>
      <Point>
        <coordinates>-70.416012,-27.273336,0</coordinates>
      </Point>
    </Placemark>

    <Placemark>
      <name>Minera Carolina</name>
      <description>
<![CDATA[
<div style="font-family:Segoe UI,Arial,sans-serif;font-size:13px;">
  <h2 style="margin:0;color:#1e3a8a;">Minera Carolina</h2>
  <table style="border-collapse:collapse;margin-top:6px;">
    <tr><td><b>Tipo presentación:</b></td><td>DIA</td></tr>
    <tr><td><b>Estado:</b></td><td>Desistido</td></tr>
    <tr><td><b>Sector:</b></td><td>Minería</td></tr>
    <tr><td><b>Titular:</b></td><td> LUIS ADOLFO GALLARDO GALLARDO</td></tr>
    <tr><td><b>Inversión:</b></td><td>3.0 MMU$</td></tr>
    <tr><td><b>Región / Comuna:</b></td><td>Región de Atacama / Copiapó</td></tr>
    <tr><td><b>Fecha ingreso:</b></td><td></td></tr>
    <tr><td><b>Fecha calificación:</b></td><td>2021-10-22</td></tr>
    <tr><td><b>Lat/Long:</b></td><td>-27.0, -71.0</td></tr>
    <tr><td><b>UTM 19S:</b></td><td>301546 E / 7011992 N</td></tr>
  </table>
</div>
]]>
</description>
      <Point>
        <coordinates>-71.0,-27.0,0</coordinates>
      </Point>
    </Placemark>

    <Placemark>
      <name>Proyecto Minero IMANXITO</name>
      <description>
<![CDATA[
<div style="font-family:Segoe UI,Arial,sans-serif;font-size:13px;">
  <h2 style="margin:0;color:#1e3a8a;">Proyecto Minero IMANXITO</h2>
  <table style="border-collapse:collapse;margin-top:6px;">
    <tr><td><b>Tipo presentación:</b></td><td>DIA</td></tr>
    <tr><td><b>Estado:</b></td><td>Desistido</td></tr>
    <tr><td><b>Sector:</b></td><td>Minería</td></tr>
    <tr><td><b>Titular:</b></td><td>Carabantes Ingenieros Asociados SpA</td></tr>
    <tr><td><b>Inversión:</b></td><td>0.272 MMU$</td></tr>
    <tr><td><b>Región / Comuna:</b></td><td>Región de Atacama / Chañaral</td></tr>
    <tr><td><b>Fecha ingreso:</b></td><td></td></tr>
    <tr><td><b>Fecha calificación:</b></td><td>2021-09-01</td></tr>
    <tr><td><b>Lat/Long:</b></td><td>-26.743798, -70.281123</td></tr>
    <tr><td><b>UTM 19S:</b></td><td>372600 E / 7041300 N</td></tr>
  </table>
</div>
]]>
</description>
      <Point>
        <coordinates>-70.281123,-26.743798,0</coordinates>
      </Point>
    </Placemark>

    <Placemark>
      <name>Extracción de Material de Empréstito Faena Refugio</name>
      <description>
<![CDATA[
<div style="font-family:Segoe UI,Arial,sans-serif;font-size:13px;">
  <h2 style="margin:0;color:#1e3a8a;">Extracción de Material de Empréstito Faena Refugio</h2>
  <table style="border-collapse:collapse;margin-top:6px;">
    <tr><td><b>Tipo presentación:</b></td><td>DIA</td></tr>
    <tr><td><b>Estado:</b></td><td>Desistido</td></tr>
    <tr><td><b>Sector:</b></td><td>Minería</td></tr>
    <tr><td><b>Titular:</b></td><td>Compañía Minera Maricunga</td></tr>
    <tr><td><b>Inversión:</b></td><td>1.4 MMU$</td></tr>
    <tr><td><b>Región / Comuna:</b></td><td>Región de Atacama / Tierra Amarilla</td></tr>
    <tr><td><b>Fecha ingreso:</b></td><td></td></tr>
    <tr><td><b>Fecha calificación:</b></td><td>2021-04-28</td></tr>
    <tr><td><b>Lat/Long:</b></td><td>-28.0, -69.0</td></tr>
    <tr><td><b>UTM 19S:</b></td><td>500000 E / 6902798 N</td></tr>
  </table>
</div>
]]>
</description>
      <Point>
        <coordinates>-69.0,-28.0,0</coordinates>
      </Point>
    </Placemark>

    <Placemark>
      <name>Continuidad operacional Planta de Magnetita</name>
      <description>
<![CDATA[
<div style="font-family:Segoe UI,Arial,sans-serif;font-size:13px;">
  <h2 style="margin:0;color:#1e3a8a;">Continuidad operacional Planta de Magnetita</h2>
  <table style="border-collapse:collapse;margin-top:6px;">
    <tr><td><b>Tipo presentación:</b></td><td>DIA</td></tr>
    <tr><td><b>Estado:</b></td><td>Desistido</td></tr>
    <tr><td><b>Sector:</b></td><td>Minería</td></tr>
    <tr><td><b>Titular:</b></td><td>Compañía Minera del Pacífico S.A.</td></tr>
    <tr><td><b>Inversión:</b></td><td>95.0 MMU$</td></tr>
    <tr><td><b>Región / Comuna:</b></td><td>Región de Atacama / Tierra Amarilla</td></tr>
    <tr><td><b>Fecha ingreso:</b></td><td></td></tr>
    <tr><td><b>Fecha calificación:</b></td><td>2021-02-12</td></tr>
    <tr><td><b>Lat/Long:</b></td><td>-27.518638, -70.32452</td></tr>
    <tr><td><b>UTM 19S:</b></td><td>369189 E / 6955420 N</td></tr>
  </table>
</div>
]]>
</description>
      <Point>
        <coordinates>-70.32452,-27.518638,0</coordinates>
      </Point>
    </Placemark>

    <Placemark>
      <name>Continuidad Operacional en Distrito Pleito</name>
      <description>
<![CDATA[
<div style="font-family:Segoe UI,Arial,sans-serif;font-size:13px;">
  <h2 style="margin:0;color:#1e3a8a;">Continuidad Operacional en Distrito Pleito</h2>
  <table style="border-collapse:collapse;margin-top:6px;">
    <tr><td><b>Tipo presentación:</b></td><td>DIA</td></tr>
    <tr><td><b>Estado:</b></td><td>Desistido</td></tr>
    <tr><td><b>Sector:</b></td><td>Minería</td></tr>
    <tr><td><b>Titular:</b></td><td>Compañía Minera del Pacífico S.A.</td></tr>
    <tr><td><b>Inversión:</b></td><td>0.7 MMU$</td></tr>
    <tr><td><b>Región / Comuna:</b></td><td>Región de Atacama / Vallenar</td></tr>
    <tr><td><b>Fecha ingreso:</b></td><td></td></tr>
    <tr><td><b>Fecha calificación:</b></td><td>2020-12-16</td></tr>
    <tr><td><b>Lat/Long:</b></td><td>-29.0, -71.0</td></tr>
    <tr><td><b>UTM 19S:</b></td><td>305179 E / 6790365 N</td></tr>
  </table>
</div>
]]>
</description>
      <Point>
        <coordinates>-71.0,-29.0,0</coordinates>
      </Point>
    </Placemark>

    <Placemark>
      <name>CONTINUIDAD OPERACIONAL, PLANTA EL SALADO - ENAMI</name>
      <description>
<![CDATA[
<div style="font-family:Segoe UI,Arial,sans-serif;font-size:13px;">
  <h2 style="margin:0;color:#1e3a8a;">CONTINUIDAD OPERACIONAL, PLANTA EL SALADO - ENAMI</h2>
  <table style="border-collapse:collapse;margin-top:6px;">
    <tr><td><b>Tipo presentación:</b></td><td>DIA</td></tr>
    <tr><td><b>Estado:</b></td><td>Desistido</td></tr>
    <tr><td><b>Sector:</b></td><td>Minería</td></tr>
    <tr><td><b>Titular:</b></td><td>Empresa Nacional de Minería</td></tr>
    <tr><td><b>Inversión:</b></td><td>0.76 MMU$</td></tr>
    <tr><td><b>Región / Comuna:</b></td><td>Región de Atacama / Chañaral</td></tr>
    <tr><td><b>Fecha ingreso:</b></td><td></td></tr>
    <tr><td><b>Fecha calificación:</b></td><td>2020-12-02</td></tr>
    <tr><td><b>Lat/Long:</b></td><td>-26.0, -70.0</td></tr>
    <tr><td><b>UTM 19S:</b></td><td>399919 E / 7123933 N</td></tr>
  </table>
</div>
]]>
</description>
      <Point>
        <coordinates>-70.0,-26.0,0</coordinates>
      </Point>
    </Placemark>

    <Placemark>
      <name>AUMENTO DE PRODUCCIÓN PLANTA VIÑITA AZUL</name>
      <description>
<![CDATA[
<div style="font-family:Segoe UI,Arial,sans-serif;font-size:13px;">
  <h2 style="margin:0;color:#1e3a8a;">AUMENTO DE PRODUCCIÓN PLANTA VIÑITA AZUL</h2>
  <table style="border-collapse:collapse;margin-top:6px;">
    <tr><td><b>Tipo presentación:</b></td><td>DIA</td></tr>
    <tr><td><b>Estado:</b></td><td>Desistido</td></tr>
    <tr><td><b>Sector:</b></td><td>Minería</td></tr>
    <tr><td><b>Titular:</b></td><td>Sociedad Contractual Minera Alianza</td></tr>
    <tr><td><b>Inversión:</b></td><td>0.7 MMU$</td></tr>
    <tr><td><b>Región / Comuna:</b></td><td>Región de Atacama / Copiapó</td></tr>
    <tr><td><b>Fecha ingreso:</b></td><td></td></tr>
    <tr><td><b>Fecha calificación:</b></td><td>2021-10-15</td></tr>
    <tr><td><b>Lat/Long:</b></td><td>-27.41719, -70.319273</td></tr>
    <tr><td><b>UTM 19S:</b></td><td>369588 E / 6966664 N</td></tr>
  </table>
</div>
]]>
</description>
      <Point>
        <coordinates>-70.319273,-27.41719,0</coordinates>
      </Point>
    </Placemark>

    <Placemark>
      <name>Ampliación Proyecto de Explotación Mantos Cobrizos, 20.000 TPM</name>
      <description>
<![CDATA[
<div style="font-family:Segoe UI,Arial,sans-serif;font-size:13px;">
  <h2 style="margin:0;color:#1e3a8a;">Ampliación Proyecto de Explotación Mantos Cobrizos, 20.000 TPM</h2>
  <table style="border-collapse:collapse;margin-top:6px;">
    <tr><td><b>Tipo presentación:</b></td><td>DIA</td></tr>
    <tr><td><b>Estado:</b></td><td>Desistido</td></tr>
    <tr><td><b>Sector:</b></td><td>Minería</td></tr>
    <tr><td><b>Titular:</b></td><td>Compañía Minera Carmen Bajo Limitada</td></tr>
    <tr><td><b>Inversión:</b></td><td>0.75 MMU$</td></tr>
    <tr><td><b>Región / Comuna:</b></td><td>Región de Atacama / Tierra Amarilla-Copiapó</td></tr>
    <tr><td><b>Fecha ingreso:</b></td><td></td></tr>
    <tr><td><b>Fecha calificación:</b></td><td>2020-12-18</td></tr>
    <tr><td><b>Lat/Long:</b></td><td>-27.367564, -70.175858</td></tr>
    <tr><td><b>UTM 19S:</b></td><td>383714 E / 6972304 N</td></tr>
  </table>
</div>
]]>
</description>
      <Point>
        <coordinates>-70.175858,-27.367564,0</coordinates>
      </Point>
    </Placemark>

    <Placemark>
      <name>Sondajes Mineros La Fortuna</name>
      <description>
<![CDATA[
<div style="font-family:Segoe UI,Arial,sans-serif;font-size:13px;">
  <h2 style="margin:0;color:#1e3a8a;">Sondajes Mineros La Fortuna</h2>
  <table style="border-collapse:collapse;margin-top:6px;">
    <tr><td><b>Tipo presentación:</b></td><td>DIA</td></tr>
    <tr><td><b>Estado:</b></td><td>Desistido</td></tr>
    <tr><td><b>Sector:</b></td><td>Minería</td></tr>
    <tr><td><b>Titular:</b></td><td>NuevaUnion SpA</td></tr>
    <tr><td><b>Inversión:</b></td><td>152.0 MMU$</td></tr>
    <tr><td><b>Región / Comuna:</b></td><td>Región de Atacama / Alto del Carmen</td></tr>
    <tr><td><b>Fecha ingreso:</b></td><td></td></tr>
    <tr><td><b>Fecha calificación:</b></td><td>2020-10-05</td></tr>
    <tr><td><b>Lat/Long:</b></td><td>-28.650858, -69.905578</td></tr>
    <tr><td><b>UTM 19S:</b></td><td>411500 E / 6830360 N</td></tr>
  </table>
</div>
]]>
</description>
      <Point>
        <coordinates>-69.905578,-28.650858,0</coordinates>
      </Point>
    </Placemark>

    <Placemark>
      <name>SISTEMA DE EXPLOTACION DE MINERAL  HIERRO MINA MAGNETITA  Y PLANTA DE CONCENTRACION MAGNETICA MAGNETITA 1 AL 30 DE LA SIERRA MONARDES</name>
      <description>
<![CDATA[
<div style="font-family:Segoe UI,Arial,sans-serif;font-size:13px;">
  <h2 style="margin:0;color:#1e3a8a;">SISTEMA DE EXPLOTACION DE MINERAL  HIERRO MINA MAGNETITA  Y PLANTA DE CONCENTRACION MAGNETICA MAGNETITA 1 AL 30 DE LA SIERRA MONARDES</h2>
  <table style="border-collapse:collapse;margin-top:6px;">
    <tr><td><b>Tipo presentación:</b></td><td>DIA</td></tr>
    <tr><td><b>Estado:</b></td><td>Desistido</td></tr>
    <tr><td><b>Sector:</b></td><td>Minería</td></tr>
    <tr><td><b>Titular:</b></td><td>sociedad legal minera magnetita</td></tr>
    <tr><td><b>Inversión:</b></td><td>1.0 MMU$</td></tr>
    <tr><td><b>Región / Comuna:</b></td><td>Región de Atacama / Caldera-Copiapó</td></tr>
    <tr><td><b>Fecha ingreso:</b></td><td></td></tr>
    <tr><td><b>Fecha calificación:</b></td><td>2019-12-27</td></tr>
    <tr><td><b>Lat/Long:</b></td><td>-27.0, -71.0</td></tr>
    <tr><td><b>UTM 19S:</b></td><td>301546 E / 7011992 N</td></tr>
  </table>
</div>
]]>
</description>
      <Point>
        <coordinates>-71.0,-27.0,0</coordinates>
      </Point>
    </Placemark>

    <Placemark>
      <name>EXPLOTACIÓN Y BENEFICIO PROYECTO DELIRIO</name>
      <description>
<![CDATA[
<div style="font-family:Segoe UI,Arial,sans-serif;font-size:13px;">
  <h2 style="margin:0;color:#1e3a8a;">EXPLOTACIÓN Y BENEFICIO PROYECTO DELIRIO</h2>
  <table style="border-collapse:collapse;margin-top:6px;">
    <tr><td><b>Tipo presentación:</b></td><td>DIA</td></tr>
    <tr><td><b>Estado:</b></td><td>Desistido</td></tr>
    <tr><td><b>Sector:</b></td><td>Minería</td></tr>
    <tr><td><b>Titular:</b></td><td>Santiago Metals Proyecto Dos Ltda</td></tr>
    <tr><td><b>Inversión:</b></td><td>40.8 MMU$</td></tr>
    <tr><td><b>Región / Comuna:</b></td><td>Región de Atacama / Diego de Almagro</td></tr>
    <tr><td><b>Fecha ingreso:</b></td><td></td></tr>
    <tr><td><b>Fecha calificación:</b></td><td>2015-12-29</td></tr>
    <tr><td><b>Lat/Long:</b></td><td>-26.740943, -69.828067</td></tr>
    <tr><td><b>UTM 19S:</b></td><td>417654 E / 7041989 N</td></tr>
  </table>
</div>
]]>
</description>
      <Point>
        <coordinates>-69.828067,-26.740943,0</coordinates>
      </Point>
    </Placemark>

    <Placemark>
      <name>Proyecto Cerro Negro II</name>
      <description>
<![CDATA[
<div style="font-family:Segoe UI,Arial,sans-serif;font-size:13px;">
  <h2 style="margin:0;color:#1e3a8a;">Proyecto Cerro Negro II</h2>
  <table style="border-collapse:collapse;margin-top:6px;">
    <tr><td><b>Tipo presentación:</b></td><td>DIA</td></tr>
    <tr><td><b>Estado:</b></td><td>Desistido</td></tr>
    <tr><td><b>Sector:</b></td><td>Minería</td></tr>
    <tr><td><b>Titular:</b></td><td>Compañia Minera Minerales Copiapo Ltda.</td></tr>
    <tr><td><b>Inversión:</b></td><td>2.0 MMU$</td></tr>
    <tr><td><b>Región / Comuna:</b></td><td>Región de Atacama / Chañaral</td></tr>
    <tr><td><b>Fecha ingreso:</b></td><td></td></tr>
    <tr><td><b>Fecha calificación:</b></td><td>2017-03-14</td></tr>
    <tr><td><b>Lat/Long:</b></td><td>-26.161296, -70.300434</td></tr>
    <tr><td><b>UTM 19S:</b></td><td>370027 E / 7105803 N</td></tr>
  </table>
</div>
]]>
</description>
      <Point>
        <coordinates>-70.300434,-26.161296,0</coordinates>
      </Point>
    </Placemark>

    <Placemark>
      <name>Actualización de Instalaciones en Campamento Rancho del Gallo - Proyecto Minero Refugio</name>
      <description>
<![CDATA[
<div style="font-family:Segoe UI,Arial,sans-serif;font-size:13px;">
  <h2 style="margin:0;color:#1e3a8a;">Actualización de Instalaciones en Campamento Rancho del Gallo - Proyecto Minero Refugio</h2>
  <table style="border-collapse:collapse;margin-top:6px;">
    <tr><td><b>Tipo presentación:</b></td><td>DIA</td></tr>
    <tr><td><b>Estado:</b></td><td>Desistido</td></tr>
    <tr><td><b>Sector:</b></td><td>Minería</td></tr>
    <tr><td><b>Titular:</b></td><td>Compañía Minera Maricunga</td></tr>
    <tr><td><b>Inversión:</b></td><td>1.45 MMU$</td></tr>
    <tr><td><b>Región / Comuna:</b></td><td>Región de Atacama / Tierra Amarilla</td></tr>
    <tr><td><b>Fecha ingreso:</b></td><td></td></tr>
    <tr><td><b>Fecha calificación:</b></td><td>2014-11-21</td></tr>
    <tr><td><b>Lat/Long:</b></td><td>-27.614982, -69.342556</td></tr>
    <tr><td><b>UTM 19S:</b></td><td>466200 E / 6945400 N</td></tr>
  </table>
</div>
]]>
</description>
      <Point>
        <coordinates>-69.342556,-27.614982,0</coordinates>
      </Point>
    </Placemark>

    <Placemark>
      <name>PROYECTO MERCEDITAS</name>
      <description>
<![CDATA[
<div style="font-family:Segoe UI,Arial,sans-serif;font-size:13px;">
  <h2 style="margin:0;color:#1e3a8a;">PROYECTO MERCEDITAS</h2>
  <table style="border-collapse:collapse;margin-top:6px;">
    <tr><td><b>Tipo presentación:</b></td><td>DIA</td></tr>
    <tr><td><b>Estado:</b></td><td>Desistido</td></tr>
    <tr><td><b>Sector:</b></td><td>Minería</td></tr>
    <tr><td><b>Titular:</b></td><td>MINERA MONTEGRANDE S.A.</td></tr>
    <tr><td><b>Inversión:</b></td><td>14.0 MMU$</td></tr>
    <tr><td><b>Región / Comuna:</b></td><td>Región de Atacama / Chañaral</td></tr>
    <tr><td><b>Fecha ingreso:</b></td><td></td></tr>
    <tr><td><b>Fecha calificación:</b></td><td>2014-11-13</td></tr>
    <tr><td><b>Lat/Long:</b></td><td>-26.566449, -70.180005</td></tr>
    <tr><td><b>UTM 19S:</b></td><td>382475 E / 7061042 N</td></tr>
  </table>
</div>
]]>
</description>
      <Point>
        <coordinates>-70.180005,-26.566449,0</coordinates>
      </Point>
    </Placemark>

    <Placemark>
      <name>Modificaciones Arqueros</name>
      <description>
<![CDATA[
<div style="font-family:Segoe UI,Arial,sans-serif;font-size:13px;">
  <h2 style="margin:0;color:#1e3a8a;">Modificaciones Arqueros</h2>
  <table style="border-collapse:collapse;margin-top:6px;">
    <tr><td><b>Tipo presentación:</b></td><td>DIA</td></tr>
    <tr><td><b>Estado:</b></td><td>Desistido</td></tr>
    <tr><td><b>Sector:</b></td><td>Minería</td></tr>
    <tr><td><b>Titular:</b></td><td>Laguna Resources Chile Limitada</td></tr>
    <tr><td><b>Inversión:</b></td><td>150.0 MMU$</td></tr>
    <tr><td><b>Región / Comuna:</b></td><td>Región de Atacama / Diego de Almagro</td></tr>
    <tr><td><b>Fecha ingreso:</b></td><td></td></tr>
    <tr><td><b>Fecha calificación:</b></td><td>2015-05-06</td></tr>
    <tr><td><b>Lat/Long:</b></td><td>-26.645901, -69.155862</td></tr>
    <tr><td><b>UTM 19S:</b></td><td>484488 E / 7052774 N</td></tr>
  </table>
</div>
]]>
</description>
      <Point>
        <coordinates>-69.155862,-26.645901,0</coordinates>
      </Point>
    </Placemark>

    <Placemark>
      <name>Regularización Cerro Negro Cristales y Explotación de Minerales de Hierro Sector Loma Cortadera</name>
      <description>
<![CDATA[
<div style="font-family:Segoe UI,Arial,sans-serif;font-size:13px;">
  <h2 style="margin:0;color:#1e3a8a;">Regularización Cerro Negro Cristales y Explotación de Minerales de Hierro Sector Loma Cortadera</h2>
  <table style="border-collapse:collapse;margin-top:6px;">
    <tr><td><b>Tipo presentación:</b></td><td>DIA</td></tr>
    <tr><td><b>Estado:</b></td><td>Desistido</td></tr>
    <tr><td><b>Sector:</b></td><td>Minería</td></tr>
    <tr><td><b>Titular:</b></td><td>Compañía Minera del Pacífico S.A.</td></tr>
    <tr><td><b>Inversión:</b></td><td>7.1 MMU$</td></tr>
    <tr><td><b>Región / Comuna:</b></td><td>Región de Atacama / Vallenar-Freirina</td></tr>
    <tr><td><b>Fecha ingreso:</b></td><td></td></tr>
    <tr><td><b>Fecha calificación:</b></td><td>2014-08-07</td></tr>
    <tr><td><b>Lat/Long:</b></td><td>-29.152514, -71.029149</td></tr>
    <tr><td><b>UTM 19S:</b></td><td>302630 E / 6773414 N</td></tr>
  </table>
</div>
]]>
</description>
      <Point>
        <coordinates>-71.029149,-29.152514,0</coordinates>
      </Point>
    </Placemark>

    <Placemark>
      <name>Prospección Geológica Sector Alcaparra D</name>
      <description>
<![CDATA[
<div style="font-family:Segoe UI,Arial,sans-serif;font-size:13px;">
  <h2 style="margin:0;color:#1e3a8a;">Prospección Geológica Sector Alcaparra D</h2>
  <table style="border-collapse:collapse;margin-top:6px;">
    <tr><td><b>Tipo presentación:</b></td><td>DIA</td></tr>
    <tr><td><b>Estado:</b></td><td>Desistido</td></tr>
    <tr><td><b>Sector:</b></td><td>Minería</td></tr>
    <tr><td><b>Titular:</b></td><td>Compañía Minera del Pacífico S.A.</td></tr>
    <tr><td><b>Inversión:</b></td><td>5.6 MMU$</td></tr>
    <tr><td><b>Región / Comuna:</b></td><td>Región de Atacama / Vallenar</td></tr>
    <tr><td><b>Fecha ingreso:</b></td><td></td></tr>
    <tr><td><b>Fecha calificación:</b></td><td>2013-11-05</td></tr>
    <tr><td><b>Lat/Long:</b></td><td>-28.645903, -70.912065</td></tr>
    <tr><td><b>UTM 19S:</b></td><td>313115 E / 6829749 N</td></tr>
  </table>
</div>
]]>
</description>
      <Point>
        <coordinates>-70.912065,-28.645903,0</coordinates>
      </Point>
    </Placemark>

    <Placemark>
      <name>Explotación de Minerales Coipa Fase 7</name>
      <description>
<![CDATA[
<div style="font-family:Segoe UI,Arial,sans-serif;font-size:13px;">
  <h2 style="margin:0;color:#1e3a8a;">Explotación de Minerales Coipa Fase 7</h2>
  <table style="border-collapse:collapse;margin-top:6px;">
    <tr><td><b>Tipo presentación:</b></td><td>DIA</td></tr>
    <tr><td><b>Estado:</b></td><td>Desistido</td></tr>
    <tr><td><b>Sector:</b></td><td>Minería</td></tr>
    <tr><td><b>Titular:</b></td><td>COMPAÑIA MINERA MANTOS DE ORO</td></tr>
    <tr><td><b>Inversión:</b></td><td>200.0 MMU$</td></tr>
    <tr><td><b>Región / Comuna:</b></td><td>Región de Atacama / Copiapó</td></tr>
    <tr><td><b>Fecha ingreso:</b></td><td></td></tr>
    <tr><td><b>Fecha calificación:</b></td><td>2013-09-27</td></tr>
    <tr><td><b>Lat/Long:</b></td><td>-26.797988, -69.24341</td></tr>
    <tr><td><b>UTM 19S:</b></td><td>475807 E / 7035916 N</td></tr>
  </table>
</div>
]]>
</description>
      <Point>
        <coordinates>-69.24341,-26.797988,0</coordinates>
      </Point>
    </Placemark>

    <Placemark>
      <name>Explotación de Minerales Coipa Fase 7</name>
      <description>
<![CDATA[
<div style="font-family:Segoe UI,Arial,sans-serif;font-size:13px;">
  <h2 style="margin:0;color:#1e3a8a;">Explotación de Minerales Coipa Fase 7</h2>
  <table style="border-collapse:collapse;margin-top:6px;">
    <tr><td><b>Tipo presentación:</b></td><td>DIA</td></tr>
    <tr><td><b>Estado:</b></td><td>Desistido</td></tr>
    <tr><td><b>Sector:</b></td><td>Minería</td></tr>
    <tr><td><b>Titular:</b></td><td>COMPAÑIA MINERA MANTOS DE ORO</td></tr>
    <tr><td><b>Inversión:</b></td><td>200.0 MMU$</td></tr>
    <tr><td><b>Región / Comuna:</b></td><td>Región de Atacama / Copiapó</td></tr>
    <tr><td><b>Fecha ingreso:</b></td><td></td></tr>
    <tr><td><b>Fecha calificación:</b></td><td>2013-08-06</td></tr>
    <tr><td><b>Lat/Long:</b></td><td>-26.797988, -69.24341</td></tr>
    <tr><td><b>UTM 19S:</b></td><td>475807 E / 7035916 N</td></tr>
  </table>
</div>
]]>
</description>
      <Point>
        <coordinates>-69.24341,-26.797988,0</coordinates>
      </Point>
    </Placemark>

    <Placemark>
      <name>Planta de Concentración Magnética Guangda</name>
      <description>
<![CDATA[
<div style="font-family:Segoe UI,Arial,sans-serif;font-size:13px;">
  <h2 style="margin:0;color:#1e3a8a;">Planta de Concentración Magnética Guangda</h2>
  <table style="border-collapse:collapse;margin-top:6px;">
    <tr><td><b>Tipo presentación:</b></td><td>DIA</td></tr>
    <tr><td><b>Estado:</b></td><td>Desistido</td></tr>
    <tr><td><b>Sector:</b></td><td>Minería</td></tr>
    <tr><td><b>Titular:</b></td><td>Sociedad Minera Guang Da Atacama</td></tr>
    <tr><td><b>Inversión:</b></td><td>2.9 MMU$</td></tr>
    <tr><td><b>Región / Comuna:</b></td><td>Región de Atacama / Tierra Amarilla</td></tr>
    <tr><td><b>Fecha ingreso:</b></td><td></td></tr>
    <tr><td><b>Fecha calificación:</b></td><td>2013-06-14</td></tr>
    <tr><td><b>Lat/Long:</b></td><td>-27.717822, -70.189138</td></tr>
    <tr><td><b>UTM 19S:</b></td><td>382773 E / 6933489 N</td></tr>
  </table>
</div>
]]>
</description>
      <Point>
        <coordinates>-70.189138,-27.717822,0</coordinates>
      </Point>
    </Placemark>

    <Placemark>
      <name>Proyecto Minero HATI</name>
      <description>
<![CDATA[
<div style="font-family:Segoe UI,Arial,sans-serif;font-size:13px;">
  <h2 style="margin:0;color:#1e3a8a;">Proyecto Minero HATI</h2>
  <table style="border-collapse:collapse;margin-top:6px;">
    <tr><td><b>Tipo presentación:</b></td><td>DIA</td></tr>
    <tr><td><b>Estado:</b></td><td>Desistido</td></tr>
    <tr><td><b>Sector:</b></td><td>Minería</td></tr>
    <tr><td><b>Titular:</b></td><td>Iron Castle Mining S.C.M.</td></tr>
    <tr><td><b>Inversión:</b></td><td>6e-06 MMU$</td></tr>
    <tr><td><b>Región / Comuna:</b></td><td>Región de Atacama / Copiapó</td></tr>
    <tr><td><b>Fecha ingreso:</b></td><td></td></tr>
    <tr><td><b>Fecha calificación:</b></td><td>2013-06-07</td></tr>
    <tr><td><b>Lat/Long:</b></td><td>-27.515311, -70.574427</td></tr>
    <tr><td><b>UTM 19S:</b></td><td>344500 E / 6955500 N</td></tr>
  </table>
</div>
]]>
</description>
      <Point>
        <coordinates>-70.574427,-27.515311,0</coordinates>
      </Point>
    </Placemark>

    <Placemark>
      <name>Ampliación y Optimización Planta San José</name>
      <description>
<![CDATA[
<div style="font-family:Segoe UI,Arial,sans-serif;font-size:13px;">
  <h2 style="margin:0;color:#1e3a8a;">Ampliación y Optimización Planta San José</h2>
  <table style="border-collapse:collapse;margin-top:6px;">
    <tr><td><b>Tipo presentación:</b></td><td>DIA</td></tr>
    <tr><td><b>Estado:</b></td><td>Desistido</td></tr>
    <tr><td><b>Sector:</b></td><td>Minería</td></tr>
    <tr><td><b>Titular:</b></td><td>SOCIEDAD PUNTA DEL COBRE S.A.</td></tr>
    <tr><td><b>Inversión:</b></td><td>50.0 MMU$</td></tr>
    <tr><td><b>Región / Comuna:</b></td><td>Región de Atacama / Copiapó</td></tr>
    <tr><td><b>Fecha ingreso:</b></td><td></td></tr>
    <tr><td><b>Fecha calificación:</b></td><td>2013-02-28</td></tr>
    <tr><td><b>Lat/Long:</b></td><td>-27.484273, -70.283209</td></tr>
    <tr><td><b>UTM 19S:</b></td><td>373230 E / 6959270 N</td></tr>
  </table>
</div>
]]>
</description>
      <Point>
        <coordinates>-70.283209,-27.484273,0</coordinates>
      </Point>
    </Placemark>

    <Placemark>
      <name>Modificación Proyecto Minero Refugio -  Actualización Instalaciones y Diseños</name>
      <description>
<![CDATA[
<div style="font-family:Segoe UI,Arial,sans-serif;font-size:13px;">
  <h2 style="margin:0;color:#1e3a8a;">Modificación Proyecto Minero Refugio -  Actualización Instalaciones y Diseños</h2>
  <table style="border-collapse:collapse;margin-top:6px;">
    <tr><td><b>Tipo presentación:</b></td><td>DIA</td></tr>
    <tr><td><b>Estado:</b></td><td>Desistido</td></tr>
    <tr><td><b>Sector:</b></td><td>Minería</td></tr>
    <tr><td><b>Titular:</b></td><td>Compañía Minera Maricunga</td></tr>
    <tr><td><b>Inversión:</b></td><td>0.2 MMU$</td></tr>
    <tr><td><b>Región / Comuna:</b></td><td>Región de Atacama / Tierra Amarilla</td></tr>
    <tr><td><b>Fecha ingreso:</b></td><td></td></tr>
    <tr><td><b>Fecha calificación:</b></td><td>2014-06-11</td></tr>
    <tr><td><b>Lat/Long:</b></td><td>-27.614982, -69.342556</td></tr>
    <tr><td><b>UTM 19S:</b></td><td>466200 E / 6945400 N</td></tr>
  </table>
</div>
]]>
</description>
      <Point>
        <coordinates>-69.342556,-27.614982,0</coordinates>
      </Point>
    </Placemark>

    <Placemark>
      <name>Proyecto Minero Tigresa</name>
      <description>
<![CDATA[
<div style="font-family:Segoe UI,Arial,sans-serif;font-size:13px;">
  <h2 style="margin:0;color:#1e3a8a;">Proyecto Minero Tigresa</h2>
  <table style="border-collapse:collapse;margin-top:6px;">
    <tr><td><b>Tipo presentación:</b></td><td>DIA</td></tr>
    <tr><td><b>Estado:</b></td><td>Desistido</td></tr>
    <tr><td><b>Sector:</b></td><td>Minería</td></tr>
    <tr><td><b>Titular:</b></td><td>Compañía Minera Carmen Bajo</td></tr>
    <tr><td><b>Inversión:</b></td><td>3.3e-05 MMU$</td></tr>
    <tr><td><b>Región / Comuna:</b></td><td>Región de Atacama / Copiapó</td></tr>
    <tr><td><b>Fecha ingreso:</b></td><td></td></tr>
    <tr><td><b>Fecha calificación:</b></td><td>2013-01-09</td></tr>
    <tr><td><b>Lat/Long:</b></td><td>-27.524242, -70.394807</td></tr>
    <tr><td><b>UTM 19S:</b></td><td>362254 E / 6954723 N</td></tr>
  </table>
</div>
]]>
</description>
      <Point>
        <coordinates>-70.394807,-27.524242,0</coordinates>
      </Point>
    </Placemark>

    <Placemark>
      <name>EXTRACCIÓN DE ARIDOS POZO DOMEYKO PARA EL MEJORAMIENTO RUTA 5 NORTE TRAMO LIMITE REGIONAL-VALLENAR</name>
      <description>
<![CDATA[
<div style="font-family:Segoe UI,Arial,sans-serif;font-size:13px;">
  <h2 style="margin:0;color:#1e3a8a;">EXTRACCIÓN DE ARIDOS POZO DOMEYKO PARA EL MEJORAMIENTO RUTA 5 NORTE TRAMO LIMITE REGIONAL-VALLENAR</h2>
  <table style="border-collapse:collapse;margin-top:6px;">
    <tr><td><b>Tipo presentación:</b></td><td>DIA</td></tr>
    <tr><td><b>Estado:</b></td><td>Desistido</td></tr>
    <tr><td><b>Sector:</b></td><td>Minería</td></tr>
    <tr><td><b>Titular:</b></td><td>Sacyr Chile S.A.</td></tr>
    <tr><td><b>Inversión:</b></td><td>0.137 MMU$</td></tr>
    <tr><td><b>Región / Comuna:</b></td><td>Región de Atacama / Vallenar</td></tr>
    <tr><td><b>Fecha ingreso:</b></td><td></td></tr>
    <tr><td><b>Fecha calificación:</b></td><td>2012-12-31</td></tr>
    <tr><td><b>Lat/Long:</b></td><td>-28.971918, -70.922513</td></tr>
    <tr><td><b>UTM 19S:</b></td><td>312678 E / 6793603 N</td></tr>
  </table>
</div>
]]>
</description>
      <Point>
        <coordinates>-70.922513,-28.971918,0</coordinates>
      </Point>
    </Placemark>

    <Placemark>
      <name>PROYECTO EXTRACCIÒN DE ARIDOS POZO DOMEYKO PARA LA OBRA MEJORAMIENTO RUTA 5 NORTE LA SERENA - VALLENAR</name>
      <description>
<![CDATA[
<div style="font-family:Segoe UI,Arial,sans-serif;font-size:13px;">
  <h2 style="margin:0;color:#1e3a8a;">PROYECTO EXTRACCIÒN DE ARIDOS POZO DOMEYKO PARA LA OBRA MEJORAMIENTO RUTA 5 NORTE LA SERENA - VALLENAR</h2>
  <table style="border-collapse:collapse;margin-top:6px;">
    <tr><td><b>Tipo presentación:</b></td><td>DIA</td></tr>
    <tr><td><b>Estado:</b></td><td>Desistido</td></tr>
    <tr><td><b>Sector:</b></td><td>Minería</td></tr>
    <tr><td><b>Titular:</b></td><td>Sacyr Chile S.A.</td></tr>
    <tr><td><b>Inversión:</b></td><td>0.137 MMU$</td></tr>
    <tr><td><b>Región / Comuna:</b></td><td>Región de Atacama / Vallenar</td></tr>
    <tr><td><b>Fecha ingreso:</b></td><td></td></tr>
    <tr><td><b>Fecha calificación:</b></td><td>2012-12-19</td></tr>
    <tr><td><b>Lat/Long:</b></td><td>-28.971918, -70.922513</td></tr>
    <tr><td><b>UTM 19S:</b></td><td>312678 E / 6793603 N</td></tr>
  </table>
</div>
]]>
</description>
      <Point>
        <coordinates>-70.922513,-28.971918,0</coordinates>
      </Point>
    </Placemark>

    <Placemark>
      <name>Producción y Comercialización de Mineral de Hierro Mina Teatinos</name>
      <description>
<![CDATA[
<div style="font-family:Segoe UI,Arial,sans-serif;font-size:13px;">
  <h2 style="margin:0;color:#1e3a8a;">Producción y Comercialización de Mineral de Hierro Mina Teatinos</h2>
  <table style="border-collapse:collapse;margin-top:6px;">
    <tr><td><b>Tipo presentación:</b></td><td>DIA</td></tr>
    <tr><td><b>Estado:</b></td><td>Desistido</td></tr>
    <tr><td><b>Sector:</b></td><td>Minería</td></tr>
    <tr><td><b>Titular:</b></td><td>CHAW AUSTRAL S.A.</td></tr>
    <tr><td><b>Inversión:</b></td><td>8.0 MMU$</td></tr>
    <tr><td><b>Región / Comuna:</b></td><td>Región de Atacama / Vallenar-Huasco</td></tr>
    <tr><td><b>Fecha ingreso:</b></td><td></td></tr>
    <tr><td><b>Fecha calificación:</b></td><td>2013-10-04</td></tr>
    <tr><td><b>Lat/Long:</b></td><td>-28.840959, -70.826635</td></tr>
    <tr><td><b>UTM 19S:</b></td><td>321798 E / 6808264 N</td></tr>
  </table>
</div>
]]>
</description>
      <Point>
        <coordinates>-70.826635,-28.840959,0</coordinates>
      </Point>
    </Placemark>

    <Placemark>
      <name>Continuidad Operacional Línea de Óxidos, División Salvador</name>
      <description>
<![CDATA[
<div style="font-family:Segoe UI,Arial,sans-serif;font-size:13px;">
  <h2 style="margin:0;color:#1e3a8a;">Continuidad Operacional Línea de Óxidos, División Salvador</h2>
  <table style="border-collapse:collapse;margin-top:6px;">
    <tr><td><b>Tipo presentación:</b></td><td>DIA</td></tr>
    <tr><td><b>Estado:</b></td><td>Desistido</td></tr>
    <tr><td><b>Sector:</b></td><td>Minería</td></tr>
    <tr><td><b>Titular:</b></td><td>Codelco Chile División Salvador</td></tr>
    <tr><td><b>Inversión:</b></td><td>4.0 MMU$</td></tr>
    <tr><td><b>Región / Comuna:</b></td><td>Región de Atacama / Diego de Almagro</td></tr>
    <tr><td><b>Fecha ingreso:</b></td><td></td></tr>
    <tr><td><b>Fecha calificación:</b></td><td>2013-01-10</td></tr>
    <tr><td><b>Lat/Long:</b></td><td>-26.285421, -69.587125</td></tr>
    <tr><td><b>UTM 19S:</b></td><td>441384 E / 7092574 N</td></tr>
  </table>
</div>
]]>
</description>
      <Point>
        <coordinates>-69.587125,-26.285421,0</coordinates>
      </Point>
    </Placemark>

    <Placemark>
      <name>Explotación Minera Adriana Norte</name>
      <description>
<![CDATA[
<div style="font-family:Segoe UI,Arial,sans-serif;font-size:13px;">
  <h2 style="margin:0;color:#1e3a8a;">Explotación Minera Adriana Norte</h2>
  <table style="border-collapse:collapse;margin-top:6px;">
    <tr><td><b>Tipo presentación:</b></td><td>DIA</td></tr>
    <tr><td><b>Estado:</b></td><td>Desistido</td></tr>
    <tr><td><b>Sector:</b></td><td>Minería</td></tr>
    <tr><td><b>Titular:</b></td><td>Sociedad Contractual Minera Carola</td></tr>
    <tr><td><b>Inversión:</b></td><td>50.0 MMU$</td></tr>
    <tr><td><b>Región / Comuna:</b></td><td>Región de Atacama / Tierra Amarilla</td></tr>
    <tr><td><b>Fecha ingreso:</b></td><td></td></tr>
    <tr><td><b>Fecha calificación:</b></td><td>2013-06-26</td></tr>
    <tr><td><b>Lat/Long:</b></td><td>-27.472644, -70.242319</td></tr>
    <tr><td><b>UTM 19S:</b></td><td>377257 E / 6960599 N</td></tr>
  </table>
</div>
]]>
</description>
      <Point>
        <coordinates>-70.242319,-27.472644,0</coordinates>
      </Point>
    </Placemark>

    <Placemark>
      <name>Proyecto Minero Salitrosa 1 al 12 (3)</name>
      <description>
<![CDATA[
<div style="font-family:Segoe UI,Arial,sans-serif;font-size:13px;">
  <h2 style="margin:0;color:#1e3a8a;">Proyecto Minero Salitrosa 1 al 12 (3)</h2>
  <table style="border-collapse:collapse;margin-top:6px;">
    <tr><td><b>Tipo presentación:</b></td><td>DIA</td></tr>
    <tr><td><b>Estado:</b></td><td>Desistido</td></tr>
    <tr><td><b>Sector:</b></td><td>Minería</td></tr>
    <tr><td><b>Titular:</b></td><td>FOREIGN COMMERCE ASSESORES CHILE S.A.</td></tr>
    <tr><td><b>Inversión:</b></td><td>22.84873 MMU$</td></tr>
    <tr><td><b>Región / Comuna:</b></td><td>Región de Atacama / Chañaral</td></tr>
    <tr><td><b>Fecha ingreso:</b></td><td></td></tr>
    <tr><td><b>Fecha calificación:</b></td><td>2013-05-08</td></tr>
    <tr><td><b>Lat/Long:</b></td><td>-26.731594, -70.424753</td></tr>
    <tr><td><b>UTM 19S:</b></td><td>358300 E / 7042500 N</td></tr>
  </table>
</div>
]]>
</description>
      <Point>
        <coordinates>-70.424753,-26.731594,0</coordinates>
      </Point>
    </Placemark>

    <Placemark>
      <name>DIA Campamento Temporal CNN</name>
      <description>
<![CDATA[
<div style="font-family:Segoe UI,Arial,sans-serif;font-size:13px;">
  <h2 style="margin:0;color:#1e3a8a;">DIA Campamento Temporal CNN</h2>
  <table style="border-collapse:collapse;margin-top:6px;">
    <tr><td><b>Tipo presentación:</b></td><td>DIA</td></tr>
    <tr><td><b>Estado:</b></td><td>Desistido</td></tr>
    <tr><td><b>Sector:</b></td><td>Minería</td></tr>
    <tr><td><b>Titular:</b></td><td>Compañía Minera del Pacífico S.A.</td></tr>
    <tr><td><b>Inversión:</b></td><td>33.0 MMU$</td></tr>
    <tr><td><b>Región / Comuna:</b></td><td>Región de Atacama / Copiapó</td></tr>
    <tr><td><b>Fecha ingreso:</b></td><td></td></tr>
    <tr><td><b>Fecha calificación:</b></td><td>2011-12-16</td></tr>
    <tr><td><b>Lat/Long:</b></td><td>-27.109501, -70.330613</td></tr>
    <tr><td><b>UTM 19S:</b></td><td>368104 E / 7000738 N</td></tr>
  </table>
</div>
]]>
</description>
      <Point>
        <coordinates>-70.330613,-27.109501,0</coordinates>
      </Point>
    </Placemark>

    <Placemark>
      <name>Modificación Proyecto Prospección Minera Reconquista</name>
      <description>
<![CDATA[
<div style="font-family:Segoe UI,Arial,sans-serif;font-size:13px;">
  <h2 style="margin:0;color:#1e3a8a;">Modificación Proyecto Prospección Minera Reconquista</h2>
  <table style="border-collapse:collapse;margin-top:6px;">
    <tr><td><b>Tipo presentación:</b></td><td>DIA</td></tr>
    <tr><td><b>Estado:</b></td><td>Desistido</td></tr>
    <tr><td><b>Sector:</b></td><td>Minería</td></tr>
    <tr><td><b>Titular:</b></td><td>Minera MMX de Chile S.A.</td></tr>
    <tr><td><b>Inversión:</b></td><td>7.2 MMU$</td></tr>
    <tr><td><b>Región / Comuna:</b></td><td>Región de Atacama / Copiapó</td></tr>
    <tr><td><b>Fecha ingreso:</b></td><td></td></tr>
    <tr><td><b>Fecha calificación:</b></td><td>2011-11-30</td></tr>
    <tr><td><b>Lat/Long:</b></td><td>-27.274298, -70.415499</td></tr>
    <tr><td><b>UTM 19S:</b></td><td>359895 E / 6982390 N</td></tr>
  </table>
</div>
]]>
</description>
      <Point>
        <coordinates>-70.415499,-27.274298,0</coordinates>
      </Point>
    </Placemark>

    <Placemark>
      <name>Disposición y Lixiviación Secundaria de Ripios Frescos</name>
      <description>
<![CDATA[
<div style="font-family:Segoe UI,Arial,sans-serif;font-size:13px;">
  <h2 style="margin:0;color:#1e3a8a;">Disposición y Lixiviación Secundaria de Ripios Frescos</h2>
  <table style="border-collapse:collapse;margin-top:6px;">
    <tr><td><b>Tipo presentación:</b></td><td>DIA</td></tr>
    <tr><td><b>Estado:</b></td><td>Desistido</td></tr>
    <tr><td><b>Sector:</b></td><td>Minería</td></tr>
    <tr><td><b>Titular:</b></td><td>Codelco Chile División Salvador</td></tr>
    <tr><td><b>Inversión:</b></td><td>8.0 MMU$</td></tr>
    <tr><td><b>Región / Comuna:</b></td><td>Región de Atacama / Diego de Almagro</td></tr>
    <tr><td><b>Fecha ingreso:</b></td><td></td></tr>
    <tr><td><b>Fecha calificación:</b></td><td>2011-11-30</td></tr>
    <tr><td><b>Lat/Long:</b></td><td>-26.227766, -69.572118</td></tr>
    <tr><td><b>UTM 19S:</b></td><td>442854 E / 7098966 N</td></tr>
  </table>
</div>
]]>
</description>
      <Point>
        <coordinates>-69.572118,-26.227766,0</coordinates>
      </Point>
    </Placemark>

    <Placemark>
      <name>SISTEMA DE EXPLOTACIÓN DE MINERALES DE HIERRO MINA BURRITAS COPIAPÓ - CHILE</name>
      <description>
<![CDATA[
<div style="font-family:Segoe UI,Arial,sans-serif;font-size:13px;">
  <h2 style="margin:0;color:#1e3a8a;">SISTEMA DE EXPLOTACIÓN DE MINERALES DE HIERRO MINA BURRITAS COPIAPÓ - CHILE</h2>
  <table style="border-collapse:collapse;margin-top:6px;">
    <tr><td><b>Tipo presentación:</b></td><td>DIA</td></tr>
    <tr><td><b>Estado:</b></td><td>Desistido</td></tr>
    <tr><td><b>Sector:</b></td><td>Minería</td></tr>
    <tr><td><b>Titular:</b></td><td>CCA CHILE INVERSIÓN Y DESARROLLO MINERO S.A.</td></tr>
    <tr><td><b>Inversión:</b></td><td>7.7 MMU$</td></tr>
    <tr><td><b>Región / Comuna:</b></td><td>Región de Atacama / Caldera-Copiapó</td></tr>
    <tr><td><b>Fecha ingreso:</b></td><td></td></tr>
    <tr><td><b>Fecha calificación:</b></td><td>2012-01-05</td></tr>
    <tr><td><b>Lat/Long:</b></td><td>-27.445658, -70.781255</td></tr>
    <tr><td><b>UTM 19S:</b></td><td>323958 E / 6962941 N</td></tr>
  </table>
</div>
]]>
</description>
      <Point>
        <coordinates>-70.781255,-27.445658,0</coordinates>
      </Point>
    </Placemark>

    <Placemark>
      <name>Procesamiento de minerales de hierro en la Region de Atacama</name>
      <description>
<![CDATA[
<div style="font-family:Segoe UI,Arial,sans-serif;font-size:13px;">
  <h2 style="margin:0;color:#1e3a8a;">Procesamiento de minerales de hierro en la Region de Atacama</h2>
  <table style="border-collapse:collapse;margin-top:6px;">
    <tr><td><b>Tipo presentación:</b></td><td>DIA</td></tr>
    <tr><td><b>Estado:</b></td><td>Desistido</td></tr>
    <tr><td><b>Sector:</b></td><td>Minería</td></tr>
    <tr><td><b>Titular:</b></td><td>American Iron</td></tr>
    <tr><td><b>Inversión:</b></td><td>2e-06 MMU$</td></tr>
    <tr><td><b>Región / Comuna:</b></td><td>Región de Atacama / Caldera-Copiapó</td></tr>
    <tr><td><b>Fecha ingreso:</b></td><td></td></tr>
    <tr><td><b>Fecha calificación:</b></td><td>2011-01-25</td></tr>
    <tr><td><b>Lat/Long:</b></td><td>-27.528174, -70.449062</td></tr>
    <tr><td><b>UTM 19S:</b></td><td>356900 E / 6954226 N</td></tr>
  </table>
</div>
]]>
</description>
      <Point>
        <coordinates>-70.449062,-27.528174,0</coordinates>
      </Point>
    </Placemark>

    <Placemark>
      <name>Planta Minera Anita de tratamiento de minerales propios, acido C, Residuos de fundición y electro refinación</name>
      <description>
<![CDATA[
<div style="font-family:Segoe UI,Arial,sans-serif;font-size:13px;">
  <h2 style="margin:0;color:#1e3a8a;">Planta Minera Anita de tratamiento de minerales propios, acido C, Residuos de fundición y electro refinación</h2>
  <table style="border-collapse:collapse;margin-top:6px;">
    <tr><td><b>Tipo presentación:</b></td><td>DIA</td></tr>
    <tr><td><b>Estado:</b></td><td>Desistido</td></tr>
    <tr><td><b>Sector:</b></td><td>Minería</td></tr>
    <tr><td><b>Titular:</b></td><td>MINERA ANITA LTDA</td></tr>
    <tr><td><b>Inversión:</b></td><td>2.5 MMU$</td></tr>
    <tr><td><b>Región / Comuna:</b></td><td>Región de Atacama / Chañaral</td></tr>
    <tr><td><b>Fecha ingreso:</b></td><td></td></tr>
    <tr><td><b>Fecha calificación:</b></td><td>2011-02-11</td></tr>
    <tr><td><b>Lat/Long:</b></td><td>-26.772158, -70.387907</td></tr>
    <tr><td><b>UTM 19S:</b></td><td>362014 E / 7038047 N</td></tr>
  </table>
</div>
]]>
</description>
      <Point>
        <coordinates>-70.387907,-26.772158,0</coordinates>
      </Point>
    </Placemark>

    <Placemark>
      <name>Concentración de Mineral de Hierro Global, Planta 1.</name>
      <description>
<![CDATA[
<div style="font-family:Segoe UI,Arial,sans-serif;font-size:13px;">
  <h2 style="margin:0;color:#1e3a8a;">Concentración de Mineral de Hierro Global, Planta 1.</h2>
  <table style="border-collapse:collapse;margin-top:6px;">
    <tr><td><b>Tipo presentación:</b></td><td>DIA</td></tr>
    <tr><td><b>Estado:</b></td><td>Desistido</td></tr>
    <tr><td><b>Sector:</b></td><td>Minería</td></tr>
    <tr><td><b>Titular:</b></td><td>Global Mining Int¿l Inc Chile ltda</td></tr>
    <tr><td><b>Inversión:</b></td><td>2.7 MMU$</td></tr>
    <tr><td><b>Región / Comuna:</b></td><td>Región de Atacama / Copiapó</td></tr>
    <tr><td><b>Fecha ingreso:</b></td><td></td></tr>
    <tr><td><b>Fecha calificación:</b></td><td>2011-08-09</td></tr>
    <tr><td><b>Lat/Long:</b></td><td>-27.391225, -70.644839</td></tr>
    <tr><td><b>UTM 19S:</b></td><td>337363 E / 6969158 N</td></tr>
  </table>
</div>
]]>
</description>
      <Point>
        <coordinates>-70.644839,-27.391225,0</coordinates>
      </Point>
    </Placemark>

    <Placemark>
      <name>Explotación Yacimiento Minero Cerro La Plata (e-seia)</name>
      <description>
<![CDATA[
<div style="font-family:Segoe UI,Arial,sans-serif;font-size:13px;">
  <h2 style="margin:0;color:#1e3a8a;">Explotación Yacimiento Minero Cerro La Plata (e-seia)</h2>
  <table style="border-collapse:collapse;margin-top:6px;">
    <tr><td><b>Tipo presentación:</b></td><td>DIA</td></tr>
    <tr><td><b>Estado:</b></td><td>Desistido</td></tr>
    <tr><td><b>Sector:</b></td><td>Minería</td></tr>
    <tr><td><b>Titular:</b></td><td>Minera Catania Verde S.A.</td></tr>
    <tr><td><b>Inversión:</b></td><td>12.0 MMU$</td></tr>
    <tr><td><b>Región / Comuna:</b></td><td>Región de Atacama / Tierra Amarilla</td></tr>
    <tr><td><b>Fecha ingreso:</b></td><td></td></tr>
    <tr><td><b>Fecha calificación:</b></td><td>2010-04-20</td></tr>
    <tr><td><b>Lat/Long:</b></td><td>-27.618142, -70.121226</td></tr>
    <tr><td><b>UTM 19S:</b></td><td>389368 E / 6944595 N</td></tr>
  </table>
</div>
]]>
</description>
      <Point>
        <coordinates>-70.121226,-27.618142,0</coordinates>
      </Point>
    </Placemark>

    <Placemark>
      <name>Proyecto Mina La Productora (e-seia)</name>
      <description>
<![CDATA[
<div style="font-family:Segoe UI,Arial,sans-serif;font-size:13px;">
  <h2 style="margin:0;color:#1e3a8a;">Proyecto Mina La Productora (e-seia)</h2>
  <table style="border-collapse:collapse;margin-top:6px;">
    <tr><td><b>Tipo presentación:</b></td><td>DIA</td></tr>
    <tr><td><b>Estado:</b></td><td>Desistido</td></tr>
    <tr><td><b>Sector:</b></td><td>Minería</td></tr>
    <tr><td><b>Titular:</b></td><td>Sociedad Legal Minera Playa Brava Una de la Sierra Quebrada de Las Cañas</td></tr>
    <tr><td><b>Inversión:</b></td><td>3.0 MMU$</td></tr>
    <tr><td><b>Región / Comuna:</b></td><td>Región de Atacama / Vallenar</td></tr>
    <tr><td><b>Fecha ingreso:</b></td><td></td></tr>
    <tr><td><b>Fecha calificación:</b></td><td>2009-04-17</td></tr>
    <tr><td><b>Lat/Long:</b></td><td>-28.71049, -70.806869</td></tr>
    <tr><td><b>UTM 19S:</b></td><td>323507 E / 6822752 N</td></tr>
  </table>
</div>
]]>
</description>
      <Point>
        <coordinates>-70.806869,-28.71049,0</coordinates>
      </Point>
    </Placemark>

    <Placemark>
      <name>Modificaciones al Procesamiento de Minerales La Coipa (e-seia)</name>
      <description>
<![CDATA[
<div style="font-family:Segoe UI,Arial,sans-serif;font-size:13px;">
  <h2 style="margin:0;color:#1e3a8a;">Modificaciones al Procesamiento de Minerales La Coipa (e-seia)</h2>
  <table style="border-collapse:collapse;margin-top:6px;">
    <tr><td><b>Tipo presentación:</b></td><td>DIA</td></tr>
    <tr><td><b>Estado:</b></td><td>Desistido</td></tr>
    <tr><td><b>Sector:</b></td><td>Minería</td></tr>
    <tr><td><b>Titular:</b></td><td>Compañía Minera Mantos de Oro</td></tr>
    <tr><td><b>Inversión:</b></td><td>12.5 MMU$</td></tr>
    <tr><td><b>Región / Comuna:</b></td><td>Región de Atacama / Copiapó</td></tr>
    <tr><td><b>Fecha ingreso:</b></td><td></td></tr>
    <tr><td><b>Fecha calificación:</b></td><td>2009-02-16</td></tr>
    <tr><td><b>Lat/Long:</b></td><td>-26.86698, -69.33076</td></tr>
    <tr><td><b>UTM 19S:</b></td><td>467145 E / 7028255 N</td></tr>
  </table>
</div>
]]>
</description>
      <Point>
        <coordinates>-69.33076,-26.86698,0</coordinates>
      </Point>
    </Placemark>

    <Placemark>
      <name>Mantos de Cobre (e-seia)</name>
      <description>
<![CDATA[
<div style="font-family:Segoe UI,Arial,sans-serif;font-size:13px;">
  <h2 style="margin:0;color:#1e3a8a;">Mantos de Cobre (e-seia)</h2>
  <table style="border-collapse:collapse;margin-top:6px;">
    <tr><td><b>Tipo presentación:</b></td><td>DIA</td></tr>
    <tr><td><b>Estado:</b></td><td>Desistido</td></tr>
    <tr><td><b>Sector:</b></td><td>Minería</td></tr>
    <tr><td><b>Titular:</b></td><td>SOCIEDAD PUNTA DEL COBRE S.A.</td></tr>
    <tr><td><b>Inversión:</b></td><td>25.0 MMU$</td></tr>
    <tr><td><b>Región / Comuna:</b></td><td>Región de Atacama / Tierra Amarilla</td></tr>
    <tr><td><b>Fecha ingreso:</b></td><td></td></tr>
    <tr><td><b>Fecha calificación:</b></td><td>2008-02-28</td></tr>
    <tr><td><b>Lat/Long:</b></td><td>-27.4572, -70.258083</td></tr>
    <tr><td><b>UTM 19S:</b></td><td>375682 E / 6962295 N</td></tr>
  </table>
</div>
]]>
</description>
      <Point>
        <coordinates>-70.258083,-27.4572,0</coordinates>
      </Point>
    </Placemark>

    <Placemark>
      <name>Estacion de Transferencia de minerales de Hierro, Sector maitencillo (e-seia)</name>
      <description>
<![CDATA[
<div style="font-family:Segoe UI,Arial,sans-serif;font-size:13px;">
  <h2 style="margin:0;color:#1e3a8a;">Estacion de Transferencia de minerales de Hierro, Sector maitencillo (e-seia)</h2>
  <table style="border-collapse:collapse;margin-top:6px;">
    <tr><td><b>Tipo presentación:</b></td><td>DIA</td></tr>
    <tr><td><b>Estado:</b></td><td>Desistido</td></tr>
    <tr><td><b>Sector:</b></td><td>Minería</td></tr>
    <tr><td><b>Titular:</b></td><td>Compañía Minera del Pacífico S.A.</td></tr>
    <tr><td><b>Inversión:</b></td><td>0.5 MMU$</td></tr>
    <tr><td><b>Región / Comuna:</b></td><td>Región de Atacama / Freirina</td></tr>
    <tr><td><b>Fecha ingreso:</b></td><td></td></tr>
    <tr><td><b>Fecha calificación:</b></td><td>2007-12-06</td></tr>
    <tr><td><b>Lat/Long:</b></td><td>-28.53003, -70.922802</td></tr>
    <tr><td><b>UTM 19S:</b></td><td>311859 E / 6842573 N</td></tr>
  </table>
</div>
]]>
</description>
      <Point>
        <coordinates>-70.922802,-28.53003,0</coordinates>
      </Point>
    </Placemark>

    <Placemark>
      <name>Proyecto Planta de Sulfuros Cobre Norte (e-seia)</name>
      <description>
<![CDATA[
<div style="font-family:Segoe UI,Arial,sans-serif;font-size:13px;">
  <h2 style="margin:0;color:#1e3a8a;">Proyecto Planta de Sulfuros Cobre Norte (e-seia)</h2>
  <table style="border-collapse:collapse;margin-top:6px;">
    <tr><td><b>Tipo presentación:</b></td><td>DIA</td></tr>
    <tr><td><b>Estado:</b></td><td>Desistido</td></tr>
    <tr><td><b>Sector:</b></td><td>Minería</td></tr>
    <tr><td><b>Titular:</b></td><td>INVERSIONES NUTRAM S.A.</td></tr>
    <tr><td><b>Inversión:</b></td><td>1.2 MMU$</td></tr>
    <tr><td><b>Región / Comuna:</b></td><td>Región de Atacama / Vallenar</td></tr>
    <tr><td><b>Fecha ingreso:</b></td><td></td></tr>
    <tr><td><b>Fecha calificación:</b></td><td>2007-12-17</td></tr>
    <tr><td><b>Lat/Long:</b></td><td>-28.549925, -70.735553</td></tr>
    <tr><td><b>UTM 19S:</b></td><td>330216 E / 6840648 N</td></tr>
  </table>
</div>
]]>
</description>
      <Point>
        <coordinates>-70.735553,-28.549925,0</coordinates>
      </Point>
    </Placemark>

    <Placemark>
      <name>encauzamiento rio huasco (e-seia)</name>
      <description>
<![CDATA[
<div style="font-family:Segoe UI,Arial,sans-serif;font-size:13px;">
  <h2 style="margin:0;color:#1e3a8a;">encauzamiento rio huasco (e-seia)</h2>
  <table style="border-collapse:collapse;margin-top:6px;">
    <tr><td><b>Tipo presentación:</b></td><td>DIA</td></tr>
    <tr><td><b>Estado:</b></td><td>Desistido</td></tr>
    <tr><td><b>Sector:</b></td><td>Minería</td></tr>
    <tr><td><b>Titular:</b></td><td>VECCHIOLA S.A.</td></tr>
    <tr><td><b>Inversión:</b></td><td>0.134 MMU$</td></tr>
    <tr><td><b>Región / Comuna:</b></td><td>Región de Atacama / Vallenar</td></tr>
    <tr><td><b>Fecha ingreso:</b></td><td></td></tr>
    <tr><td><b>Fecha calificación:</b></td><td>2008-06-12</td></tr>
    <tr><td><b>Lat/Long:</b></td><td>-28.561208, -70.798395</td></tr>
    <tr><td><b>UTM 19S:</b></td><td>324086 E / 6839307 N</td></tr>
  </table>
</div>
]]>
</description>
      <Point>
        <coordinates>-70.798395,-28.561208,0</coordinates>
      </Point>
    </Placemark>

    <Placemark>
      <name>Proyecto de Ampliación Planta Cerrillos (e-seia)</name>
      <description>
<![CDATA[
<div style="font-family:Segoe UI,Arial,sans-serif;font-size:13px;">
  <h2 style="margin:0;color:#1e3a8a;">Proyecto de Ampliación Planta Cerrillos (e-seia)</h2>
  <table style="border-collapse:collapse;margin-top:6px;">
    <tr><td><b>Tipo presentación:</b></td><td>DIA</td></tr>
    <tr><td><b>Estado:</b></td><td>Desistido</td></tr>
    <tr><td><b>Sector:</b></td><td>Minería</td></tr>
    <tr><td><b>Titular:</b></td><td>Compañía Exploradora y Explotadora Minera Chilena Rumana COEMIN S.A.</td></tr>
    <tr><td><b>Inversión:</b></td><td>10.0 MMU$</td></tr>
    <tr><td><b>Región / Comuna:</b></td><td>Región de Atacama / Tierra Amarilla</td></tr>
    <tr><td><b>Fecha ingreso:</b></td><td></td></tr>
    <tr><td><b>Fecha calificación:</b></td><td>2007-02-27</td></tr>
    <tr><td><b>Lat/Long:</b></td><td>-27.572872, -70.249271</td></tr>
    <tr><td><b>UTM 19S:</b></td><td>376682 E / 6949489 N</td></tr>
  </table>
</div>
]]>
</description>
      <Point>
        <coordinates>-70.249271,-27.572872,0</coordinates>
      </Point>
    </Placemark>

    <Placemark>
      <name>Relocalización de planta de beneficio de la Compañía Minera San Esteban Primera S.A. al sector de Pajas Blancas, Región de Atacama, Comuna de Copiapó (e-seia)</name>
      <description>
<![CDATA[
<div style="font-family:Segoe UI,Arial,sans-serif;font-size:13px;">
  <h2 style="margin:0;color:#1e3a8a;">Relocalización de planta de beneficio de la Compañía Minera San Esteban Primera S.A. al sector de Pajas Blancas, Región de Atacama, Comuna de Copiapó (e-seia)</h2>
  <table style="border-collapse:collapse;margin-top:6px;">
    <tr><td><b>Tipo presentación:</b></td><td>DIA</td></tr>
    <tr><td><b>Estado:</b></td><td>Desistido</td></tr>
    <tr><td><b>Sector:</b></td><td>Minería</td></tr>
    <tr><td><b>Titular:</b></td><td>Cia. Minera San Esteban Primera S.A.</td></tr>
    <tr><td><b>Inversión:</b></td><td>1.5 MMU$</td></tr>
    <tr><td><b>Región / Comuna:</b></td><td>Región de Atacama / Copiapó</td></tr>
    <tr><td><b>Fecha ingreso:</b></td><td></td></tr>
    <tr><td><b>Fecha calificación:</b></td><td>2007-02-27</td></tr>
    <tr><td><b>Lat/Long:</b></td><td>-27.274047, -70.384625</td></tr>
    <tr><td><b>UTM 19S:</b></td><td>362951 E / 6982452 N</td></tr>
  </table>
</div>
]]>
</description>
      <Point>
        <coordinates>-70.384625,-27.274047,0</coordinates>
      </Point>
    </Placemark>

    <Placemark>
      <name>Trabajos de Prospección y Pruebas a Escala Modular de los Recursos Salinos del Prospecto MARICUNGA (e-seia)</name>
      <description>
<![CDATA[
<div style="font-family:Segoe UI,Arial,sans-serif;font-size:13px;">
  <h2 style="margin:0;color:#1e3a8a;">Trabajos de Prospección y Pruebas a Escala Modular de los Recursos Salinos del Prospecto MARICUNGA (e-seia)</h2>
  <table style="border-collapse:collapse;margin-top:6px;">
    <tr><td><b>Tipo presentación:</b></td><td>DIA</td></tr>
    <tr><td><b>Estado:</b></td><td>Desistido</td></tr>
    <tr><td><b>Sector:</b></td><td>Minería</td></tr>
    <tr><td><b>Titular:</b></td><td>Sociedad Legal Minera NX UNO de Peine</td></tr>
    <tr><td><b>Inversión:</b></td><td>2.0 MMU$</td></tr>
    <tr><td><b>Región / Comuna:</b></td><td>Región de Atacama / Copiapó</td></tr>
    <tr><td><b>Fecha ingreso:</b></td><td></td></tr>
    <tr><td><b>Fecha calificación:</b></td><td>2005-03-01</td></tr>
    <tr><td><b>Lat/Long:</b></td><td>-26.836584, -69.127881</td></tr>
    <tr><td><b>UTM 19S:</b></td><td>487294 E / 7031658 N</td></tr>
  </table>
</div>
]]>
</description>
      <Point>
        <coordinates>-69.127881,-26.836584,0</coordinates>
      </Point>
    </Placemark>

    <Placemark>
      <name>Proyecto Minera Radiante</name>
      <description>
<![CDATA[
<div style="font-family:Segoe UI,Arial,sans-serif;font-size:13px;">
  <h2 style="margin:0;color:#1e3a8a;">Proyecto Minera Radiante</h2>
  <table style="border-collapse:collapse;margin-top:6px;">
    <tr><td><b>Tipo presentación:</b></td><td>DIA</td></tr>
    <tr><td><b>Estado:</b></td><td>Desistido</td></tr>
    <tr><td><b>Sector:</b></td><td>Minería</td></tr>
    <tr><td><b>Titular:</b></td><td> Miguel Atilio Fortt Zanoni</td></tr>
    <tr><td><b>Inversión:</b></td><td>0.0 MMU$</td></tr>
    <tr><td><b>Región / Comuna:</b></td><td>Región de Atacama / Tierra Amarilla</td></tr>
    <tr><td><b>Fecha ingreso:</b></td><td></td></tr>
    <tr><td><b>Fecha calificación:</b></td><td></td></tr>
    <tr><td><b>Lat/Long:</b></td><td>-27.821118, -70.152697</td></tr>
    <tr><td><b>UTM 19S:</b></td><td>386473 E / 6922080 N</td></tr>
  </table>
</div>
]]>
</description>
      <Point>
        <coordinates>-70.152697,-27.821118,0</coordinates>
      </Point>
    </Placemark>

    <Placemark>
      <name>Planta Diego de Almagro</name>
      <description>
<![CDATA[
<div style="font-family:Segoe UI,Arial,sans-serif;font-size:13px;">
  <h2 style="margin:0;color:#1e3a8a;">Planta Diego de Almagro</h2>
  <table style="border-collapse:collapse;margin-top:6px;">
    <tr><td><b>Tipo presentación:</b></td><td>DIA</td></tr>
    <tr><td><b>Estado:</b></td><td>Desistido</td></tr>
    <tr><td><b>Sector:</b></td><td>Minería</td></tr>
    <tr><td><b>Titular:</b></td><td>Compañía Minera Nacional Ltda.</td></tr>
    <tr><td><b>Inversión:</b></td><td>0.16 MMU$</td></tr>
    <tr><td><b>Región / Comuna:</b></td><td>Región de Atacama / Diego de Almagro</td></tr>
    <tr><td><b>Fecha ingreso:</b></td><td></td></tr>
    <tr><td><b>Fecha calificación:</b></td><td></td></tr>
    <tr><td><b>Lat/Long:</b></td><td>-26.384559, -70.051227</td></tr>
    <tr><td><b>UTM 19S:</b></td><td>395137 E / 7081300 N</td></tr>
  </table>
</div>
]]>
</description>
      <Point>
        <coordinates>-70.051227,-26.384559,0</coordinates>
      </Point>
    </Placemark>

    <Placemark>
      <name>Explotación Minera Churqui</name>
      <description>
<![CDATA[
<div style="font-family:Segoe UI,Arial,sans-serif;font-size:13px;">
  <h2 style="margin:0;color:#1e3a8a;">Explotación Minera Churqui</h2>
  <table style="border-collapse:collapse;margin-top:6px;">
    <tr><td><b>Tipo presentación:</b></td><td>DIA</td></tr>
    <tr><td><b>Estado:</b></td><td>Desistido</td></tr>
    <tr><td><b>Sector:</b></td><td>Minería</td></tr>
    <tr><td><b>Titular:</b></td><td>TRILOGY VENTURES S.A</td></tr>
    <tr><td><b>Inversión:</b></td><td>0.45 MMU$</td></tr>
    <tr><td><b>Región / Comuna:</b></td><td>Región de Atacama / Vallenar</td></tr>
    <tr><td><b>Fecha ingreso:</b></td><td></td></tr>
    <tr><td><b>Fecha calificación:</b></td><td></td></tr>
    <tr><td><b>Lat/Long:</b></td><td>-28.84788, -70.824685</td></tr>
    <tr><td><b>UTM 19S:</b></td><td>322000 E / 6807500 N</td></tr>
  </table>
</div>
]]>
</description>
      <Point>
        <coordinates>-70.824685,-28.84788,0</coordinates>
      </Point>
    </Placemark>

    <Placemark>
      <name>Proyecto Tierra de Oro</name>
      <description>
<![CDATA[
<div style="font-family:Segoe UI,Arial,sans-serif;font-size:13px;">
  <h2 style="margin:0;color:#1e3a8a;">Proyecto Tierra de Oro</h2>
  <table style="border-collapse:collapse;margin-top:6px;">
    <tr><td><b>Tipo presentación:</b></td><td>DIA</td></tr>
    <tr><td><b>Estado:</b></td><td>Desistido</td></tr>
    <tr><td><b>Sector:</b></td><td>Minería</td></tr>
    <tr><td><b>Titular:</b></td><td>Minera IPBX Ltda.</td></tr>
    <tr><td><b>Inversión:</b></td><td>0.15 MMU$</td></tr>
    <tr><td><b>Región / Comuna:</b></td><td>Región de Atacama / Tierra Amarilla</td></tr>
    <tr><td><b>Fecha ingreso:</b></td><td></td></tr>
    <tr><td><b>Fecha calificación:</b></td><td></td></tr>
    <tr><td><b>Lat/Long:</b></td><td>-27.972341, -70.320993</td></tr>
    <tr><td><b>UTM 19S:</b></td><td>370077 E / 6905159 N</td></tr>
  </table>
</div>
]]>
</description>
      <Point>
        <coordinates>-70.320993,-27.972341,0</coordinates>
      </Point>
    </Placemark>
  </Folder>

  <Folder>
    <name>En Calificación</name>

    <Placemark>
      <name>Exploración Avanzada Potrerillos</name>
      <description>
<![CDATA[
<div style="font-family:Segoe UI,Arial,sans-serif;font-size:13px;">
  <h2 style="margin:0;color:#1e3a8a;">Exploración Avanzada Potrerillos</h2>
  <table style="border-collapse:collapse;margin-top:6px;">
    <tr><td><b>Tipo presentación:</b></td><td>DIA</td></tr>
    <tr><td><b>Estado:</b></td><td>En Calificación</td></tr>
    <tr><td><b>Sector:</b></td><td>Minería</td></tr>
    <tr><td><b>Titular:</b></td><td>CODELCO Chile</td></tr>
    <tr><td><b>Inversión:</b></td><td>17.0 MMU$</td></tr>
    <tr><td><b>Región / Comuna:</b></td><td>Región de Atacama / Diego de Almagro</td></tr>
    <tr><td><b>Fecha ingreso:</b></td><td></td></tr>
    <tr><td><b>Fecha calificación:</b></td><td></td></tr>
    <tr><td><b>Lat/Long:</b></td><td>-26.49946946, -69.42113202</td></tr>
    <tr><td><b>UTM 19S:</b></td><td>458034 E / 7068932 N</td></tr>
  </table>
</div>
]]>
</description>
      <Point>
        <coordinates>-69.42113202,-26.49946946,0</coordinates>
      </Point>
    </Placemark>

    <Placemark>
      <name>Proyecto Prospección Minera Imán</name>
      <description>
<![CDATA[
<div style="font-family:Segoe UI,Arial,sans-serif;font-size:13px;">
  <h2 style="margin:0;color:#1e3a8a;">Proyecto Prospección Minera Imán</h2>
  <table style="border-collapse:collapse;margin-top:6px;">
    <tr><td><b>Tipo presentación:</b></td><td>DIA</td></tr>
    <tr><td><b>Estado:</b></td><td>En Calificación</td></tr>
    <tr><td><b>Sector:</b></td><td>Minería</td></tr>
    <tr><td><b>Titular:</b></td><td>Minería Imán SpA.</td></tr>
    <tr><td><b>Inversión:</b></td><td>15.0 MMU$</td></tr>
    <tr><td><b>Región / Comuna:</b></td><td>Región de Atacama / Vallenar</td></tr>
    <tr><td><b>Fecha ingreso:</b></td><td></td></tr>
    <tr><td><b>Fecha calificación:</b></td><td></td></tr>
    <tr><td><b>Lat/Long:</b></td><td>-28.600617, -70.866408</td></tr>
    <tr><td><b>UTM 19S:</b></td><td>317500 E / 6834838 N</td></tr>
  </table>
</div>
]]>
</description>
      <Point>
        <coordinates>-70.866408,-28.600617,0</coordinates>
      </Point>
    </Placemark>

    <Placemark>
      <name>Reconversión Planta Las Pintadas</name>
      <description>
<![CDATA[
<div style="font-family:Segoe UI,Arial,sans-serif;font-size:13px;">
  <h2 style="margin:0;color:#1e3a8a;">Reconversión Planta Las Pintadas</h2>
  <table style="border-collapse:collapse;margin-top:6px;">
    <tr><td><b>Tipo presentación:</b></td><td>DIA</td></tr>
    <tr><td><b>Estado:</b></td><td>En Calificación</td></tr>
    <tr><td><b>Sector:</b></td><td>Minería</td></tr>
    <tr><td><b>Titular:</b></td><td>Compañía Minera Carmen Bajo Limitada</td></tr>
    <tr><td><b>Inversión:</b></td><td>0.02267 MMU$</td></tr>
    <tr><td><b>Región / Comuna:</b></td><td>Región de Atacama / Tierra Amarilla</td></tr>
    <tr><td><b>Fecha ingreso:</b></td><td></td></tr>
    <tr><td><b>Fecha calificación:</b></td><td></td></tr>
    <tr><td><b>Lat/Long:</b></td><td>-27.591134, -70.362369</td></tr>
    <tr><td><b>UTM 19S:</b></td><td>365539 E / 6947348 N</td></tr>
  </table>
</div>
]]>
</description>
      <Point>
        <coordinates>-70.362369,-27.591134,0</coordinates>
      </Point>
    </Placemark>

    <Placemark>
      <name>Prospección Minera El Alto</name>
      <description>
<![CDATA[
<div style="font-family:Segoe UI,Arial,sans-serif;font-size:13px;">
  <h2 style="margin:0;color:#1e3a8a;">Prospección Minera El Alto</h2>
  <table style="border-collapse:collapse;margin-top:6px;">
    <tr><td><b>Tipo presentación:</b></td><td>DIA</td></tr>
    <tr><td><b>Estado:</b></td><td>En Calificación</td></tr>
    <tr><td><b>Sector:</b></td><td>Minería</td></tr>
    <tr><td><b>Titular:</b></td><td>Compañía Minera Nevada SpA</td></tr>
    <tr><td><b>Inversión:</b></td><td>35.0 MMU$</td></tr>
    <tr><td><b>Región / Comuna:</b></td><td>Región de Atacama / Alto del Carmen</td></tr>
    <tr><td><b>Fecha ingreso:</b></td><td></td></tr>
    <tr><td><b>Fecha calificación:</b></td><td></td></tr>
    <tr><td><b>Lat/Long:</b></td><td>-29.398546, -70.252979</td></tr>
    <tr><td><b>UTM 19S:</b></td><td>378426 E / 6747205 N</td></tr>
  </table>
</div>
]]>
</description>
      <Point>
        <coordinates>-70.252979,-29.398546,0</coordinates>
      </Point>
    </Placemark>

    <Placemark>
      <name>Nuevas Rutas para el Transporte y Embarque de Concentrados de Hierro, Faena Minera Mariposa</name>
      <description>
<![CDATA[
<div style="font-family:Segoe UI,Arial,sans-serif;font-size:13px;">
  <h2 style="margin:0;color:#1e3a8a;">Nuevas Rutas para el Transporte y Embarque de Concentrados de Hierro, Faena Minera Mariposa</h2>
  <table style="border-collapse:collapse;margin-top:6px;">
    <tr><td><b>Tipo presentación:</b></td><td>DIA</td></tr>
    <tr><td><b>Estado:</b></td><td>En Calificación</td></tr>
    <tr><td><b>Sector:</b></td><td>Minería</td></tr>
    <tr><td><b>Titular:</b></td><td>Admiralty Minerals Chile PTI LTD Agencia en Chile</td></tr>
    <tr><td><b>Inversión:</b></td><td>1.5 MMU$</td></tr>
    <tr><td><b>Región / Comuna:</b></td><td>Región de Atacama / Vallenar-Freirina-Huasco</td></tr>
    <tr><td><b>Fecha ingreso:</b></td><td></td></tr>
    <tr><td><b>Fecha calificación:</b></td><td></td></tr>
    <tr><td><b>Lat/Long:</b></td><td>-27.532534, -70.067031</td></tr>
    <tr><td><b>UTM 19S:</b></td><td>394634 E / 6954126 N</td></tr>
  </table>
</div>
]]>
</description>
      <Point>
        <coordinates>-70.067031,-27.532534,0</coordinates>
      </Point>
    </Placemark>

    <Placemark>
      <name>Continuidad Operacional Faena Minera Cobre Norte</name>
      <description>
<![CDATA[
<div style="font-family:Segoe UI,Arial,sans-serif;font-size:13px;">
  <h2 style="margin:0;color:#1e3a8a;">Continuidad Operacional Faena Minera Cobre Norte</h2>
  <table style="border-collapse:collapse;margin-top:6px;">
    <tr><td><b>Tipo presentación:</b></td><td>DIA</td></tr>
    <tr><td><b>Estado:</b></td><td>En Calificación</td></tr>
    <tr><td><b>Sector:</b></td><td>Minería</td></tr>
    <tr><td><b>Titular:</b></td><td>Inversiones Nutram SpA</td></tr>
    <tr><td><b>Inversión:</b></td><td>2.5 MMU$</td></tr>
    <tr><td><b>Región / Comuna:</b></td><td>Región de Atacama / Vallenar</td></tr>
    <tr><td><b>Fecha ingreso:</b></td><td></td></tr>
    <tr><td><b>Fecha calificación:</b></td><td></td></tr>
    <tr><td><b>Lat/Long:</b></td><td>-28.550459, -70.736144</td></tr>
    <tr><td><b>UTM 19S:</b></td><td>330159 E / 6840588 N</td></tr>
  </table>
</div>
]]>
</description>
      <Point>
        <coordinates>-70.736144,-28.550459,0</coordinates>
      </Point>
    </Placemark>

    <Placemark>
      <name>Optimización Tecnológica y Aumento de Capacidad Productiva en Mina Cerro Negro Norte</name>
      <description>
<![CDATA[
<div style="font-family:Segoe UI,Arial,sans-serif;font-size:13px;">
  <h2 style="margin:0;color:#1e3a8a;">Optimización Tecnológica y Aumento de Capacidad Productiva en Mina Cerro Negro Norte</h2>
  <table style="border-collapse:collapse;margin-top:6px;">
    <tr><td><b>Tipo presentación:</b></td><td>DIA</td></tr>
    <tr><td><b>Estado:</b></td><td>En Calificación</td></tr>
    <tr><td><b>Sector:</b></td><td>Minería</td></tr>
    <tr><td><b>Titular:</b></td><td>Compañía Minera del Pacífico S.A.</td></tr>
    <tr><td><b>Inversión:</b></td><td>113.661 MMU$</td></tr>
    <tr><td><b>Región / Comuna:</b></td><td>Región de Atacama / Copiapó</td></tr>
    <tr><td><b>Fecha ingreso:</b></td><td></td></tr>
    <tr><td><b>Fecha calificación:</b></td><td></td></tr>
    <tr><td><b>Lat/Long:</b></td><td>-27.110286, -70.327234</td></tr>
    <tr><td><b>UTM 19S:</b></td><td>368440 E / 7000655 N</td></tr>
  </table>
</div>
]]>
</description>
      <Point>
        <coordinates>-70.327234,-27.110286,0</coordinates>
      </Point>
    </Placemark>

    <Placemark>
      <name>Actualización para la Continuidad del Programa de Prospecciones Geológicas Proyecto Productora</name>
      <description>
<![CDATA[
<div style="font-family:Segoe UI,Arial,sans-serif;font-size:13px;">
  <h2 style="margin:0;color:#1e3a8a;">Actualización para la Continuidad del Programa de Prospecciones Geológicas Proyecto Productora</h2>
  <table style="border-collapse:collapse;margin-top:6px;">
    <tr><td><b>Tipo presentación:</b></td><td>DIA</td></tr>
    <tr><td><b>Estado:</b></td><td>En Calificación</td></tr>
    <tr><td><b>Sector:</b></td><td>Minería</td></tr>
    <tr><td><b>Titular:</b></td><td>Sociedad Minera El Águila SpA</td></tr>
    <tr><td><b>Inversión:</b></td><td>25.0 MMU$</td></tr>
    <tr><td><b>Región / Comuna:</b></td><td>Región de Atacama / Vallenar</td></tr>
    <tr><td><b>Fecha ingreso:</b></td><td></td></tr>
    <tr><td><b>Fecha calificación:</b></td><td></td></tr>
    <tr><td><b>Lat/Long:</b></td><td>-28.711237, -70.806842</td></tr>
    <tr><td><b>UTM 19S:</b></td><td>323511 E / 6822669 N</td></tr>
  </table>
</div>
]]>
</description>
      <Point>
        <coordinates>-70.806842,-28.711237,0</coordinates>
      </Point>
    </Placemark>

    <Placemark>
      <name>Prospección Minera Ternera Fase II</name>
      <description>
<![CDATA[
<div style="font-family:Segoe UI,Arial,sans-serif;font-size:13px;">
  <h2 style="margin:0;color:#1e3a8a;">Prospección Minera Ternera Fase II</h2>
  <table style="border-collapse:collapse;margin-top:6px;">
    <tr><td><b>Tipo presentación:</b></td><td>DIA</td></tr>
    <tr><td><b>Estado:</b></td><td>En Calificación</td></tr>
    <tr><td><b>Sector:</b></td><td>Minería</td></tr>
    <tr><td><b>Titular:</b></td><td>El Zorro S.C.M</td></tr>
    <tr><td><b>Inversión:</b></td><td>40.0 MMU$</td></tr>
    <tr><td><b>Región / Comuna:</b></td><td>Región de Atacama / Caldera</td></tr>
    <tr><td><b>Fecha ingreso:</b></td><td></td></tr>
    <tr><td><b>Fecha calificación:</b></td><td></td></tr>
    <tr><td><b>Lat/Long:</b></td><td>-26.789994, -70.606654</td></tr>
    <tr><td><b>UTM 19S:</b></td><td>340288 E / 7035815 N</td></tr>
  </table>
</div>
]]>
</description>
      <Point>
        <coordinates>-70.606654,-26.789994,0</coordinates>
      </Point>
    </Placemark>
  </Folder>

  <Folder>
    <name>No Admitido a Tramitación</name>

    <Placemark>
      <name>Reconversión Planta Las Pintadas</name>
      <description>
<![CDATA[
<div style="font-family:Segoe UI,Arial,sans-serif;font-size:13px;">
  <h2 style="margin:0;color:#1e3a8a;">Reconversión Planta Las Pintadas</h2>
  <table style="border-collapse:collapse;margin-top:6px;">
    <tr><td><b>Tipo presentación:</b></td><td>DIA</td></tr>
    <tr><td><b>Estado:</b></td><td>No Admitido a Tramitación</td></tr>
    <tr><td><b>Sector:</b></td><td>Minería</td></tr>
    <tr><td><b>Titular:</b></td><td>Compañía Minera Carmen Bajo Limitada</td></tr>
    <tr><td><b>Inversión:</b></td><td>0.02267 MMU$</td></tr>
    <tr><td><b>Región / Comuna:</b></td><td>Región de Atacama / Tierra Amarilla</td></tr>
    <tr><td><b>Fecha ingreso:</b></td><td></td></tr>
    <tr><td><b>Fecha calificación:</b></td><td>2025-04-21</td></tr>
    <tr><td><b>Lat/Long:</b></td><td>-27.591134, -70.362369</td></tr>
    <tr><td><b>UTM 19S:</b></td><td>365539 E / 6947348 N</td></tr>
  </table>
</div>
]]>
</description>
      <Point>
        <coordinates>-70.362369,-27.591134,0</coordinates>
      </Point>
    </Placemark>

    <Placemark>
      <name>Continuidad Operacional La Farola</name>
      <description>
<![CDATA[
<div style="font-family:Segoe UI,Arial,sans-serif;font-size:13px;">
  <h2 style="margin:0;color:#1e3a8a;">Continuidad Operacional La Farola</h2>
  <table style="border-collapse:collapse;margin-top:6px;">
    <tr><td><b>Tipo presentación:</b></td><td>DIA</td></tr>
    <tr><td><b>Estado:</b></td><td>No Admitido a Tramitación</td></tr>
    <tr><td><b>Sector:</b></td><td>Minería</td></tr>
    <tr><td><b>Titular:</b></td><td>MINERA ALTAIR S.A.</td></tr>
    <tr><td><b>Inversión:</b></td><td>250.0 MMU$</td></tr>
    <tr><td><b>Región / Comuna:</b></td><td>Región de Atacama / Tierra Amarilla</td></tr>
    <tr><td><b>Fecha ingreso:</b></td><td></td></tr>
    <tr><td><b>Fecha calificación:</b></td><td>2023-08-11</td></tr>
    <tr><td><b>Lat/Long:</b></td><td>-27.583435, -70.354007</td></tr>
    <tr><td><b>UTM 19S:</b></td><td>366355 E / 6948210 N</td></tr>
  </table>
</div>
]]>
</description>
      <Point>
        <coordinates>-70.354007,-27.583435,0</coordinates>
      </Point>
    </Placemark>

    <Placemark>
      <name>EXTRACCION MINERALES DE HIERRO DOÑA MANE Y DOÑA MARIA</name>
      <description>
<![CDATA[
<div style="font-family:Segoe UI,Arial,sans-serif;font-size:13px;">
  <h2 style="margin:0;color:#1e3a8a;">EXTRACCION MINERALES DE HIERRO DOÑA MANE Y DOÑA MARIA</h2>
  <table style="border-collapse:collapse;margin-top:6px;">
    <tr><td><b>Tipo presentación:</b></td><td>DIA</td></tr>
    <tr><td><b>Estado:</b></td><td>No Admitido a Tramitación</td></tr>
    <tr><td><b>Sector:</b></td><td>Minería</td></tr>
    <tr><td><b>Titular:</b></td><td>VIVE REFUGIO SpA</td></tr>
    <tr><td><b>Inversión:</b></td><td>6.3 MMU$</td></tr>
    <tr><td><b>Región / Comuna:</b></td><td>Región de Atacama / Vallenar</td></tr>
    <tr><td><b>Fecha ingreso:</b></td><td></td></tr>
    <tr><td><b>Fecha calificación:</b></td><td>2022-11-16</td></tr>
    <tr><td><b>Lat/Long:</b></td><td>-29.000076, -71.000002</td></tr>
    <tr><td><b>UTM 19S:</b></td><td>305179 E / 6790357 N</td></tr>
  </table>
</div>
]]>
</description>
      <Point>
        <coordinates>-71.000002,-29.000076,0</coordinates>
      </Point>
    </Placemark>

    <Placemark>
      <name>Aumento Tasa de Procesamiento Proyecto Doña Ema</name>
      <description>
<![CDATA[
<div style="font-family:Segoe UI,Arial,sans-serif;font-size:13px;">
  <h2 style="margin:0;color:#1e3a8a;">Aumento Tasa de Procesamiento Proyecto Doña Ema</h2>
  <table style="border-collapse:collapse;margin-top:6px;">
    <tr><td><b>Tipo presentación:</b></td><td>DIA</td></tr>
    <tr><td><b>Estado:</b></td><td>No Admitido a Tramitación</td></tr>
    <tr><td><b>Sector:</b></td><td>Minería</td></tr>
    <tr><td><b>Titular:</b></td><td>Compañía Minera Minerales Copiapó Ltda.</td></tr>
    <tr><td><b>Inversión:</b></td><td>0.5 MMU$</td></tr>
    <tr><td><b>Región / Comuna:</b></td><td>Región de Atacama / Copiapó</td></tr>
    <tr><td><b>Fecha ingreso:</b></td><td></td></tr>
    <tr><td><b>Fecha calificación:</b></td><td>2022-04-11</td></tr>
    <tr><td><b>Lat/Long:</b></td><td>-27.240163, -70.353908</td></tr>
    <tr><td><b>UTM 19S:</b></td><td>365951 E / 6986239 N</td></tr>
  </table>
</div>
]]>
</description>
      <Point>
        <coordinates>-70.353908,-27.240163,0</coordinates>
      </Point>
    </Placemark>

    <Placemark>
      <name>Minera Carolina</name>
      <description>
<![CDATA[
<div style="font-family:Segoe UI,Arial,sans-serif;font-size:13px;">
  <h2 style="margin:0;color:#1e3a8a;">Minera Carolina</h2>
  <table style="border-collapse:collapse;margin-top:6px;">
    <tr><td><b>Tipo presentación:</b></td><td>DIA</td></tr>
    <tr><td><b>Estado:</b></td><td>No Admitido a Tramitación</td></tr>
    <tr><td><b>Sector:</b></td><td>Minería</td></tr>
    <tr><td><b>Titular:</b></td><td> LUIS ADOLFO GALLARDO GALLARDO</td></tr>
    <tr><td><b>Inversión:</b></td><td>3.0 MMU$</td></tr>
    <tr><td><b>Región / Comuna:</b></td><td>Región de Atacama / Copiapó</td></tr>
    <tr><td><b>Fecha ingreso:</b></td><td></td></tr>
    <tr><td><b>Fecha calificación:</b></td><td>2021-09-24</td></tr>
    <tr><td><b>Lat/Long:</b></td><td>-27.457307, -70.600071</td></tr>
    <tr><td><b>UTM 19S:</b></td><td>341884 E / 6961894 N</td></tr>
  </table>
</div>
]]>
</description>
      <Point>
        <coordinates>-70.600071,-27.457307,0</coordinates>
      </Point>
    </Placemark>

    <Placemark>
      <name>Sistema de Explotación de minerales de Hierro Mina Doña Mane y Doña María</name>
      <description>
<![CDATA[
<div style="font-family:Segoe UI,Arial,sans-serif;font-size:13px;">
  <h2 style="margin:0;color:#1e3a8a;">Sistema de Explotación de minerales de Hierro Mina Doña Mane y Doña María</h2>
  <table style="border-collapse:collapse;margin-top:6px;">
    <tr><td><b>Tipo presentación:</b></td><td>DIA</td></tr>
    <tr><td><b>Estado:</b></td><td>No Admitido a Tramitación</td></tr>
    <tr><td><b>Sector:</b></td><td>Minería</td></tr>
    <tr><td><b>Titular:</b></td><td> FRANZ ELDAR ABARZUA KOCKING</td></tr>
    <tr><td><b>Inversión:</b></td><td>6.287 MMU$</td></tr>
    <tr><td><b>Región / Comuna:</b></td><td>Región de Atacama / Vallenar</td></tr>
    <tr><td><b>Fecha ingreso:</b></td><td></td></tr>
    <tr><td><b>Fecha calificación:</b></td><td>2021-09-09</td></tr>
    <tr><td><b>Lat/Long:</b></td><td>-29.289673, -71.151553</td></tr>
    <tr><td><b>UTM 19S:</b></td><td>291000 E / 6758000 N</td></tr>
  </table>
</div>
]]>
</description>
      <Point>
        <coordinates>-71.151553,-29.289673,0</coordinates>
      </Point>
    </Placemark>

    <Placemark>
      <name>Explotación Mina Lunar</name>
      <description>
<![CDATA[
<div style="font-family:Segoe UI,Arial,sans-serif;font-size:13px;">
  <h2 style="margin:0;color:#1e3a8a;">Explotación Mina Lunar</h2>
  <table style="border-collapse:collapse;margin-top:6px;">
    <tr><td><b>Tipo presentación:</b></td><td>DIA</td></tr>
    <tr><td><b>Estado:</b></td><td>No Admitido a Tramitación</td></tr>
    <tr><td><b>Sector:</b></td><td>Minería</td></tr>
    <tr><td><b>Titular:</b></td><td>Inversiones Cooper Mining S.A.</td></tr>
    <tr><td><b>Inversión:</b></td><td>6.0 MMU$</td></tr>
    <tr><td><b>Región / Comuna:</b></td><td>Región de Atacama / Copiapó</td></tr>
    <tr><td><b>Fecha ingreso:</b></td><td></td></tr>
    <tr><td><b>Fecha calificación:</b></td><td>2021-06-25</td></tr>
    <tr><td><b>Lat/Long:</b></td><td>-27.223782, -70.381337</td></tr>
    <tr><td><b>UTM 19S:</b></td><td>363215 E / 6988024 N</td></tr>
  </table>
</div>
]]>
</description>
      <Point>
        <coordinates>-70.381337,-27.223782,0</coordinates>
      </Point>
    </Placemark>

    <Placemark>
      <name>Aprovechamiento de Acopios de Minerales de Hierro Adrianitas-Raúl</name>
      <description>
<![CDATA[
<div style="font-family:Segoe UI,Arial,sans-serif;font-size:13px;">
  <h2 style="margin:0;color:#1e3a8a;">Aprovechamiento de Acopios de Minerales de Hierro Adrianitas-Raúl</h2>
  <table style="border-collapse:collapse;margin-top:6px;">
    <tr><td><b>Tipo presentación:</b></td><td>DIA</td></tr>
    <tr><td><b>Estado:</b></td><td>No Admitido a Tramitación</td></tr>
    <tr><td><b>Sector:</b></td><td>Minería</td></tr>
    <tr><td><b>Titular:</b></td><td>Compañía Minera del Pacífico S.A.</td></tr>
    <tr><td><b>Inversión:</b></td><td>1.7 MMU$</td></tr>
    <tr><td><b>Región / Comuna:</b></td><td>Región de Atacama / Copiapó</td></tr>
    <tr><td><b>Fecha ingreso:</b></td><td></td></tr>
    <tr><td><b>Fecha calificación:</b></td><td>2021-06-09</td></tr>
    <tr><td><b>Lat/Long:</b></td><td>-27.177707, -70.379729</td></tr>
    <tr><td><b>UTM 19S:</b></td><td>363318 E / 6993130 N</td></tr>
  </table>
</div>
]]>
</description>
      <Point>
        <coordinates>-70.379729,-27.177707,0</coordinates>
      </Point>
    </Placemark>

    <Placemark>
      <name>Proyecto Minero Morión 48</name>
      <description>
<![CDATA[
<div style="font-family:Segoe UI,Arial,sans-serif;font-size:13px;">
  <h2 style="margin:0;color:#1e3a8a;">Proyecto Minero Morión 48</h2>
  <table style="border-collapse:collapse;margin-top:6px;">
    <tr><td><b>Tipo presentación:</b></td><td>DIA</td></tr>
    <tr><td><b>Estado:</b></td><td>No Admitido a Tramitación</td></tr>
    <tr><td><b>Sector:</b></td><td>Minería</td></tr>
    <tr><td><b>Titular:</b></td><td>MINERA SAN FIERRO CHILE LIMITADA</td></tr>
    <tr><td><b>Inversión:</b></td><td>26.0 MMU$</td></tr>
    <tr><td><b>Región / Comuna:</b></td><td>Región de Atacama / Chañaral-Copiapó</td></tr>
    <tr><td><b>Fecha ingreso:</b></td><td></td></tr>
    <tr><td><b>Fecha calificación:</b></td><td>2021-04-22</td></tr>
    <tr><td><b>Lat/Long:</b></td><td>-26.870568, -70.106076</td></tr>
    <tr><td><b>UTM 19S:</b></td><td>390131 E / 7027421 N</td></tr>
  </table>
</div>
]]>
</description>
      <Point>
        <coordinates>-70.106076,-26.870568,0</coordinates>
      </Point>
    </Placemark>

    <Placemark>
      <name>CONTINUIDAD OPERACIONAL, PLANTA EL SALADO - ENAMI</name>
      <description>
<![CDATA[
<div style="font-family:Segoe UI,Arial,sans-serif;font-size:13px;">
  <h2 style="margin:0;color:#1e3a8a;">CONTINUIDAD OPERACIONAL, PLANTA EL SALADO - ENAMI</h2>
  <table style="border-collapse:collapse;margin-top:6px;">
    <tr><td><b>Tipo presentación:</b></td><td>DIA</td></tr>
    <tr><td><b>Estado:</b></td><td>No Admitido a Tramitación</td></tr>
    <tr><td><b>Sector:</b></td><td>Minería</td></tr>
    <tr><td><b>Titular:</b></td><td>Empresa Nacional de Minería</td></tr>
    <tr><td><b>Inversión:</b></td><td>0.76 MMU$</td></tr>
    <tr><td><b>Región / Comuna:</b></td><td>Región de Atacama / Chañaral</td></tr>
    <tr><td><b>Fecha ingreso:</b></td><td></td></tr>
    <tr><td><b>Fecha calificación:</b></td><td>2020-11-24</td></tr>
    <tr><td><b>Lat/Long:</b></td><td>-26.411319, -70.322224</td></tr>
    <tr><td><b>UTM 19S:</b></td><td>368132 E / 7078087 N</td></tr>
  </table>
</div>
]]>
</description>
      <Point>
        <coordinates>-70.322224,-26.411319,0</coordinates>
      </Point>
    </Placemark>

    <Placemark>
      <name>AUMENTO DE PRODUCCIÓN PLANTA VIÑITA AZUL</name>
      <description>
<![CDATA[
<div style="font-family:Segoe UI,Arial,sans-serif;font-size:13px;">
  <h2 style="margin:0;color:#1e3a8a;">AUMENTO DE PRODUCCIÓN PLANTA VIÑITA AZUL</h2>
  <table style="border-collapse:collapse;margin-top:6px;">
    <tr><td><b>Tipo presentación:</b></td><td>DIA</td></tr>
    <tr><td><b>Estado:</b></td><td>No Admitido a Tramitación</td></tr>
    <tr><td><b>Sector:</b></td><td>Minería</td></tr>
    <tr><td><b>Titular:</b></td><td>Sociedad Contractual Minera Alianza</td></tr>
    <tr><td><b>Inversión:</b></td><td>0.7 MMU$</td></tr>
    <tr><td><b>Región / Comuna:</b></td><td>Región de Atacama / Copiapó</td></tr>
    <tr><td><b>Fecha ingreso:</b></td><td></td></tr>
    <tr><td><b>Fecha calificación:</b></td><td>2020-11-12</td></tr>
    <tr><td><b>Lat/Long:</b></td><td>-27.0, -70.0</td></tr>
    <tr><td><b>UTM 19S:</b></td><td>400782 E / 7013172 N</td></tr>
  </table>
</div>
]]>
</description>
      <Point>
        <coordinates>-70.0,-27.0,0</coordinates>
      </Point>
    </Placemark>

    <Placemark>
      <name>Optimización Óxidos ? Mantoverde</name>
      <description>
<![CDATA[
<div style="font-family:Segoe UI,Arial,sans-serif;font-size:13px;">
  <h2 style="margin:0;color:#1e3a8a;">Optimización Óxidos ? Mantoverde</h2>
  <table style="border-collapse:collapse;margin-top:6px;">
    <tr><td><b>Tipo presentación:</b></td><td>DIA</td></tr>
    <tr><td><b>Estado:</b></td><td>No Admitido a Tramitación</td></tr>
    <tr><td><b>Sector:</b></td><td>Minería</td></tr>
    <tr><td><b>Titular:</b></td><td>MANTOVERDE S.A.</td></tr>
    <tr><td><b>Inversión:</b></td><td>40.0 MMU$</td></tr>
    <tr><td><b>Región / Comuna:</b></td><td>Región de Atacama / Chañaral</td></tr>
    <tr><td><b>Fecha ingreso:</b></td><td></td></tr>
    <tr><td><b>Fecha calificación:</b></td><td>2020-10-01</td></tr>
    <tr><td><b>Lat/Long:</b></td><td>-27.0, -70.0</td></tr>
    <tr><td><b>UTM 19S:</b></td><td>400782 E / 7013172 N</td></tr>
  </table>
</div>
]]>
</description>
      <Point>
        <coordinates>-70.0,-27.0,0</coordinates>
      </Point>
    </Placemark>

    <Placemark>
      <name>Modificación Proyecto Delirio</name>
      <description>
<![CDATA[
<div style="font-family:Segoe UI,Arial,sans-serif;font-size:13px;">
  <h2 style="margin:0;color:#1e3a8a;">Modificación Proyecto Delirio</h2>
  <table style="border-collapse:collapse;margin-top:6px;">
    <tr><td><b>Tipo presentación:</b></td><td>DIA</td></tr>
    <tr><td><b>Estado:</b></td><td>No Admitido a Tramitación</td></tr>
    <tr><td><b>Sector:</b></td><td>Minería</td></tr>
    <tr><td><b>Titular:</b></td><td>Santiago Metals Proyecto Dos Ltda</td></tr>
    <tr><td><b>Inversión:</b></td><td>1.5e-05 MMU$</td></tr>
    <tr><td><b>Región / Comuna:</b></td><td>Región de Atacama / Diego de Almagro</td></tr>
    <tr><td><b>Fecha ingreso:</b></td><td></td></tr>
    <tr><td><b>Fecha calificación:</b></td><td>2020-01-06</td></tr>
    <tr><td><b>Lat/Long:</b></td><td>-26.745281, -69.841714</td></tr>
    <tr><td><b>UTM 19S:</b></td><td>416300 E / 7041500 N</td></tr>
  </table>
</div>
]]>
</description>
      <Point>
        <coordinates>-69.841714,-26.745281,0</coordinates>
      </Point>
    </Placemark>

    <Placemark>
      <name>Proyecto Vidalita</name>
      <description>
<![CDATA[
<div style="font-family:Segoe UI,Arial,sans-serif;font-size:13px;">
  <h2 style="margin:0;color:#1e3a8a;">Proyecto Vidalita</h2>
  <table style="border-collapse:collapse;margin-top:6px;">
    <tr><td><b>Tipo presentación:</b></td><td>DIA</td></tr>
    <tr><td><b>Estado:</b></td><td>No Admitido a Tramitación</td></tr>
    <tr><td><b>Sector:</b></td><td>Minería</td></tr>
    <tr><td><b>Titular:</b></td><td>EMU CHILE SpA</td></tr>
    <tr><td><b>Inversión:</b></td><td>6.0 MMU$</td></tr>
    <tr><td><b>Región / Comuna:</b></td><td>Región de Atacama / Tierra Amarilla</td></tr>
    <tr><td><b>Fecha ingreso:</b></td><td></td></tr>
    <tr><td><b>Fecha calificación:</b></td><td>2018-08-27</td></tr>
    <tr><td><b>Lat/Long:</b></td><td>-27.622273, -69.175476</td></tr>
    <tr><td><b>UTM 19S:</b></td><td>482687 E / 6944627 N</td></tr>
  </table>
</div>
]]>
</description>
      <Point>
        <coordinates>-69.175476,-27.622273,0</coordinates>
      </Point>
    </Placemark>

    <Placemark>
      <name>Prospección Minera Norte Abierto Sector Caspiche</name>
      <description>
<![CDATA[
<div style="font-family:Segoe UI,Arial,sans-serif;font-size:13px;">
  <h2 style="margin:0;color:#1e3a8a;">Prospección Minera Norte Abierto Sector Caspiche</h2>
  <table style="border-collapse:collapse;margin-top:6px;">
    <tr><td><b>Tipo presentación:</b></td><td>DIA</td></tr>
    <tr><td><b>Estado:</b></td><td>No Admitido a Tramitación</td></tr>
    <tr><td><b>Sector:</b></td><td>Minería</td></tr>
    <tr><td><b>Titular:</b></td><td>Norte Abierto SpA</td></tr>
    <tr><td><b>Inversión:</b></td><td>75.0 MMU$</td></tr>
    <tr><td><b>Región / Comuna:</b></td><td>Región de Atacama / Tierra Amarilla</td></tr>
    <tr><td><b>Fecha ingreso:</b></td><td></td></tr>
    <tr><td><b>Fecha calificación:</b></td><td>2018-05-17</td></tr>
    <tr><td><b>Lat/Long:</b></td><td>-27.668234, -69.350793</td></tr>
    <tr><td><b>UTM 19S:</b></td><td>465404 E / 6939499 N</td></tr>
  </table>
</div>
]]>
</description>
      <Point>
        <coordinates>-69.350793,-27.668234,0</coordinates>
      </Point>
    </Placemark>

    <Placemark>
      <name>Sistema de Control de Emisiones Planta de Pellets de Huasco</name>
      <description>
<![CDATA[
<div style="font-family:Segoe UI,Arial,sans-serif;font-size:13px;">
  <h2 style="margin:0;color:#1e3a8a;">Sistema de Control de Emisiones Planta de Pellets de Huasco</h2>
  <table style="border-collapse:collapse;margin-top:6px;">
    <tr><td><b>Tipo presentación:</b></td><td>DIA</td></tr>
    <tr><td><b>Estado:</b></td><td>No Admitido a Tramitación</td></tr>
    <tr><td><b>Sector:</b></td><td>Minería</td></tr>
    <tr><td><b>Titular:</b></td><td>Compañía Minera del Pacífico S.A.</td></tr>
    <tr><td><b>Inversión:</b></td><td>40.0 MMU$</td></tr>
    <tr><td><b>Región / Comuna:</b></td><td>Región de Atacama / Huasco</td></tr>
    <tr><td><b>Fecha ingreso:</b></td><td></td></tr>
    <tr><td><b>Fecha calificación:</b></td><td>2018-04-27</td></tr>
    <tr><td><b>Lat/Long:</b></td><td>-28.481718, -71.247935</td></tr>
    <tr><td><b>UTM 19S:</b></td><td>279937 E / 6847374 N</td></tr>
  </table>
</div>
]]>
</description>
      <Point>
        <coordinates>-71.247935,-28.481718,0</coordinates>
      </Point>
    </Placemark>

    <Placemark>
      <name>Aumento de vida útil de faena Minera Atacama Kozan, incorporando Relaves Filtrados en quebrada El Gato</name>
      <description>
<![CDATA[
<div style="font-family:Segoe UI,Arial,sans-serif;font-size:13px;">
  <h2 style="margin:0;color:#1e3a8a;">Aumento de vida útil de faena Minera Atacama Kozan, incorporando Relaves Filtrados en quebrada El Gato</h2>
  <table style="border-collapse:collapse;margin-top:6px;">
    <tr><td><b>Tipo presentación:</b></td><td>DIA</td></tr>
    <tr><td><b>Estado:</b></td><td>No Admitido a Tramitación</td></tr>
    <tr><td><b>Sector:</b></td><td>Minería</td></tr>
    <tr><td><b>Titular:</b></td><td>Sociedad Contractual Minera Atacama Kozan</td></tr>
    <tr><td><b>Inversión:</b></td><td>15.764 MMU$</td></tr>
    <tr><td><b>Región / Comuna:</b></td><td>Región de Atacama / Tierra Amarilla-Copiapó</td></tr>
    <tr><td><b>Fecha ingreso:</b></td><td></td></tr>
    <tr><td><b>Fecha calificación:</b></td><td>2017-06-06</td></tr>
    <tr><td><b>Lat/Long:</b></td><td>-27.387617, -70.261158</td></tr>
    <tr><td><b>UTM 19S:</b></td><td>375300 E / 6970000 N</td></tr>
  </table>
</div>
]]>
</description>
      <Point>
        <coordinates>-70.261158,-27.387617,0</coordinates>
      </Point>
    </Placemark>

    <Placemark>
      <name>Continuidad Operacional y Optimización del Sellado y Estabilizado de Depósito de Relaves Nº 1</name>
      <description>
<![CDATA[
<div style="font-family:Segoe UI,Arial,sans-serif;font-size:13px;">
  <h2 style="margin:0;color:#1e3a8a;">Continuidad Operacional y Optimización del Sellado y Estabilizado de Depósito de Relaves Nº 1</h2>
  <table style="border-collapse:collapse;margin-top:6px;">
    <tr><td><b>Tipo presentación:</b></td><td>DIA</td></tr>
    <tr><td><b>Estado:</b></td><td>No Admitido a Tramitación</td></tr>
    <tr><td><b>Sector:</b></td><td>Minería</td></tr>
    <tr><td><b>Titular:</b></td><td>Compañía Exploradora y Explotadora Minera Chilena Rumana COEMIN S.A.</td></tr>
    <tr><td><b>Inversión:</b></td><td>1.3 MMU$</td></tr>
    <tr><td><b>Región / Comuna:</b></td><td>Región de Atacama / Tierra Amarilla</td></tr>
    <tr><td><b>Fecha ingreso:</b></td><td></td></tr>
    <tr><td><b>Fecha calificación:</b></td><td>2017-02-20</td></tr>
    <tr><td><b>Lat/Long:</b></td><td>-27.555183, -70.228653</td></tr>
    <tr><td><b>UTM 19S:</b></td><td>378698 E / 6951469 N</td></tr>
  </table>
</div>
]]>
</description>
      <Point>
        <coordinates>-70.228653,-27.555183,0</coordinates>
      </Point>
    </Placemark>

    <Placemark>
      <name>Nuevo Depósito de Ripios Planta Matta</name>
      <description>
<![CDATA[
<div style="font-family:Segoe UI,Arial,sans-serif;font-size:13px;">
  <h2 style="margin:0;color:#1e3a8a;">Nuevo Depósito de Ripios Planta Matta</h2>
  <table style="border-collapse:collapse;margin-top:6px;">
    <tr><td><b>Tipo presentación:</b></td><td>DIA</td></tr>
    <tr><td><b>Estado:</b></td><td>No Admitido a Tramitación</td></tr>
    <tr><td><b>Sector:</b></td><td>Minería</td></tr>
    <tr><td><b>Titular:</b></td><td>Empresa Nacional de Minería</td></tr>
    <tr><td><b>Inversión:</b></td><td>1.35 MMU$</td></tr>
    <tr><td><b>Región / Comuna:</b></td><td>Región de Atacama / Copiapó</td></tr>
    <tr><td><b>Fecha ingreso:</b></td><td></td></tr>
    <tr><td><b>Fecha calificación:</b></td><td>2016-10-12</td></tr>
    <tr><td><b>Lat/Long:</b></td><td>-27.41572, -70.25293</td></tr>
    <tr><td><b>UTM 19S:</b></td><td>376145 E / 6966895 N</td></tr>
  </table>
</div>
]]>
</description>
      <Point>
        <coordinates>-70.25293,-27.41572,0</coordinates>
      </Point>
    </Placemark>

    <Placemark>
      <name>Explotación de Stock Minerales de Fierro, Selección Magnética y Transporte de Mineral seleccionado a punto de acopio, Mina Candelaria I 1 al 10</name>
      <description>
<![CDATA[
<div style="font-family:Segoe UI,Arial,sans-serif;font-size:13px;">
  <h2 style="margin:0;color:#1e3a8a;">Explotación de Stock Minerales de Fierro, Selección Magnética y Transporte de Mineral seleccionado a punto de acopio, Mina Candelaria I 1 al 10</h2>
  <table style="border-collapse:collapse;margin-top:6px;">
    <tr><td><b>Tipo presentación:</b></td><td>DIA</td></tr>
    <tr><td><b>Estado:</b></td><td>No Admitido a Tramitación</td></tr>
    <tr><td><b>Sector:</b></td><td>Minería</td></tr>
    <tr><td><b>Titular:</b></td><td>MINERAS LIMPIAS SPA</td></tr>
    <tr><td><b>Inversión:</b></td><td>0.75 MMU$</td></tr>
    <tr><td><b>Región / Comuna:</b></td><td>Región de Atacama / Caldera</td></tr>
    <tr><td><b>Fecha ingreso:</b></td><td></td></tr>
    <tr><td><b>Fecha calificación:</b></td><td>2016-05-23</td></tr>
    <tr><td><b>Lat/Long:</b></td><td>-26.920054, -70.455742</td></tr>
    <tr><td><b>UTM 19S:</b></td><td>355457 E / 7021588 N</td></tr>
  </table>
</div>
]]>
</description>
      <Point>
        <coordinates>-70.455742,-26.920054,0</coordinates>
      </Point>
    </Placemark>

    <Placemark>
      <name>Modificación Planta de Chancado de Minerales Complejo Minero Dos Amigos</name>
      <description>
<![CDATA[
<div style="font-family:Segoe UI,Arial,sans-serif;font-size:13px;">
  <h2 style="margin:0;color:#1e3a8a;">Modificación Planta de Chancado de Minerales Complejo Minero Dos Amigos</h2>
  <table style="border-collapse:collapse;margin-top:6px;">
    <tr><td><b>Tipo presentación:</b></td><td>DIA</td></tr>
    <tr><td><b>Estado:</b></td><td>No Admitido a Tramitación</td></tr>
    <tr><td><b>Sector:</b></td><td>Minería</td></tr>
    <tr><td><b>Titular:</b></td><td>Compañía Explotadora de Minas SPA</td></tr>
    <tr><td><b>Inversión:</b></td><td>1.7 MMU$</td></tr>
    <tr><td><b>Región / Comuna:</b></td><td>Región de Atacama / Vallenar</td></tr>
    <tr><td><b>Fecha ingreso:</b></td><td></td></tr>
    <tr><td><b>Fecha calificación:</b></td><td>2016-04-11</td></tr>
    <tr><td><b>Lat/Long:</b></td><td>-28.982131, -70.893988</td></tr>
    <tr><td><b>UTM 19S:</b></td><td>315476 E / 6792516 N</td></tr>
  </table>
</div>
]]>
</description>
      <Point>
        <coordinates>-70.893988,-28.982131,0</coordinates>
      </Point>
    </Placemark>

    <Placemark>
      <name>EXPLOTACIÓN Y BENEFICIO  PROYECTO DELIRIO</name>
      <description>
<![CDATA[
<div style="font-family:Segoe UI,Arial,sans-serif;font-size:13px;">
  <h2 style="margin:0;color:#1e3a8a;">EXPLOTACIÓN Y BENEFICIO  PROYECTO DELIRIO</h2>
  <table style="border-collapse:collapse;margin-top:6px;">
    <tr><td><b>Tipo presentación:</b></td><td>DIA</td></tr>
    <tr><td><b>Estado:</b></td><td>No Admitido a Tramitación</td></tr>
    <tr><td><b>Sector:</b></td><td>Minería</td></tr>
    <tr><td><b>Titular:</b></td><td>Santiago Metals Proyecto Dos Ltda</td></tr>
    <tr><td><b>Inversión:</b></td><td>40.8 MMU$</td></tr>
    <tr><td><b>Región / Comuna:</b></td><td>Región de Atacama / Diego de Almagro</td></tr>
    <tr><td><b>Fecha ingreso:</b></td><td></td></tr>
    <tr><td><b>Fecha calificación:</b></td><td>2015-11-06</td></tr>
    <tr><td><b>Lat/Long:</b></td><td>-26.74093, -69.828044</td></tr>
    <tr><td><b>UTM 19S:</b></td><td>417656 E / 7041991 N</td></tr>
  </table>
</div>
]]>
</description>
      <Point>
        <coordinates>-69.828044,-26.74093,0</coordinates>
      </Point>
    </Placemark>

    <Placemark>
      <name>DESARROLLO MINERO DISTRITO CRISTALES</name>
      <description>
<![CDATA[
<div style="font-family:Segoe UI,Arial,sans-serif;font-size:13px;">
  <h2 style="margin:0;color:#1e3a8a;">DESARROLLO MINERO DISTRITO CRISTALES</h2>
  <table style="border-collapse:collapse;margin-top:6px;">
    <tr><td><b>Tipo presentación:</b></td><td>DIA</td></tr>
    <tr><td><b>Estado:</b></td><td>No Admitido a Tramitación</td></tr>
    <tr><td><b>Sector:</b></td><td>Minería</td></tr>
    <tr><td><b>Titular:</b></td><td>Compañía Minera del Pacífico S.A.</td></tr>
    <tr><td><b>Inversión:</b></td><td>7.1 MMU$</td></tr>
    <tr><td><b>Región / Comuna:</b></td><td>Región de Atacama / Vallenar-Freirina</td></tr>
    <tr><td><b>Fecha ingreso:</b></td><td></td></tr>
    <tr><td><b>Fecha calificación:</b></td><td>2015-11-04</td></tr>
    <tr><td><b>Lat/Long:</b></td><td>-29.145127, -71.044369</td></tr>
    <tr><td><b>UTM 19S:</b></td><td>301135 E / 6774207 N</td></tr>
  </table>
</div>
]]>
</description>
      <Point>
        <coordinates>-71.044369,-29.145127,0</coordinates>
      </Point>
    </Placemark>

    <Placemark>
      <name>Prospección Geológica Carmen Paulina</name>
      <description>
<![CDATA[
<div style="font-family:Segoe UI,Arial,sans-serif;font-size:13px;">
  <h2 style="margin:0;color:#1e3a8a;">Prospección Geológica Carmen Paulina</h2>
  <table style="border-collapse:collapse;margin-top:6px;">
    <tr><td><b>Tipo presentación:</b></td><td>DIA</td></tr>
    <tr><td><b>Estado:</b></td><td>No Admitido a Tramitación</td></tr>
    <tr><td><b>Sector:</b></td><td>Minería</td></tr>
    <tr><td><b>Titular:</b></td><td>Compañia Minera Sierra Norte S.A</td></tr>
    <tr><td><b>Inversión:</b></td><td>4.2e-05 MMU$</td></tr>
    <tr><td><b>Región / Comuna:</b></td><td>Región de Atacama / Diego de Almagro</td></tr>
    <tr><td><b>Fecha ingreso:</b></td><td></td></tr>
    <tr><td><b>Fecha calificación:</b></td><td>2015-11-04</td></tr>
    <tr><td><b>Lat/Long:</b></td><td>-26.395874, -70.157242</td></tr>
    <tr><td><b>UTM 19S:</b></td><td>384572 E / 7079956 N</td></tr>
  </table>
</div>
]]>
</description>
      <Point>
        <coordinates>-70.157242,-26.395874,0</coordinates>
      </Point>
    </Placemark>

    <Placemark>
      <name>Proyecto Cerro Negro II</name>
      <description>
<![CDATA[
<div style="font-family:Segoe UI,Arial,sans-serif;font-size:13px;">
  <h2 style="margin:0;color:#1e3a8a;">Proyecto Cerro Negro II</h2>
  <table style="border-collapse:collapse;margin-top:6px;">
    <tr><td><b>Tipo presentación:</b></td><td>DIA</td></tr>
    <tr><td><b>Estado:</b></td><td>No Admitido a Tramitación</td></tr>
    <tr><td><b>Sector:</b></td><td>Minería</td></tr>
    <tr><td><b>Titular:</b></td><td>Compañia Minera Minerales Copiapo Ltda.</td></tr>
    <tr><td><b>Inversión:</b></td><td>2.0 MMU$</td></tr>
    <tr><td><b>Región / Comuna:</b></td><td>Región de Atacama / Chañaral</td></tr>
    <tr><td><b>Fecha ingreso:</b></td><td></td></tr>
    <tr><td><b>Fecha calificación:</b></td><td>2015-10-19</td></tr>
    <tr><td><b>Lat/Long:</b></td><td>-26.161296, -70.300434</td></tr>
    <tr><td><b>UTM 19S:</b></td><td>370027 E / 7105803 N</td></tr>
  </table>
</div>
]]>
</description>
      <Point>
        <coordinates>-70.300434,-26.161296,0</coordinates>
      </Point>
    </Placemark>

    <Placemark>
      <name>Proyecto Cerro Negro II</name>
      <description>
<![CDATA[
<div style="font-family:Segoe UI,Arial,sans-serif;font-size:13px;">
  <h2 style="margin:0;color:#1e3a8a;">Proyecto Cerro Negro II</h2>
  <table style="border-collapse:collapse;margin-top:6px;">
    <tr><td><b>Tipo presentación:</b></td><td>DIA</td></tr>
    <tr><td><b>Estado:</b></td><td>No Admitido a Tramitación</td></tr>
    <tr><td><b>Sector:</b></td><td>Minería</td></tr>
    <tr><td><b>Titular:</b></td><td>Compañia Minera Minerales Copiapo Ltda.</td></tr>
    <tr><td><b>Inversión:</b></td><td>2.0 MMU$</td></tr>
    <tr><td><b>Región / Comuna:</b></td><td>Región de Atacama / Chañaral</td></tr>
    <tr><td><b>Fecha ingreso:</b></td><td></td></tr>
    <tr><td><b>Fecha calificación:</b></td><td>2015-09-30</td></tr>
    <tr><td><b>Lat/Long:</b></td><td>-26.161296, -70.300434</td></tr>
    <tr><td><b>UTM 19S:</b></td><td>370027 E / 7105803 N</td></tr>
  </table>
</div>
]]>
</description>
      <Point>
        <coordinates>-70.300434,-26.161296,0</coordinates>
      </Point>
    </Placemark>

    <Placemark>
      <name>Explotación de Minerales La Coipa Fase7</name>
      <description>
<![CDATA[
<div style="font-family:Segoe UI,Arial,sans-serif;font-size:13px;">
  <h2 style="margin:0;color:#1e3a8a;">Explotación de Minerales La Coipa Fase7</h2>
  <table style="border-collapse:collapse;margin-top:6px;">
    <tr><td><b>Tipo presentación:</b></td><td>DIA</td></tr>
    <tr><td><b>Estado:</b></td><td>No Admitido a Tramitación</td></tr>
    <tr><td><b>Sector:</b></td><td>Minería</td></tr>
    <tr><td><b>Titular:</b></td><td>Compañía Minera Mantos de Oro</td></tr>
    <tr><td><b>Inversión:</b></td><td>200.0 MMU$</td></tr>
    <tr><td><b>Región / Comuna:</b></td><td>Región de Atacama / Copiapó</td></tr>
    <tr><td><b>Fecha ingreso:</b></td><td></td></tr>
    <tr><td><b>Fecha calificación:</b></td><td>2015-07-06</td></tr>
    <tr><td><b>Lat/Long:</b></td><td>-26.797988, -69.24341</td></tr>
    <tr><td><b>UTM 19S:</b></td><td>475807 E / 7035916 N</td></tr>
  </table>
</div>
]]>
</description>
      <Point>
        <coordinates>-69.24341,-26.797988,0</coordinates>
      </Point>
    </Placemark>

    <Placemark>
      <name>Extracción de Minerales de Hierro en Distrito Pleito</name>
      <description>
<![CDATA[
<div style="font-family:Segoe UI,Arial,sans-serif;font-size:13px;">
  <h2 style="margin:0;color:#1e3a8a;">Extracción de Minerales de Hierro en Distrito Pleito</h2>
  <table style="border-collapse:collapse;margin-top:6px;">
    <tr><td><b>Tipo presentación:</b></td><td>DIA</td></tr>
    <tr><td><b>Estado:</b></td><td>No Admitido a Tramitación</td></tr>
    <tr><td><b>Sector:</b></td><td>Minería</td></tr>
    <tr><td><b>Titular:</b></td><td>Compañía Minera del Pacífico S.A.</td></tr>
    <tr><td><b>Inversión:</b></td><td>6.5 MMU$</td></tr>
    <tr><td><b>Región / Comuna:</b></td><td>Región de Atacama / Vallenar</td></tr>
    <tr><td><b>Fecha ingreso:</b></td><td></td></tr>
    <tr><td><b>Fecha calificación:</b></td><td>2015-06-19</td></tr>
    <tr><td><b>Lat/Long:</b></td><td>-29.241606, -71.067899</td></tr>
    <tr><td><b>UTM 19S:</b></td><td>299034 E / 6763474 N</td></tr>
  </table>
</div>
]]>
</description>
      <Point>
        <coordinates>-71.067899,-29.241606,0</coordinates>
      </Point>
    </Placemark>

    <Placemark>
      <name>EXTRACCIÓN DE MINERALES DE HIERRO EN DISTRITO PLEITO</name>
      <description>
<![CDATA[
<div style="font-family:Segoe UI,Arial,sans-serif;font-size:13px;">
  <h2 style="margin:0;color:#1e3a8a;">EXTRACCIÓN DE MINERALES DE HIERRO EN DISTRITO PLEITO</h2>
  <table style="border-collapse:collapse;margin-top:6px;">
    <tr><td><b>Tipo presentación:</b></td><td>DIA</td></tr>
    <tr><td><b>Estado:</b></td><td>No Admitido a Tramitación</td></tr>
    <tr><td><b>Sector:</b></td><td>Minería</td></tr>
    <tr><td><b>Titular:</b></td><td>Compañía Minera del Pacífico S.A.</td></tr>
    <tr><td><b>Inversión:</b></td><td>6.5 MMU$</td></tr>
    <tr><td><b>Región / Comuna:</b></td><td>Región de Atacama / Vallenar</td></tr>
    <tr><td><b>Fecha ingreso:</b></td><td></td></tr>
    <tr><td><b>Fecha calificación:</b></td><td>2015-05-19</td></tr>
    <tr><td><b>Lat/Long:</b></td><td>-29.241606, -71.067888</td></tr>
    <tr><td><b>UTM 19S:</b></td><td>299035 E / 6763474 N</td></tr>
  </table>
</div>
]]>
</description>
      <Point>
        <coordinates>-71.067888,-29.241606,0</coordinates>
      </Point>
    </Placemark>

    <Placemark>
      <name>Proyecto de Prospección Minera Imán</name>
      <description>
<![CDATA[
<div style="font-family:Segoe UI,Arial,sans-serif;font-size:13px;">
  <h2 style="margin:0;color:#1e3a8a;">Proyecto de Prospección Minera Imán</h2>
  <table style="border-collapse:collapse;margin-top:6px;">
    <tr><td><b>Tipo presentación:</b></td><td>DIA</td></tr>
    <tr><td><b>Estado:</b></td><td>No Admitido a Tramitación</td></tr>
    <tr><td><b>Sector:</b></td><td>Minería</td></tr>
    <tr><td><b>Titular:</b></td><td>Minería Imán SpA.</td></tr>
    <tr><td><b>Inversión:</b></td><td>10.0 MMU$</td></tr>
    <tr><td><b>Región / Comuna:</b></td><td>Región de Atacama / Vallenar</td></tr>
    <tr><td><b>Fecha ingreso:</b></td><td></td></tr>
    <tr><td><b>Fecha calificación:</b></td><td>2014-11-20</td></tr>
    <tr><td><b>Lat/Long:</b></td><td>-28.588685, -70.857425</td></tr>
    <tr><td><b>UTM 19S:</b></td><td>318358 E / 6836174 N</td></tr>
  </table>
</div>
]]>
</description>
      <Point>
        <coordinates>-70.857425,-28.588685,0</coordinates>
      </Point>
    </Placemark>

    <Placemark>
      <name>Proyecto Merceditas</name>
      <description>
<![CDATA[
<div style="font-family:Segoe UI,Arial,sans-serif;font-size:13px;">
  <h2 style="margin:0;color:#1e3a8a;">Proyecto Merceditas</h2>
  <table style="border-collapse:collapse;margin-top:6px;">
    <tr><td><b>Tipo presentación:</b></td><td>DIA</td></tr>
    <tr><td><b>Estado:</b></td><td>No Admitido a Tramitación</td></tr>
    <tr><td><b>Sector:</b></td><td>Minería</td></tr>
    <tr><td><b>Titular:</b></td><td>MINERA MONTEGRANDE S.A.</td></tr>
    <tr><td><b>Inversión:</b></td><td>14.0 MMU$</td></tr>
    <tr><td><b>Región / Comuna:</b></td><td>Región de Atacama / Chañaral</td></tr>
    <tr><td><b>Fecha ingreso:</b></td><td></td></tr>
    <tr><td><b>Fecha calificación:</b></td><td>2014-09-16</td></tr>
    <tr><td><b>Lat/Long:</b></td><td>-26.566448, -70.180004</td></tr>
    <tr><td><b>UTM 19S:</b></td><td>382475 E / 7061042 N</td></tr>
  </table>
</div>
]]>
</description>
      <Point>
        <coordinates>-70.180004,-26.566448,0</coordinates>
      </Point>
    </Placemark>

    <Placemark>
      <name>Regularización Cerro Negro Cristales y Explotación de Minerales de Hierro Sector Loma Cortadera</name>
      <description>
<![CDATA[
<div style="font-family:Segoe UI,Arial,sans-serif;font-size:13px;">
  <h2 style="margin:0;color:#1e3a8a;">Regularización Cerro Negro Cristales y Explotación de Minerales de Hierro Sector Loma Cortadera</h2>
  <table style="border-collapse:collapse;margin-top:6px;">
    <tr><td><b>Tipo presentación:</b></td><td>DIA</td></tr>
    <tr><td><b>Estado:</b></td><td>No Admitido a Tramitación</td></tr>
    <tr><td><b>Sector:</b></td><td>Minería</td></tr>
    <tr><td><b>Titular:</b></td><td>Compañía Minera del Pacífico S.A.</td></tr>
    <tr><td><b>Inversión:</b></td><td>7.1 MMU$</td></tr>
    <tr><td><b>Región / Comuna:</b></td><td>Región de Atacama / Freirina</td></tr>
    <tr><td><b>Fecha ingreso:</b></td><td></td></tr>
    <tr><td><b>Fecha calificación:</b></td><td>2014-07-14</td></tr>
    <tr><td><b>Lat/Long:</b></td><td>-29.152514, -71.029149</td></tr>
    <tr><td><b>UTM 19S:</b></td><td>302630 E / 6773414 N</td></tr>
  </table>
</div>
]]>
</description>
      <Point>
        <coordinates>-71.029149,-29.152514,0</coordinates>
      </Point>
    </Placemark>

    <Placemark>
      <name>Modificaciones Arqueros</name>
      <description>
<![CDATA[
<div style="font-family:Segoe UI,Arial,sans-serif;font-size:13px;">
  <h2 style="margin:0;color:#1e3a8a;">Modificaciones Arqueros</h2>
  <table style="border-collapse:collapse;margin-top:6px;">
    <tr><td><b>Tipo presentación:</b></td><td>DIA</td></tr>
    <tr><td><b>Estado:</b></td><td>No Admitido a Tramitación</td></tr>
    <tr><td><b>Sector:</b></td><td>Minería</td></tr>
    <tr><td><b>Titular:</b></td><td>Laguna Resources Chile Limitada</td></tr>
    <tr><td><b>Inversión:</b></td><td>150.0 MMU$</td></tr>
    <tr><td><b>Región / Comuna:</b></td><td>Región de Atacama / Diego de Almagro</td></tr>
    <tr><td><b>Fecha ingreso:</b></td><td></td></tr>
    <tr><td><b>Fecha calificación:</b></td><td>2014-04-23</td></tr>
    <tr><td><b>Lat/Long:</b></td><td>-26.645901, -69.155872</td></tr>
    <tr><td><b>UTM 19S:</b></td><td>484487 E / 7052774 N</td></tr>
  </table>
</div>
]]>
</description>
      <Point>
        <coordinates>-69.155872,-26.645901,0</coordinates>
      </Point>
    </Placemark>

    <Placemark>
      <name>Proyecto Minero HATI</name>
      <description>
<![CDATA[
<div style="font-family:Segoe UI,Arial,sans-serif;font-size:13px;">
  <h2 style="margin:0;color:#1e3a8a;">Proyecto Minero HATI</h2>
  <table style="border-collapse:collapse;margin-top:6px;">
    <tr><td><b>Tipo presentación:</b></td><td>DIA</td></tr>
    <tr><td><b>Estado:</b></td><td>No Admitido a Tramitación</td></tr>
    <tr><td><b>Sector:</b></td><td>Minería</td></tr>
    <tr><td><b>Titular:</b></td><td>Iron Castle Mining S.C.M.</td></tr>
    <tr><td><b>Inversión:</b></td><td>6.5 MMU$</td></tr>
    <tr><td><b>Región / Comuna:</b></td><td>Región de Atacama / Copiapó</td></tr>
    <tr><td><b>Fecha ingreso:</b></td><td></td></tr>
    <tr><td><b>Fecha calificación:</b></td><td>2013-05-07</td></tr>
    <tr><td><b>Lat/Long:</b></td><td>-27.515311, -70.574427</td></tr>
    <tr><td><b>UTM 19S:</b></td><td>344500 E / 6955500 N</td></tr>
  </table>
</div>
]]>
</description>
      <Point>
        <coordinates>-70.574427,-27.515311,0</coordinates>
      </Point>
    </Placemark>

    <Placemark>
      <name>Explotación y Beneficio Yacimiento de Hierro Mina Carmen</name>
      <description>
<![CDATA[
<div style="font-family:Segoe UI,Arial,sans-serif;font-size:13px;">
  <h2 style="margin:0;color:#1e3a8a;">Explotación y Beneficio Yacimiento de Hierro Mina Carmen</h2>
  <table style="border-collapse:collapse;margin-top:6px;">
    <tr><td><b>Tipo presentación:</b></td><td>DIA</td></tr>
    <tr><td><b>Estado:</b></td><td>No Admitido a Tramitación</td></tr>
    <tr><td><b>Sector:</b></td><td>Minería</td></tr>
    <tr><td><b>Titular:</b></td><td>Compañía Minera Don Daniel</td></tr>
    <tr><td><b>Inversión:</b></td><td>30.0 MMU$</td></tr>
    <tr><td><b>Región / Comuna:</b></td><td>Región de Atacama / Caldera-Tierra Amarilla-Chañaral-Diego de Almagro-Copiapó</td></tr>
    <tr><td><b>Fecha ingreso:</b></td><td></td></tr>
    <tr><td><b>Fecha calificación:</b></td><td>2013-05-02</td></tr>
    <tr><td><b>Lat/Long:</b></td><td>-26.342237, -70.133336</td></tr>
    <tr><td><b>UTM 19S:</b></td><td>386905 E / 7085918 N</td></tr>
  </table>
</div>
]]>
</description>
      <Point>
        <coordinates>-70.133336,-26.342237,0</coordinates>
      </Point>
    </Placemark>

    <Placemark>
      <name>Planta de Concentración Magnética Guangda</name>
      <description>
<![CDATA[
<div style="font-family:Segoe UI,Arial,sans-serif;font-size:13px;">
  <h2 style="margin:0;color:#1e3a8a;">Planta de Concentración Magnética Guangda</h2>
  <table style="border-collapse:collapse;margin-top:6px;">
    <tr><td><b>Tipo presentación:</b></td><td>DIA</td></tr>
    <tr><td><b>Estado:</b></td><td>No Admitido a Tramitación</td></tr>
    <tr><td><b>Sector:</b></td><td>Minería</td></tr>
    <tr><td><b>Titular:</b></td><td>Explotadora Minera del Cerro S.A</td></tr>
    <tr><td><b>Inversión:</b></td><td>2.9 MMU$</td></tr>
    <tr><td><b>Región / Comuna:</b></td><td>Región de Atacama / Tierra Amarilla</td></tr>
    <tr><td><b>Fecha ingreso:</b></td><td></td></tr>
    <tr><td><b>Fecha calificación:</b></td><td>2013-04-19</td></tr>
    <tr><td><b>Lat/Long:</b></td><td>-27.717825, -70.189132</td></tr>
    <tr><td><b>UTM 19S:</b></td><td>382774 E / 6933489 N</td></tr>
  </table>
</div>
]]>
</description>
      <Point>
        <coordinates>-70.189132,-27.717825,0</coordinates>
      </Point>
    </Placemark>

    <Placemark>
      <name>Planta de Concentración Magnética Guangda</name>
      <description>
<![CDATA[
<div style="font-family:Segoe UI,Arial,sans-serif;font-size:13px;">
  <h2 style="margin:0;color:#1e3a8a;">Planta de Concentración Magnética Guangda</h2>
  <table style="border-collapse:collapse;margin-top:6px;">
    <tr><td><b>Tipo presentación:</b></td><td>DIA</td></tr>
    <tr><td><b>Estado:</b></td><td>No Admitido a Tramitación</td></tr>
    <tr><td><b>Sector:</b></td><td>Minería</td></tr>
    <tr><td><b>Titular:</b></td><td>Sociedad Minera Guang Da Atacama Ltda.</td></tr>
    <tr><td><b>Inversión:</b></td><td>2.0 MMU$</td></tr>
    <tr><td><b>Región / Comuna:</b></td><td>Región de Atacama / Tierra Amarilla</td></tr>
    <tr><td><b>Fecha ingreso:</b></td><td></td></tr>
    <tr><td><b>Fecha calificación:</b></td><td>2013-03-22</td></tr>
    <tr><td><b>Lat/Long:</b></td><td>-27.717825, -70.189137</td></tr>
    <tr><td><b>UTM 19S:</b></td><td>382773 E / 6933489 N</td></tr>
  </table>
</div>
]]>
</description>
      <Point>
        <coordinates>-70.189137,-27.717825,0</coordinates>
      </Point>
    </Placemark>

    <Placemark>
      <name>Peraltamiento Muro de Arenas Tranque N°3</name>
      <description>
<![CDATA[
<div style="font-family:Segoe UI,Arial,sans-serif;font-size:13px;">
  <h2 style="margin:0;color:#1e3a8a;">Peraltamiento Muro de Arenas Tranque N°3</h2>
  <table style="border-collapse:collapse;margin-top:6px;">
    <tr><td><b>Tipo presentación:</b></td><td>DIA</td></tr>
    <tr><td><b>Estado:</b></td><td>No Admitido a Tramitación</td></tr>
    <tr><td><b>Sector:</b></td><td>Minería</td></tr>
    <tr><td><b>Titular:</b></td><td>Compañía Exploradora y Explotadora Minera Chilena Rumana COEMIN S.A.</td></tr>
    <tr><td><b>Inversión:</b></td><td>2.0 MMU$</td></tr>
    <tr><td><b>Región / Comuna:</b></td><td>Región de Atacama / Tierra Amarilla</td></tr>
    <tr><td><b>Fecha ingreso:</b></td><td></td></tr>
    <tr><td><b>Fecha calificación:</b></td><td>2013-03-14</td></tr>
    <tr><td><b>Lat/Long:</b></td><td>-27.571678, -70.239957</td></tr>
    <tr><td><b>UTM 19S:</b></td><td>377600 E / 6949630 N</td></tr>
  </table>
</div>
]]>
</description>
      <Point>
        <coordinates>-70.239957,-27.571678,0</coordinates>
      </Point>
    </Placemark>

    <Placemark>
      <name>Explotación y procesamiento de minerales de hierro, Soberana</name>
      <description>
<![CDATA[
<div style="font-family:Segoe UI,Arial,sans-serif;font-size:13px;">
  <h2 style="margin:0;color:#1e3a8a;">Explotación y procesamiento de minerales de hierro, Soberana</h2>
  <table style="border-collapse:collapse;margin-top:6px;">
    <tr><td><b>Tipo presentación:</b></td><td>DIA</td></tr>
    <tr><td><b>Estado:</b></td><td>No Admitido a Tramitación</td></tr>
    <tr><td><b>Sector:</b></td><td>Minería</td></tr>
    <tr><td><b>Titular:</b></td><td>Admiralty Minerals Chile PTI LTD Agencia en Chile</td></tr>
    <tr><td><b>Inversión:</b></td><td>7.3 MMU$</td></tr>
    <tr><td><b>Región / Comuna:</b></td><td>Región de Atacama / Vallenar</td></tr>
    <tr><td><b>Fecha ingreso:</b></td><td></td></tr>
    <tr><td><b>Fecha calificación:</b></td><td>2013-02-28</td></tr>
    <tr><td><b>Lat/Long:</b></td><td>-28.722093, -70.838158</td></tr>
    <tr><td><b>UTM 19S:</b></td><td>320470 E / 6821419 N</td></tr>
  </table>
</div>
]]>
</description>
      <Point>
        <coordinates>-70.838158,-28.722093,0</coordinates>
      </Point>
    </Placemark>

    <Placemark>
      <name>Continuidad Operacional Mantoverde</name>
      <description>
<![CDATA[
<div style="font-family:Segoe UI,Arial,sans-serif;font-size:13px;">
  <h2 style="margin:0;color:#1e3a8a;">Continuidad Operacional Mantoverde</h2>
  <table style="border-collapse:collapse;margin-top:6px;">
    <tr><td><b>Tipo presentación:</b></td><td>DIA</td></tr>
    <tr><td><b>Estado:</b></td><td>No Admitido a Tramitación</td></tr>
    <tr><td><b>Sector:</b></td><td>Minería</td></tr>
    <tr><td><b>Titular:</b></td><td>Mantos Copper S.A.</td></tr>
    <tr><td><b>Inversión:</b></td><td>0.03 MMU$</td></tr>
    <tr><td><b>Región / Comuna:</b></td><td>Región de Atacama / Chañaral</td></tr>
    <tr><td><b>Fecha ingreso:</b></td><td></td></tr>
    <tr><td><b>Fecha calificación:</b></td><td>2013-03-04</td></tr>
    <tr><td><b>Lat/Long:</b></td><td>-26.565044, -70.328108</td></tr>
    <tr><td><b>UTM 19S:</b></td><td>367721 E / 7061053 N</td></tr>
  </table>
</div>
]]>
</description>
      <Point>
        <coordinates>-70.328108,-26.565044,0</coordinates>
      </Point>
    </Placemark>

    <Placemark>
      <name>MINA DE HIERRO ESPERANZA III</name>
      <description>
<![CDATA[
<div style="font-family:Segoe UI,Arial,sans-serif;font-size:13px;">
  <h2 style="margin:0;color:#1e3a8a;">MINA DE HIERRO ESPERANZA III</h2>
  <table style="border-collapse:collapse;margin-top:6px;">
    <tr><td><b>Tipo presentación:</b></td><td>DIA</td></tr>
    <tr><td><b>Estado:</b></td><td>No Admitido a Tramitación</td></tr>
    <tr><td><b>Sector:</b></td><td>Minería</td></tr>
    <tr><td><b>Titular:</b></td><td>SOCIEDAD EXPLOTACION MINERA SINCUI INTERNATIONAL LIMITADA</td></tr>
    <tr><td><b>Inversión:</b></td><td>3.0 MMU$</td></tr>
    <tr><td><b>Región / Comuna:</b></td><td>Región de Atacama / Copiapó</td></tr>
    <tr><td><b>Fecha ingreso:</b></td><td></td></tr>
    <tr><td><b>Fecha calificación:</b></td><td>2013-02-22</td></tr>
    <tr><td><b>Lat/Long:</b></td><td>-27.254957, -70.663812</td></tr>
    <tr><td><b>UTM 19S:</b></td><td>335285 E / 6984230 N</td></tr>
  </table>
</div>
]]>
</description>
      <Point>
        <coordinates>-70.663812,-27.254957,0</coordinates>
      </Point>
    </Placemark>

    <Placemark>
      <name>Explotación y procesamiento de minerales de hierro, Soberana</name>
      <description>
<![CDATA[
<div style="font-family:Segoe UI,Arial,sans-serif;font-size:13px;">
  <h2 style="margin:0;color:#1e3a8a;">Explotación y procesamiento de minerales de hierro, Soberana</h2>
  <table style="border-collapse:collapse;margin-top:6px;">
    <tr><td><b>Tipo presentación:</b></td><td>DIA</td></tr>
    <tr><td><b>Estado:</b></td><td>No Admitido a Tramitación</td></tr>
    <tr><td><b>Sector:</b></td><td>Minería</td></tr>
    <tr><td><b>Titular:</b></td><td> Claudio Ferrada Vargas</td></tr>
    <tr><td><b>Inversión:</b></td><td>7.3 MMU$</td></tr>
    <tr><td><b>Región / Comuna:</b></td><td>Región de Atacama / Vallenar</td></tr>
    <tr><td><b>Fecha ingreso:</b></td><td></td></tr>
    <tr><td><b>Fecha calificación:</b></td><td>2013-02-18</td></tr>
    <tr><td><b>Lat/Long:</b></td><td>-28.722086, -70.838158</td></tr>
    <tr><td><b>UTM 19S:</b></td><td>320470 E / 6821420 N</td></tr>
  </table>
</div>
]]>
</description>
      <Point>
        <coordinates>-70.838158,-28.722086,0</coordinates>
      </Point>
    </Placemark>

    <Placemark>
      <name>Producción y Comercialización de Mineral de Hierro Mina Teatinos</name>
      <description>
<![CDATA[
<div style="font-family:Segoe UI,Arial,sans-serif;font-size:13px;">
  <h2 style="margin:0;color:#1e3a8a;">Producción y Comercialización de Mineral de Hierro Mina Teatinos</h2>
  <table style="border-collapse:collapse;margin-top:6px;">
    <tr><td><b>Tipo presentación:</b></td><td>DIA</td></tr>
    <tr><td><b>Estado:</b></td><td>No Admitido a Tramitación</td></tr>
    <tr><td><b>Sector:</b></td><td>Minería</td></tr>
    <tr><td><b>Titular:</b></td><td>CHAW AUSTRAL S.A.</td></tr>
    <tr><td><b>Inversión:</b></td><td>8.0 MMU$</td></tr>
    <tr><td><b>Región / Comuna:</b></td><td>Región de Atacama / Vallenar-Huasco</td></tr>
    <tr><td><b>Fecha ingreso:</b></td><td></td></tr>
    <tr><td><b>Fecha calificación:</b></td><td>2012-11-07</td></tr>
    <tr><td><b>Lat/Long:</b></td><td>-28.840959, -70.826635</td></tr>
    <tr><td><b>UTM 19S:</b></td><td>321798 E / 6808264 N</td></tr>
  </table>
</div>
]]>
</description>
      <Point>
        <coordinates>-70.826635,-28.840959,0</coordinates>
      </Point>
    </Placemark>

    <Placemark>
      <name>Extracción de mineral de hierro, Mina Molle F</name>
      <description>
<![CDATA[
<div style="font-family:Segoe UI,Arial,sans-serif;font-size:13px;">
  <h2 style="margin:0;color:#1e3a8a;">Extracción de mineral de hierro, Mina Molle F</h2>
  <table style="border-collapse:collapse;margin-top:6px;">
    <tr><td><b>Tipo presentación:</b></td><td>DIA</td></tr>
    <tr><td><b>Estado:</b></td><td>No Admitido a Tramitación</td></tr>
    <tr><td><b>Sector:</b></td><td>Minería</td></tr>
    <tr><td><b>Titular:</b></td><td>Sociedad Facaz Minera Valle Hermoso</td></tr>
    <tr><td><b>Inversión:</b></td><td>0.2 MMU$</td></tr>
    <tr><td><b>Región / Comuna:</b></td><td>Región de Atacama / Vallenar</td></tr>
    <tr><td><b>Fecha ingreso:</b></td><td></td></tr>
    <tr><td><b>Fecha calificación:</b></td><td>2012-08-14</td></tr>
    <tr><td><b>Lat/Long:</b></td><td>-29.263751, -71.079292</td></tr>
    <tr><td><b>UTM 19S:</b></td><td>297970 E / 6761000 N</td></tr>
  </table>
</div>
]]>
</description>
      <Point>
        <coordinates>-71.079292,-29.263751,0</coordinates>
      </Point>
    </Placemark>

    <Placemark>
      <name>Explotación Mina Bella Ester</name>
      <description>
<![CDATA[
<div style="font-family:Segoe UI,Arial,sans-serif;font-size:13px;">
  <h2 style="margin:0;color:#1e3a8a;">Explotación Mina Bella Ester</h2>
  <table style="border-collapse:collapse;margin-top:6px;">
    <tr><td><b>Tipo presentación:</b></td><td>DIA</td></tr>
    <tr><td><b>Estado:</b></td><td>No Admitido a Tramitación</td></tr>
    <tr><td><b>Sector:</b></td><td>Minería</td></tr>
    <tr><td><b>Titular:</b></td><td>Sociedad Contractual Minera Desierto de Hierro</td></tr>
    <tr><td><b>Inversión:</b></td><td>13.0 MMU$</td></tr>
    <tr><td><b>Región / Comuna:</b></td><td>Región de Atacama / Copiapó</td></tr>
    <tr><td><b>Fecha ingreso:</b></td><td></td></tr>
    <tr><td><b>Fecha calificación:</b></td><td>2012-08-10</td></tr>
    <tr><td><b>Lat/Long:</b></td><td>-26.897204, -70.207508</td></tr>
    <tr><td><b>UTM 19S:</b></td><td>380083 E / 7024379 N</td></tr>
  </table>
</div>
]]>
</description>
      <Point>
        <coordinates>-70.207508,-26.897204,0</coordinates>
      </Point>
    </Placemark>

    <Placemark>
      <name>Explotación Mina Bella Ester</name>
      <description>
<![CDATA[
<div style="font-family:Segoe UI,Arial,sans-serif;font-size:13px;">
  <h2 style="margin:0;color:#1e3a8a;">Explotación Mina Bella Ester</h2>
  <table style="border-collapse:collapse;margin-top:6px;">
    <tr><td><b>Tipo presentación:</b></td><td>DIA</td></tr>
    <tr><td><b>Estado:</b></td><td>No Admitido a Tramitación</td></tr>
    <tr><td><b>Sector:</b></td><td>Minería</td></tr>
    <tr><td><b>Titular:</b></td><td>Sociedad Contractual Minera Desierto de Hierro</td></tr>
    <tr><td><b>Inversión:</b></td><td>13.0 MMU$</td></tr>
    <tr><td><b>Región / Comuna:</b></td><td>Región de Atacama / Copiapó</td></tr>
    <tr><td><b>Fecha ingreso:</b></td><td></td></tr>
    <tr><td><b>Fecha calificación:</b></td><td>2012-07-10</td></tr>
    <tr><td><b>Lat/Long:</b></td><td>-26.896929, -70.207493</td></tr>
    <tr><td><b>UTM 19S:</b></td><td>380084 E / 7024409 N</td></tr>
  </table>
</div>
]]>
</description>
      <Point>
        <coordinates>-70.207493,-26.896929,0</coordinates>
      </Point>
    </Placemark>

    <Placemark>
      <name>Prospeccion Mina Chago Mario</name>
      <description>
<![CDATA[
<div style="font-family:Segoe UI,Arial,sans-serif;font-size:13px;">
  <h2 style="margin:0;color:#1e3a8a;">Prospeccion Mina Chago Mario</h2>
  <table style="border-collapse:collapse;margin-top:6px;">
    <tr><td><b>Tipo presentación:</b></td><td>DIA</td></tr>
    <tr><td><b>Estado:</b></td><td>No Admitido a Tramitación</td></tr>
    <tr><td><b>Sector:</b></td><td>Minería</td></tr>
    <tr><td><b>Titular:</b></td><td> Omar Antonio Abdala Valdes</td></tr>
    <tr><td><b>Inversión:</b></td><td>10.0 MMU$</td></tr>
    <tr><td><b>Región / Comuna:</b></td><td>Región de Atacama / Copiapó</td></tr>
    <tr><td><b>Fecha ingreso:</b></td><td></td></tr>
    <tr><td><b>Fecha calificación:</b></td><td>2012-05-30</td></tr>
    <tr><td><b>Lat/Long:</b></td><td>-27.252427, -70.372853</td></tr>
    <tr><td><b>UTM 19S:</b></td><td>364090 E / 6984860 N</td></tr>
  </table>
</div>
]]>
</description>
      <Point>
        <coordinates>-70.372853,-27.252427,0</coordinates>
      </Point>
    </Placemark>

    <Placemark>
      <name>Proyecto Mina Salitrosa 1 al 12</name>
      <description>
<![CDATA[
<div style="font-family:Segoe UI,Arial,sans-serif;font-size:13px;">
  <h2 style="margin:0;color:#1e3a8a;">Proyecto Mina Salitrosa 1 al 12</h2>
  <table style="border-collapse:collapse;margin-top:6px;">
    <tr><td><b>Tipo presentación:</b></td><td>DIA</td></tr>
    <tr><td><b>Estado:</b></td><td>No Admitido a Tramitación</td></tr>
    <tr><td><b>Sector:</b></td><td>Minería</td></tr>
    <tr><td><b>Titular:</b></td><td>FOREIGN COMMERCE ASSESORES CHILE S.A.</td></tr>
    <tr><td><b>Inversión:</b></td><td>22.84873 MMU$</td></tr>
    <tr><td><b>Región / Comuna:</b></td><td>Región de Atacama / Chañaral</td></tr>
    <tr><td><b>Fecha ingreso:</b></td><td></td></tr>
    <tr><td><b>Fecha calificación:</b></td><td>2012-03-08</td></tr>
    <tr><td><b>Lat/Long:</b></td><td>-26.737962, -70.426024</td></tr>
    <tr><td><b>UTM 19S:</b></td><td>358182 E / 7041793 N</td></tr>
  </table>
</div>
]]>
</description>
      <Point>
        <coordinates>-70.426024,-26.737962,0</coordinates>
      </Point>
    </Placemark>

    <Placemark>
      <name>Campamento Proyecto Cerro Negro Norte</name>
      <description>
<![CDATA[
<div style="font-family:Segoe UI,Arial,sans-serif;font-size:13px;">
  <h2 style="margin:0;color:#1e3a8a;">Campamento Proyecto Cerro Negro Norte</h2>
  <table style="border-collapse:collapse;margin-top:6px;">
    <tr><td><b>Tipo presentación:</b></td><td>DIA</td></tr>
    <tr><td><b>Estado:</b></td><td>No Admitido a Tramitación</td></tr>
    <tr><td><b>Sector:</b></td><td>Minería</td></tr>
    <tr><td><b>Titular:</b></td><td>Compañía Minera del Pacífico S.A.</td></tr>
    <tr><td><b>Inversión:</b></td><td>20.0 MMU$</td></tr>
    <tr><td><b>Región / Comuna:</b></td><td>Región de Atacama / Copiapó</td></tr>
    <tr><td><b>Fecha ingreso:</b></td><td></td></tr>
    <tr><td><b>Fecha calificación:</b></td><td>2011-12-22</td></tr>
    <tr><td><b>Lat/Long:</b></td><td>-27.109535, -70.33128</td></tr>
    <tr><td><b>UTM 19S:</b></td><td>368038 E / 7000734 N</td></tr>
  </table>
</div>
]]>
</description>
      <Point>
        <coordinates>-70.33128,-27.109535,0</coordinates>
      </Point>
    </Placemark>

    <Placemark>
      <name>Campaña de Sondajes - Proyecto Potrero</name>
      <description>
<![CDATA[
<div style="font-family:Segoe UI,Arial,sans-serif;font-size:13px;">
  <h2 style="margin:0;color:#1e3a8a;">Campaña de Sondajes - Proyecto Potrero</h2>
  <table style="border-collapse:collapse;margin-top:6px;">
    <tr><td><b>Tipo presentación:</b></td><td>DIA</td></tr>
    <tr><td><b>Estado:</b></td><td>No Admitido a Tramitación</td></tr>
    <tr><td><b>Sector:</b></td><td>Minería</td></tr>
    <tr><td><b>Titular:</b></td><td> Maria Esther Weinstein Steinmann</td></tr>
    <tr><td><b>Inversión:</b></td><td>0.5 MMU$</td></tr>
    <tr><td><b>Región / Comuna:</b></td><td>Región de Atacama / Diego de Almagro</td></tr>
    <tr><td><b>Fecha ingreso:</b></td><td></td></tr>
    <tr><td><b>Fecha calificación:</b></td><td>2011-12-15</td></tr>
    <tr><td><b>Lat/Long:</b></td><td>-26.607634, -69.236045</td></tr>
    <tr><td><b>UTM 19S:</b></td><td>476500 E / 7057000 N</td></tr>
  </table>
</div>
]]>
</description>
      <Point>
        <coordinates>-69.236045,-26.607634,0</coordinates>
      </Point>
    </Placemark>

    <Placemark>
      <name>AUMENTO DE CAPACIDAD DEL TRANQUE DE RELAVES EL GATO DE LA SCM ATACAMA KOZAN</name>
      <description>
<![CDATA[
<div style="font-family:Segoe UI,Arial,sans-serif;font-size:13px;">
  <h2 style="margin:0;color:#1e3a8a;">AUMENTO DE CAPACIDAD DEL TRANQUE DE RELAVES EL GATO DE LA SCM ATACAMA KOZAN</h2>
  <table style="border-collapse:collapse;margin-top:6px;">
    <tr><td><b>Tipo presentación:</b></td><td>DIA</td></tr>
    <tr><td><b>Estado:</b></td><td>No Admitido a Tramitación</td></tr>
    <tr><td><b>Sector:</b></td><td>Minería</td></tr>
    <tr><td><b>Titular:</b></td><td>Sociedad Contractual Minera Atacama Kozan</td></tr>
    <tr><td><b>Inversión:</b></td><td>0.83 MMU$</td></tr>
    <tr><td><b>Región / Comuna:</b></td><td>Región de Atacama / Copiapó</td></tr>
    <tr><td><b>Fecha ingreso:</b></td><td></td></tr>
    <tr><td><b>Fecha calificación:</b></td><td>2011-10-18</td></tr>
    <tr><td><b>Lat/Long:</b></td><td>-27.383506, -70.262716</td></tr>
    <tr><td><b>UTM 19S:</b></td><td>375141 E / 6970454 N</td></tr>
  </table>
</div>
]]>
</description>
      <Point>
        <coordinates>-70.262716,-27.383506,0</coordinates>
      </Point>
    </Placemark>

    <Placemark>
      <name>Proyecto Mina Triunfo</name>
      <description>
<![CDATA[
<div style="font-family:Segoe UI,Arial,sans-serif;font-size:13px;">
  <h2 style="margin:0;color:#1e3a8a;">Proyecto Mina Triunfo</h2>
  <table style="border-collapse:collapse;margin-top:6px;">
    <tr><td><b>Tipo presentación:</b></td><td>DIA</td></tr>
    <tr><td><b>Estado:</b></td><td>No Admitido a Tramitación</td></tr>
    <tr><td><b>Sector:</b></td><td>Minería</td></tr>
    <tr><td><b>Titular:</b></td><td>SOCIEDAD PUNTA DEL COBRE S.A.</td></tr>
    <tr><td><b>Inversión:</b></td><td>1.0 MMU$</td></tr>
    <tr><td><b>Región / Comuna:</b></td><td>Región de Atacama / Diego de Almagro</td></tr>
    <tr><td><b>Fecha ingreso:</b></td><td></td></tr>
    <tr><td><b>Fecha calificación:</b></td><td>2011-10-12</td></tr>
    <tr><td><b>Lat/Long:</b></td><td>-27.069599, -69.987293</td></tr>
    <tr><td><b>UTM 19S:</b></td><td>402103 E / 7005472 N</td></tr>
  </table>
</div>
]]>
</description>
      <Point>
        <coordinates>-69.987293,-27.069599,0</coordinates>
      </Point>
    </Placemark>

    <Placemark>
      <name>Proyecto de Explotación de Arenas Ferrosas: Don Fito</name>
      <description>
<![CDATA[
<div style="font-family:Segoe UI,Arial,sans-serif;font-size:13px;">
  <h2 style="margin:0;color:#1e3a8a;">Proyecto de Explotación de Arenas Ferrosas: Don Fito</h2>
  <table style="border-collapse:collapse;margin-top:6px;">
    <tr><td><b>Tipo presentación:</b></td><td>DIA</td></tr>
    <tr><td><b>Estado:</b></td><td>No Admitido a Tramitación</td></tr>
    <tr><td><b>Sector:</b></td><td>Minería</td></tr>
    <tr><td><b>Titular:</b></td><td>Sociedad Atacama Desert Minerals S.A.</td></tr>
    <tr><td><b>Inversión:</b></td><td>1.5 MMU$</td></tr>
    <tr><td><b>Región / Comuna:</b></td><td>Región de Atacama / Copiapó</td></tr>
    <tr><td><b>Fecha ingreso:</b></td><td></td></tr>
    <tr><td><b>Fecha calificación:</b></td><td>2011-07-11</td></tr>
    <tr><td><b>Lat/Long:</b></td><td>-27.547848, -70.751096</td></tr>
    <tr><td><b>UTM 19S:</b></td><td>327099 E / 6951661 N</td></tr>
  </table>
</div>
]]>
</description>
      <Point>
        <coordinates>-70.751096,-27.547848,0</coordinates>
      </Point>
    </Placemark>

    <Placemark>
      <name>Disposición y Lixiviación Secundaria de Ripios Frescos</name>
      <description>
<![CDATA[
<div style="font-family:Segoe UI,Arial,sans-serif;font-size:13px;">
  <h2 style="margin:0;color:#1e3a8a;">Disposición y Lixiviación Secundaria de Ripios Frescos</h2>
  <table style="border-collapse:collapse;margin-top:6px;">
    <tr><td><b>Tipo presentación:</b></td><td>DIA</td></tr>
    <tr><td><b>Estado:</b></td><td>No Admitido a Tramitación</td></tr>
    <tr><td><b>Sector:</b></td><td>Minería</td></tr>
    <tr><td><b>Titular:</b></td><td>Codelco Chile División Salvador</td></tr>
    <tr><td><b>Inversión:</b></td><td>8.0 MMU$</td></tr>
    <tr><td><b>Región / Comuna:</b></td><td>Región de Atacama / Diego de Almagro</td></tr>
    <tr><td><b>Fecha ingreso:</b></td><td></td></tr>
    <tr><td><b>Fecha calificación:</b></td><td>2011-06-30</td></tr>
    <tr><td><b>Lat/Long:</b></td><td>-26.227766, -69.572068</td></tr>
    <tr><td><b>UTM 19S:</b></td><td>442859 E / 7098966 N</td></tr>
  </table>
</div>
]]>
</description>
      <Point>
        <coordinates>-69.572068,-26.227766,0</coordinates>
      </Point>
    </Placemark>

    <Placemark>
      <name>V ETAPA DEPÓSITO DE RELAVES PAMPA AUSTRAL</name>
      <description>
<![CDATA[
<div style="font-family:Segoe UI,Arial,sans-serif;font-size:13px;">
  <h2 style="margin:0;color:#1e3a8a;">V ETAPA DEPÓSITO DE RELAVES PAMPA AUSTRAL</h2>
  <table style="border-collapse:collapse;margin-top:6px;">
    <tr><td><b>Tipo presentación:</b></td><td>DIA</td></tr>
    <tr><td><b>Estado:</b></td><td>No Admitido a Tramitación</td></tr>
    <tr><td><b>Sector:</b></td><td>Minería</td></tr>
    <tr><td><b>Titular:</b></td><td>Codelco Chile División Salvador</td></tr>
    <tr><td><b>Inversión:</b></td><td>6.0 MMU$</td></tr>
    <tr><td><b>Región / Comuna:</b></td><td>Región de Atacama / Diego de Almagro</td></tr>
    <tr><td><b>Fecha ingreso:</b></td><td></td></tr>
    <tr><td><b>Fecha calificación:</b></td><td>2011-06-01</td></tr>
    <tr><td><b>Lat/Long:</b></td><td>-26.26409, -70.093352</td></tr>
    <tr><td><b>UTM 19S:</b></td><td>390822 E / 7094608 N</td></tr>
  </table>
</div>
]]>
</description>
      <Point>
        <coordinates>-70.093352,-26.26409,0</coordinates>
      </Point>
    </Placemark>

    <Placemark>
      <name>Proyecto de explotación de óxido de cobre en Mina Rafael</name>
      <description>
<![CDATA[
<div style="font-family:Segoe UI,Arial,sans-serif;font-size:13px;">
  <h2 style="margin:0;color:#1e3a8a;">Proyecto de explotación de óxido de cobre en Mina Rafael</h2>
  <table style="border-collapse:collapse;margin-top:6px;">
    <tr><td><b>Tipo presentación:</b></td><td>DIA</td></tr>
    <tr><td><b>Estado:</b></td><td>No Admitido a Tramitación</td></tr>
    <tr><td><b>Sector:</b></td><td>Minería</td></tr>
    <tr><td><b>Titular:</b></td><td> Manlio Pacheco Ordenes</td></tr>
    <tr><td><b>Inversión:</b></td><td>10.0 MMU$</td></tr>
    <tr><td><b>Región / Comuna:</b></td><td>Región de Atacama / Copiapó</td></tr>
    <tr><td><b>Fecha ingreso:</b></td><td></td></tr>
    <tr><td><b>Fecha calificación:</b></td><td>2011-05-20</td></tr>
    <tr><td><b>Lat/Long:</b></td><td>-27.485249, -70.339371</td></tr>
    <tr><td><b>UTM 19S:</b></td><td>367682 E / 6959103 N</td></tr>
  </table>
</div>
]]>
</description>
      <Point>
        <coordinates>-70.339371,-27.485249,0</coordinates>
      </Point>
    </Placemark>

    <Placemark>
      <name>Deposito de Relaves Espesados Planta Vallenar</name>
      <description>
<![CDATA[
<div style="font-family:Segoe UI,Arial,sans-serif;font-size:13px;">
  <h2 style="margin:0;color:#1e3a8a;">Deposito de Relaves Espesados Planta Vallenar</h2>
  <table style="border-collapse:collapse;margin-top:6px;">
    <tr><td><b>Tipo presentación:</b></td><td>DIA</td></tr>
    <tr><td><b>Estado:</b></td><td>No Admitido a Tramitación</td></tr>
    <tr><td><b>Sector:</b></td><td>Minería</td></tr>
    <tr><td><b>Titular:</b></td><td>Empresa Nacional de Minería</td></tr>
    <tr><td><b>Inversión:</b></td><td>9.723721 MMU$</td></tr>
    <tr><td><b>Región / Comuna:</b></td><td>Región de Atacama / Vallenar</td></tr>
    <tr><td><b>Fecha ingreso:</b></td><td></td></tr>
    <tr><td><b>Fecha calificación:</b></td><td>2011-02-11</td></tr>
    <tr><td><b>Lat/Long:</b></td><td>-28.556149, -70.744885</td></tr>
    <tr><td><b>UTM 19S:</b></td><td>329313 E / 6839945 N</td></tr>
  </table>
</div>
]]>
</description>
      <Point>
        <coordinates>-70.744885,-28.556149,0</coordinates>
      </Point>
    </Placemark>

    <Placemark>
      <name>Cancha de Acopio para Mineral de Hierro y Embarque por Puerto Caldera</name>
      <description>
<![CDATA[
<div style="font-family:Segoe UI,Arial,sans-serif;font-size:13px;">
  <h2 style="margin:0;color:#1e3a8a;">Cancha de Acopio para Mineral de Hierro y Embarque por Puerto Caldera</h2>
  <table style="border-collapse:collapse;margin-top:6px;">
    <tr><td><b>Tipo presentación:</b></td><td>DIA</td></tr>
    <tr><td><b>Estado:</b></td><td>No Admitido a Tramitación</td></tr>
    <tr><td><b>Sector:</b></td><td>Minería</td></tr>
    <tr><td><b>Titular:</b></td><td> Héctor Germán González Navarro</td></tr>
    <tr><td><b>Inversión:</b></td><td>0.3 MMU$</td></tr>
    <tr><td><b>Región / Comuna:</b></td><td>Región de Atacama / Caldera</td></tr>
    <tr><td><b>Fecha ingreso:</b></td><td></td></tr>
    <tr><td><b>Fecha calificación:</b></td><td>2011-02-11</td></tr>
    <tr><td><b>Lat/Long:</b></td><td>-27.095743, -70.770349</td></tr>
    <tr><td><b>UTM 19S:</b></td><td>324487 E / 7001725 N</td></tr>
  </table>
</div>
]]>
</description>
      <Point>
        <coordinates>-70.770349,-27.095743,0</coordinates>
      </Point>
    </Placemark>

    <Placemark>
      <name>SISTEMA DE EXPLOTACIÓN DE MINERALES DE HIERRO Y  COBRE DE MINA OSORNINA, COPIAPÓ - CHILE".</name>
      <description>
<![CDATA[
<div style="font-family:Segoe UI,Arial,sans-serif;font-size:13px;">
  <h2 style="margin:0;color:#1e3a8a;">SISTEMA DE EXPLOTACIÓN DE MINERALES DE HIERRO Y  COBRE DE MINA OSORNINA, COPIAPÓ - CHILE".</h2>
  <table style="border-collapse:collapse;margin-top:6px;">
    <tr><td><b>Tipo presentación:</b></td><td>DIA</td></tr>
    <tr><td><b>Estado:</b></td><td>No Admitido a Tramitación</td></tr>
    <tr><td><b>Sector:</b></td><td>Minería</td></tr>
    <tr><td><b>Titular:</b></td><td>CCA CHILE INVERSIÓN Y DESARROLLO MINERO S.A.</td></tr>
    <tr><td><b>Inversión:</b></td><td>4.52 MMU$</td></tr>
    <tr><td><b>Región / Comuna:</b></td><td>Región de Atacama / Copiapó</td></tr>
    <tr><td><b>Fecha ingreso:</b></td><td></td></tr>
    <tr><td><b>Fecha calificación:</b></td><td>2010-11-24</td></tr>
    <tr><td><b>Lat/Long:</b></td><td>-27.633839, -70.61475</td></tr>
    <tr><td><b>UTM 19S:</b></td><td>340688 E / 6942317 N</td></tr>
  </table>
</div>
]]>
</description>
      <Point>
        <coordinates>-70.61475,-27.633839,0</coordinates>
      </Point>
    </Placemark>

    <Placemark>
      <name>SISTEMA DE EXPLOTACIÓN DE MINERALES DE HIERRO Y COBRE DE MINA OSORNINA, COPIAPÓ- CHILE SISTEMA DE EXPLOTACIÓN DE MINERALES DE HIERRO Y CO</name>
      <description>
<![CDATA[
<div style="font-family:Segoe UI,Arial,sans-serif;font-size:13px;">
  <h2 style="margin:0;color:#1e3a8a;">SISTEMA DE EXPLOTACIÓN DE MINERALES DE HIERRO Y COBRE DE MINA OSORNINA, COPIAPÓ- CHILE SISTEMA DE EXPLOTACIÓN DE MINERALES DE HIERRO Y CO</h2>
  <table style="border-collapse:collapse;margin-top:6px;">
    <tr><td><b>Tipo presentación:</b></td><td>DIA</td></tr>
    <tr><td><b>Estado:</b></td><td>No Admitido a Tramitación</td></tr>
    <tr><td><b>Sector:</b></td><td>Minería</td></tr>
    <tr><td><b>Titular:</b></td><td>CCA CHILE INVERSIÓN Y DESARROLLO MINERO S.A.</td></tr>
    <tr><td><b>Inversión:</b></td><td>4.52 MMU$</td></tr>
    <tr><td><b>Región / Comuna:</b></td><td>Región de Atacama / Copiapó</td></tr>
    <tr><td><b>Fecha ingreso:</b></td><td></td></tr>
    <tr><td><b>Fecha calificación:</b></td><td>2010-11-03</td></tr>
    <tr><td><b>Lat/Long:</b></td><td>-27.633877, -70.614728</td></tr>
    <tr><td><b>UTM 19S:</b></td><td>340690 E / 6942312 N</td></tr>
  </table>
</div>
]]>
</description>
      <Point>
        <coordinates>-70.614728,-27.633877,0</coordinates>
      </Point>
    </Placemark>

    <Placemark>
      <name>Modificación Proyecto Bellavista Fase I</name>
      <description>
<![CDATA[
<div style="font-family:Segoe UI,Arial,sans-serif;font-size:13px;">
  <h2 style="margin:0;color:#1e3a8a;">Modificación Proyecto Bellavista Fase I</h2>
  <table style="border-collapse:collapse;margin-top:6px;">
    <tr><td><b>Tipo presentación:</b></td><td>DIA</td></tr>
    <tr><td><b>Estado:</b></td><td>No Admitido a Tramitación</td></tr>
    <tr><td><b>Sector:</b></td><td>Minería</td></tr>
    <tr><td><b>Titular:</b></td><td>Santa Fe Mining</td></tr>
    <tr><td><b>Inversión:</b></td><td>142.6 MMU$</td></tr>
    <tr><td><b>Región / Comuna:</b></td><td>Región de Atacama / Caldera-Copiapó</td></tr>
    <tr><td><b>Fecha ingreso:</b></td><td></td></tr>
    <tr><td><b>Fecha calificación:</b></td><td>2010-10-25</td></tr>
    <tr><td><b>Lat/Long:</b></td><td>-27.257749, -70.391503</td></tr>
    <tr><td><b>UTM 19S:</b></td><td>362250 E / 6984250 N</td></tr>
  </table>
</div>
]]>
</description>
      <Point>
        <coordinates>-70.391503,-27.257749,0</coordinates>
      </Point>
    </Placemark>

    <Placemark>
      <name>Recuperación de Mineral de HIerro Contenido en Rechazos de Planta de Beneficio Los Colorados</name>
      <description>
<![CDATA[
<div style="font-family:Segoe UI,Arial,sans-serif;font-size:13px;">
  <h2 style="margin:0;color:#1e3a8a;">Recuperación de Mineral de HIerro Contenido en Rechazos de Planta de Beneficio Los Colorados</h2>
  <table style="border-collapse:collapse;margin-top:6px;">
    <tr><td><b>Tipo presentación:</b></td><td>DIA</td></tr>
    <tr><td><b>Estado:</b></td><td>No Admitido a Tramitación</td></tr>
    <tr><td><b>Sector:</b></td><td>Minería</td></tr>
    <tr><td><b>Titular:</b></td><td>Compañía Minera del Pacífico S.A.</td></tr>
    <tr><td><b>Inversión:</b></td><td>7.6e-05 MMU$</td></tr>
    <tr><td><b>Región / Comuna:</b></td><td>Región de Atacama / Huasco</td></tr>
    <tr><td><b>Fecha ingreso:</b></td><td></td></tr>
    <tr><td><b>Fecha calificación:</b></td><td>2010-07-30</td></tr>
    <tr><td><b>Lat/Long:</b></td><td>-28.285447, -70.816576</td></tr>
    <tr><td><b>UTM 19S:</b></td><td>321846 E / 6869838 N</td></tr>
  </table>
</div>
]]>
</description>
      <Point>
        <coordinates>-70.816576,-28.285447,0</coordinates>
      </Point>
    </Placemark>

    <Placemark>
      <name>Aprovechamiento de Acopios de Minerales de Hierro Adrianitas-Raúl</name>
      <description>
<![CDATA[
<div style="font-family:Segoe UI,Arial,sans-serif;font-size:13px;">
  <h2 style="margin:0;color:#1e3a8a;">Aprovechamiento de Acopios de Minerales de Hierro Adrianitas-Raúl</h2>
  <table style="border-collapse:collapse;margin-top:6px;">
    <tr><td><b>Tipo presentación:</b></td><td>DIA</td></tr>
    <tr><td><b>Estado:</b></td><td>No Admitido a Tramitación</td></tr>
    <tr><td><b>Sector:</b></td><td>Minería</td></tr>
    <tr><td><b>Titular:</b></td><td>Compañía Minera del Pacífico S.A.</td></tr>
    <tr><td><b>Inversión:</b></td><td>8.5 MMU$</td></tr>
    <tr><td><b>Región / Comuna:</b></td><td>Región de Atacama / Copiapó</td></tr>
    <tr><td><b>Fecha ingreso:</b></td><td></td></tr>
    <tr><td><b>Fecha calificación:</b></td><td>2010-05-31</td></tr>
    <tr><td><b>Lat/Long:</b></td><td>-27.175942, -70.382619</td></tr>
    <tr><td><b>UTM 19S:</b></td><td>363030 E / 6993322 N</td></tr>
  </table>
</div>
]]>
</description>
      <Point>
        <coordinates>-70.382619,-27.175942,0</coordinates>
      </Point>
    </Placemark>

    <Placemark>
      <name>Concentración de Mineral de Hierro Global, Planta 2 096</name>
      <description>
<![CDATA[
<div style="font-family:Segoe UI,Arial,sans-serif;font-size:13px;">
  <h2 style="margin:0;color:#1e3a8a;">Concentración de Mineral de Hierro Global, Planta 2 096</h2>
  <table style="border-collapse:collapse;margin-top:6px;">
    <tr><td><b>Tipo presentación:</b></td><td>DIA</td></tr>
    <tr><td><b>Estado:</b></td><td>No Admitido a Tramitación</td></tr>
    <tr><td><b>Sector:</b></td><td>Minería</td></tr>
    <tr><td><b>Titular:</b></td><td>Global Mining Int¿l Inc Chile ltda</td></tr>
    <tr><td><b>Inversión:</b></td><td>2.7 MMU$</td></tr>
    <tr><td><b>Región / Comuna:</b></td><td>Región de Atacama / Copiapó</td></tr>
    <tr><td><b>Fecha ingreso:</b></td><td></td></tr>
    <tr><td><b>Fecha calificación:</b></td><td>2010-05-18</td></tr>
    <tr><td><b>Lat/Long:</b></td><td>-27.473468, -70.437555</td></tr>
    <tr><td><b>UTM 19S:</b></td><td>357966 E / 6960300 N</td></tr>
  </table>
</div>
]]>
</description>
      <Point>
        <coordinates>-70.437555,-27.473468,0</coordinates>
      </Point>
    </Placemark>

    <Placemark>
      <name>Concentración de Mineral de Hierro Global, Planta 2</name>
      <description>
<![CDATA[
<div style="font-family:Segoe UI,Arial,sans-serif;font-size:13px;">
  <h2 style="margin:0;color:#1e3a8a;">Concentración de Mineral de Hierro Global, Planta 2</h2>
  <table style="border-collapse:collapse;margin-top:6px;">
    <tr><td><b>Tipo presentación:</b></td><td>DIA</td></tr>
    <tr><td><b>Estado:</b></td><td>No Admitido a Tramitación</td></tr>
    <tr><td><b>Sector:</b></td><td>Minería</td></tr>
    <tr><td><b>Titular:</b></td><td>Global Mining Int¿l Inc Chile ltda</td></tr>
    <tr><td><b>Inversión:</b></td><td>2.7 MMU$</td></tr>
    <tr><td><b>Región / Comuna:</b></td><td>Región de Atacama / Copiapó</td></tr>
    <tr><td><b>Fecha ingreso:</b></td><td></td></tr>
    <tr><td><b>Fecha calificación:</b></td><td>2010-05-05</td></tr>
    <tr><td><b>Lat/Long:</b></td><td>-27.473468, -70.437555</td></tr>
    <tr><td><b>UTM 19S:</b></td><td>357966 E / 6960300 N</td></tr>
  </table>
</div>
]]>
</description>
      <Point>
        <coordinates>-70.437555,-27.473468,0</coordinates>
      </Point>
    </Placemark>

    <Placemark>
      <name>Aprovechamiento de Acopios de Minerales de Hierro Cerro Negro Norte</name>
      <description>
<![CDATA[
<div style="font-family:Segoe UI,Arial,sans-serif;font-size:13px;">
  <h2 style="margin:0;color:#1e3a8a;">Aprovechamiento de Acopios de Minerales de Hierro Cerro Negro Norte</h2>
  <table style="border-collapse:collapse;margin-top:6px;">
    <tr><td><b>Tipo presentación:</b></td><td>DIA</td></tr>
    <tr><td><b>Estado:</b></td><td>No Admitido a Tramitación</td></tr>
    <tr><td><b>Sector:</b></td><td>Minería</td></tr>
    <tr><td><b>Titular:</b></td><td>Compañía Minera del Pacífico S.A.</td></tr>
    <tr><td><b>Inversión:</b></td><td>8.5e-05 MMU$</td></tr>
    <tr><td><b>Región / Comuna:</b></td><td>Región de Atacama / Copiapó</td></tr>
    <tr><td><b>Fecha ingreso:</b></td><td></td></tr>
    <tr><td><b>Fecha calificación:</b></td><td>2010-04-07</td></tr>
    <tr><td><b>Lat/Long:</b></td><td>-27.1086, -70.344161</td></tr>
    <tr><td><b>UTM 19S:</b></td><td>366760 E / 7000824 N</td></tr>
  </table>
</div>
]]>
</description>
      <Point>
        <coordinates>-70.344161,-27.1086,0</coordinates>
      </Point>
    </Placemark>

    <Placemark>
      <name>Prospección Geológica Mina Vieja</name>
      <description>
<![CDATA[
<div style="font-family:Segoe UI,Arial,sans-serif;font-size:13px;">
  <h2 style="margin:0;color:#1e3a8a;">Prospección Geológica Mina Vieja</h2>
  <table style="border-collapse:collapse;margin-top:6px;">
    <tr><td><b>Tipo presentación:</b></td><td>DIA</td></tr>
    <tr><td><b>Estado:</b></td><td>No Admitido a Tramitación</td></tr>
    <tr><td><b>Sector:</b></td><td>Minería</td></tr>
    <tr><td><b>Titular:</b></td><td>Codelco Chile División Salvador</td></tr>
    <tr><td><b>Inversión:</b></td><td>5.0 MMU$</td></tr>
    <tr><td><b>Región / Comuna:</b></td><td>Región de Atacama / Diego de Almagro</td></tr>
    <tr><td><b>Fecha ingreso:</b></td><td></td></tr>
    <tr><td><b>Fecha calificación:</b></td><td>2010-03-24</td></tr>
    <tr><td><b>Lat/Long:</b></td><td>-26.484822, -69.434811</td></tr>
    <tr><td><b>UTM 19S:</b></td><td>456665 E / 7070550 N</td></tr>
  </table>
</div>
]]>
</description>
      <Point>
        <coordinates>-69.434811,-26.484822,0</coordinates>
      </Point>
    </Placemark>

    <Placemark>
      <name>DIA Proyecto de Prospección Minera Fortuna</name>
      <description>
<![CDATA[
<div style="font-family:Segoe UI,Arial,sans-serif;font-size:13px;">
  <h2 style="margin:0;color:#1e3a8a;">DIA Proyecto de Prospección Minera Fortuna</h2>
  <table style="border-collapse:collapse;margin-top:6px;">
    <tr><td><b>Tipo presentación:</b></td><td>DIA</td></tr>
    <tr><td><b>Estado:</b></td><td>No Admitido a Tramitación</td></tr>
    <tr><td><b>Sector:</b></td><td>Minería</td></tr>
    <tr><td><b>Titular:</b></td><td>Minera MMX de Chile S.A.</td></tr>
    <tr><td><b>Inversión:</b></td><td>11.22278 MMU$</td></tr>
    <tr><td><b>Región / Comuna:</b></td><td>Región de Atacama / Copiapó</td></tr>
    <tr><td><b>Fecha ingreso:</b></td><td></td></tr>
    <tr><td><b>Fecha calificación:</b></td><td>2010-02-25</td></tr>
    <tr><td><b>Lat/Long:</b></td><td>-27.263094, -70.408479</td></tr>
    <tr><td><b>UTM 19S:</b></td><td>360576 E / 6983639 N</td></tr>
  </table>
</div>
]]>
</description>
      <Point>
        <coordinates>-70.408479,-27.263094,0</coordinates>
      </Point>
    </Placemark>

    <Placemark>
      <name>Explotación Veta Esperanza</name>
      <description>
<![CDATA[
<div style="font-family:Segoe UI,Arial,sans-serif;font-size:13px;">
  <h2 style="margin:0;color:#1e3a8a;">Explotación Veta Esperanza</h2>
  <table style="border-collapse:collapse;margin-top:6px;">
    <tr><td><b>Tipo presentación:</b></td><td>DIA</td></tr>
    <tr><td><b>Estado:</b></td><td>No Admitido a Tramitación</td></tr>
    <tr><td><b>Sector:</b></td><td>Minería</td></tr>
    <tr><td><b>Titular:</b></td><td>Sociedad Minera Legal Esperanza Una de Sierra Áspera</td></tr>
    <tr><td><b>Inversión:</b></td><td>4.74 MMU$</td></tr>
    <tr><td><b>Región / Comuna:</b></td><td>Región de Atacama / Diego de Almagro</td></tr>
    <tr><td><b>Fecha ingreso:</b></td><td></td></tr>
    <tr><td><b>Fecha calificación:</b></td><td>2010-02-11</td></tr>
    <tr><td><b>Lat/Long:</b></td><td>-26.327192, -70.148197</td></tr>
    <tr><td><b>UTM 19S:</b></td><td>385407 E / 7087572 N</td></tr>
  </table>
</div>
]]>
</description>
      <Point>
        <coordinates>-70.148197,-26.327192,0</coordinates>
      </Point>
    </Placemark>

    <Placemark>
      <name>"Prospección Geológica Mina Vieja" (e-seia)</name>
      <description>
<![CDATA[
<div style="font-family:Segoe UI,Arial,sans-serif;font-size:13px;">
  <h2 style="margin:0;color:#1e3a8a;">"Prospección Geológica Mina Vieja" (e-seia)</h2>
  <table style="border-collapse:collapse;margin-top:6px;">
    <tr><td><b>Tipo presentación:</b></td><td>DIA</td></tr>
    <tr><td><b>Estado:</b></td><td>No Admitido a Tramitación</td></tr>
    <tr><td><b>Sector:</b></td><td>Minería</td></tr>
    <tr><td><b>Titular:</b></td><td>Codelco Chile División Salvador</td></tr>
    <tr><td><b>Inversión:</b></td><td>5.0 MMU$</td></tr>
    <tr><td><b>Región / Comuna:</b></td><td>Región de Atacama / Diego de Almagro</td></tr>
    <tr><td><b>Fecha ingreso:</b></td><td></td></tr>
    <tr><td><b>Fecha calificación:</b></td><td>2010-02-03</td></tr>
    <tr><td><b>Lat/Long:</b></td><td>-26.485422, -69.430489</td></tr>
    <tr><td><b>UTM 19S:</b></td><td>457096 E / 7070485 N</td></tr>
  </table>
</div>
]]>
</description>
      <Point>
        <coordinates>-69.430489,-26.485422,0</coordinates>
      </Point>
    </Placemark>

    <Placemark>
      <name>PROYECTO EXTRACCIÓN DE ARIDOS QUEBRADA EL ALGARROBAL PARA EL MEJORAMIENTO RUTA 5 NORTE TRAMO VALLENAR - CALDERA COMUNA DE VALLENAR (e-seia)</name>
      <description>
<![CDATA[
<div style="font-family:Segoe UI,Arial,sans-serif;font-size:13px;">
  <h2 style="margin:0;color:#1e3a8a;">PROYECTO EXTRACCIÓN DE ARIDOS QUEBRADA EL ALGARROBAL PARA EL MEJORAMIENTO RUTA 5 NORTE TRAMO VALLENAR - CALDERA COMUNA DE VALLENAR (e-seia)</h2>
  <table style="border-collapse:collapse;margin-top:6px;">
    <tr><td><b>Tipo presentación:</b></td><td>DIA</td></tr>
    <tr><td><b>Estado:</b></td><td>No Admitido a Tramitación</td></tr>
    <tr><td><b>Sector:</b></td><td>Minería</td></tr>
    <tr><td><b>Titular:</b></td><td>Sacyr Chile S.A.</td></tr>
    <tr><td><b>Inversión:</b></td><td>0.111 MMU$</td></tr>
    <tr><td><b>Región / Comuna:</b></td><td>Región de Atacama / Vallenar</td></tr>
    <tr><td><b>Fecha ingreso:</b></td><td></td></tr>
    <tr><td><b>Fecha calificación:</b></td><td>2009-07-30</td></tr>
    <tr><td><b>Lat/Long:</b></td><td>-28.135036, -70.749996</td></tr>
    <tr><td><b>UTM 19S:</b></td><td>328136 E / 6886601 N</td></tr>
  </table>
</div>
]]>
</description>
      <Point>
        <coordinates>-70.749996,-28.135036,0</coordinates>
      </Point>
    </Placemark>

    <Placemark>
      <name>METODO DE EXPLOTACION MINA JILGUERO (e-seia)</name>
      <description>
<![CDATA[
<div style="font-family:Segoe UI,Arial,sans-serif;font-size:13px;">
  <h2 style="margin:0;color:#1e3a8a;">METODO DE EXPLOTACION MINA JILGUERO (e-seia)</h2>
  <table style="border-collapse:collapse;margin-top:6px;">
    <tr><td><b>Tipo presentación:</b></td><td>DIA</td></tr>
    <tr><td><b>Estado:</b></td><td>No Admitido a Tramitación</td></tr>
    <tr><td><b>Sector:</b></td><td>Minería</td></tr>
    <tr><td><b>Titular:</b></td><td> Aliro  Hernandez Machuca</td></tr>
    <tr><td><b>Inversión:</b></td><td>2.5 MMU$</td></tr>
    <tr><td><b>Región / Comuna:</b></td><td>Región de Atacama / Tierra Amarilla-Copiapó</td></tr>
    <tr><td><b>Fecha ingreso:</b></td><td></td></tr>
    <tr><td><b>Fecha calificación:</b></td><td>2009-02-25</td></tr>
    <tr><td><b>Lat/Long:</b></td><td>-27.454096, -70.215675</td></tr>
    <tr><td><b>UTM 19S:</b></td><td>379870 E / 6962680 N</td></tr>
  </table>
</div>
]]>
</description>
      <Point>
        <coordinates>-70.215675,-27.454096,0</coordinates>
      </Point>
    </Placemark>

    <Placemark>
      <name>DECLARACION DE IMPACTO AMBIENTAL METODO DE EXPLOTACION MINA JILGUERO S.A. (e-seia)</name>
      <description>
<![CDATA[
<div style="font-family:Segoe UI,Arial,sans-serif;font-size:13px;">
  <h2 style="margin:0;color:#1e3a8a;">DECLARACION DE IMPACTO AMBIENTAL METODO DE EXPLOTACION MINA JILGUERO S.A. (e-seia)</h2>
  <table style="border-collapse:collapse;margin-top:6px;">
    <tr><td><b>Tipo presentación:</b></td><td>DIA</td></tr>
    <tr><td><b>Estado:</b></td><td>No Admitido a Tramitación</td></tr>
    <tr><td><b>Sector:</b></td><td>Minería</td></tr>
    <tr><td><b>Titular:</b></td><td> Aliro  Hernandez Machuca</td></tr>
    <tr><td><b>Inversión:</b></td><td>2.5 MMU$</td></tr>
    <tr><td><b>Región / Comuna:</b></td><td>Región de Atacama / Tierra Amarilla</td></tr>
    <tr><td><b>Fecha ingreso:</b></td><td></td></tr>
    <tr><td><b>Fecha calificación:</b></td><td>2009-02-03</td></tr>
    <tr><td><b>Lat/Long:</b></td><td>-27.454259, -70.21376</td></tr>
    <tr><td><b>UTM 19S:</b></td><td>380059 E / 6962664 N</td></tr>
  </table>
</div>
]]>
</description>
      <Point>
        <coordinates>-70.21376,-27.454259,0</coordinates>
      </Point>
    </Placemark>

    <Placemark>
      <name>Explotación Yacimiento Minero Cerro La Plata (e-seia)</name>
      <description>
<![CDATA[
<div style="font-family:Segoe UI,Arial,sans-serif;font-size:13px;">
  <h2 style="margin:0;color:#1e3a8a;">Explotación Yacimiento Minero Cerro La Plata (e-seia)</h2>
  <table style="border-collapse:collapse;margin-top:6px;">
    <tr><td><b>Tipo presentación:</b></td><td>DIA</td></tr>
    <tr><td><b>Estado:</b></td><td>No Admitido a Tramitación</td></tr>
    <tr><td><b>Sector:</b></td><td>Minería</td></tr>
    <tr><td><b>Titular:</b></td><td>Minera Catania Verde S.A.</td></tr>
    <tr><td><b>Inversión:</b></td><td>12.0 MMU$</td></tr>
    <tr><td><b>Región / Comuna:</b></td><td>Región de Atacama / Tierra Amarilla</td></tr>
    <tr><td><b>Fecha ingreso:</b></td><td></td></tr>
    <tr><td><b>Fecha calificación:</b></td><td>2008-11-13</td></tr>
    <tr><td><b>Lat/Long:</b></td><td>-27.619355, -70.115257</td></tr>
    <tr><td><b>UTM 19S:</b></td><td>389958 E / 6944466 N</td></tr>
  </table>
</div>
]]>
</description>
      <Point>
        <coordinates>-70.115257,-27.619355,0</coordinates>
      </Point>
    </Placemark>

    <Placemark>
      <name>Proyecto Mina "La Productora" (e-seia)</name>
      <description>
<![CDATA[
<div style="font-family:Segoe UI,Arial,sans-serif;font-size:13px;">
  <h2 style="margin:0;color:#1e3a8a;">Proyecto Mina "La Productora" (e-seia)</h2>
  <table style="border-collapse:collapse;margin-top:6px;">
    <tr><td><b>Tipo presentación:</b></td><td>DIA</td></tr>
    <tr><td><b>Estado:</b></td><td>No Admitido a Tramitación</td></tr>
    <tr><td><b>Sector:</b></td><td>Minería</td></tr>
    <tr><td><b>Titular:</b></td><td>Sociedad Legal Minera Playa Brava Una de la Sierra Quebrada de Las Cañas</td></tr>
    <tr><td><b>Inversión:</b></td><td>3.0 MMU$</td></tr>
    <tr><td><b>Región / Comuna:</b></td><td>Región de Atacama / Vallenar</td></tr>
    <tr><td><b>Fecha ingreso:</b></td><td></td></tr>
    <tr><td><b>Fecha calificación:</b></td><td>2008-08-29</td></tr>
    <tr><td><b>Lat/Long:</b></td><td>-28.71049, -70.806869</td></tr>
    <tr><td><b>UTM 19S:</b></td><td>323507 E / 6822752 N</td></tr>
  </table>
</div>
]]>
</description>
      <Point>
        <coordinates>-70.806869,-28.71049,0</coordinates>
      </Point>
    </Placemark>

    <Placemark>
      <name>Mina La Productora (e-seia)</name>
      <description>
<![CDATA[
<div style="font-family:Segoe UI,Arial,sans-serif;font-size:13px;">
  <h2 style="margin:0;color:#1e3a8a;">Mina La Productora (e-seia)</h2>
  <table style="border-collapse:collapse;margin-top:6px;">
    <tr><td><b>Tipo presentación:</b></td><td>DIA</td></tr>
    <tr><td><b>Estado:</b></td><td>No Admitido a Tramitación</td></tr>
    <tr><td><b>Sector:</b></td><td>Minería</td></tr>
    <tr><td><b>Titular:</b></td><td>Sociedad Legal Minera Playa Brava Una de la Sierra Quebrada de Las Cañas</td></tr>
    <tr><td><b>Inversión:</b></td><td>3.0 MMU$</td></tr>
    <tr><td><b>Región / Comuna:</b></td><td>Región de Atacama / Vallenar</td></tr>
    <tr><td><b>Fecha ingreso:</b></td><td></td></tr>
    <tr><td><b>Fecha calificación:</b></td><td>2008-08-04</td></tr>
    <tr><td><b>Lat/Long:</b></td><td>-28.71049, -70.806869</td></tr>
    <tr><td><b>UTM 19S:</b></td><td>323507 E / 6822752 N</td></tr>
  </table>
</div>
]]>
</description>
      <Point>
        <coordinates>-70.806869,-28.71049,0</coordinates>
      </Point>
    </Placemark>

    <Placemark>
      <name>Ampliación III Proyecto Dos Amigos (e-seia)</name>
      <description>
<![CDATA[
<div style="font-family:Segoe UI,Arial,sans-serif;font-size:13px;">
  <h2 style="margin:0;color:#1e3a8a;">Ampliación III Proyecto Dos Amigos (e-seia)</h2>
  <table style="border-collapse:collapse;margin-top:6px;">
    <tr><td><b>Tipo presentación:</b></td><td>DIA</td></tr>
    <tr><td><b>Estado:</b></td><td>No Admitido a Tramitación</td></tr>
    <tr><td><b>Sector:</b></td><td>Minería</td></tr>
    <tr><td><b>Titular:</b></td><td>Sociedad de Exploración y Desarrollo Minero EXPLODESA</td></tr>
    <tr><td><b>Inversión:</b></td><td>12.0 MMU$</td></tr>
    <tr><td><b>Región / Comuna:</b></td><td>Región de Atacama / Vallenar</td></tr>
    <tr><td><b>Fecha ingreso:</b></td><td></td></tr>
    <tr><td><b>Fecha calificación:</b></td><td>2008-04-15</td></tr>
    <tr><td><b>Lat/Long:</b></td><td>-28.982849, -70.885985</td></tr>
    <tr><td><b>UTM 19S:</b></td><td>316257 E / 6792449 N</td></tr>
  </table>
</div>
]]>
</description>
      <Point>
        <coordinates>-70.885985,-28.982849,0</coordinates>
      </Point>
    </Placemark>

    <Placemark>
      <name>Ampliación III Dos Amigos (e-seia)</name>
      <description>
<![CDATA[
<div style="font-family:Segoe UI,Arial,sans-serif;font-size:13px;">
  <h2 style="margin:0;color:#1e3a8a;">Ampliación III Dos Amigos (e-seia)</h2>
  <table style="border-collapse:collapse;margin-top:6px;">
    <tr><td><b>Tipo presentación:</b></td><td>DIA</td></tr>
    <tr><td><b>Estado:</b></td><td>No Admitido a Tramitación</td></tr>
    <tr><td><b>Sector:</b></td><td>Minería</td></tr>
    <tr><td><b>Titular:</b></td><td>Compañía Explotadora de Minas SPA</td></tr>
    <tr><td><b>Inversión:</b></td><td>12.0 MMU$</td></tr>
    <tr><td><b>Región / Comuna:</b></td><td>Región de Atacama / Vallenar</td></tr>
    <tr><td><b>Fecha ingreso:</b></td><td></td></tr>
    <tr><td><b>Fecha calificación:</b></td><td>2008-04-01</td></tr>
    <tr><td><b>Lat/Long:</b></td><td>-28.983788, -70.886502</td></tr>
    <tr><td><b>UTM 19S:</b></td><td>316208 E / 6792344 N</td></tr>
  </table>
</div>
]]>
</description>
      <Point>
        <coordinates>-70.886502,-28.983788,0</coordinates>
      </Point>
    </Placemark>

    <Placemark>
      <name>Encauzamiento Río Huasco (e-seia)</name>
      <description>
<![CDATA[
<div style="font-family:Segoe UI,Arial,sans-serif;font-size:13px;">
  <h2 style="margin:0;color:#1e3a8a;">Encauzamiento Río Huasco (e-seia)</h2>
  <table style="border-collapse:collapse;margin-top:6px;">
    <tr><td><b>Tipo presentación:</b></td><td>DIA</td></tr>
    <tr><td><b>Estado:</b></td><td>No Admitido a Tramitación</td></tr>
    <tr><td><b>Sector:</b></td><td>Minería</td></tr>
    <tr><td><b>Titular:</b></td><td>VECCHIOLA S.A.</td></tr>
    <tr><td><b>Inversión:</b></td><td>0.134 MMU$</td></tr>
    <tr><td><b>Región / Comuna:</b></td><td>Región de Atacama / Vallenar</td></tr>
    <tr><td><b>Fecha ingreso:</b></td><td></td></tr>
    <tr><td><b>Fecha calificación:</b></td><td>2007-07-31</td></tr>
    <tr><td><b>Lat/Long:</b></td><td>-28.561153, -70.798435</td></tr>
    <tr><td><b>UTM 19S:</b></td><td>324082 E / 6839313 N</td></tr>
  </table>
</div>
]]>
</description>
      <Point>
        <coordinates>-70.798435,-28.561153,0</coordinates>
      </Point>
    </Placemark>

    <Placemark>
      <name>Proyecto Mina de Cobre Michel (e-seia)</name>
      <description>
<![CDATA[
<div style="font-family:Segoe UI,Arial,sans-serif;font-size:13px;">
  <h2 style="margin:0;color:#1e3a8a;">Proyecto Mina de Cobre Michel (e-seia)</h2>
  <table style="border-collapse:collapse;margin-top:6px;">
    <tr><td><b>Tipo presentación:</b></td><td>DIA</td></tr>
    <tr><td><b>Estado:</b></td><td>No Admitido a Tramitación</td></tr>
    <tr><td><b>Sector:</b></td><td>Minería</td></tr>
    <tr><td><b>Titular:</b></td><td> Jorge Alejandro  del Río  Tirado</td></tr>
    <tr><td><b>Inversión:</b></td><td>0.0001 MMU$</td></tr>
    <tr><td><b>Región / Comuna:</b></td><td>Región de Atacama / Caldera</td></tr>
    <tr><td><b>Fecha ingreso:</b></td><td></td></tr>
    <tr><td><b>Fecha calificación:</b></td><td>2007-06-07</td></tr>
    <tr><td><b>Lat/Long:</b></td><td>-26.819353, -70.344856</td></tr>
    <tr><td><b>UTM 19S:</b></td><td>366350 E / 7032865 N</td></tr>
  </table>
</div>
]]>
</description>
      <Point>
        <coordinates>-70.344856,-26.819353,0</coordinates>
      </Point>
    </Placemark>

    <Placemark>
      <name>Proyecto Optimización del Circuito Chancado de Pebbles (e-seia)</name>
      <description>
<![CDATA[
<div style="font-family:Segoe UI,Arial,sans-serif;font-size:13px;">
  <h2 style="margin:0;color:#1e3a8a;">Proyecto Optimización del Circuito Chancado de Pebbles (e-seia)</h2>
  <table style="border-collapse:collapse;margin-top:6px;">
    <tr><td><b>Tipo presentación:</b></td><td>DIA</td></tr>
    <tr><td><b>Estado:</b></td><td>No Admitido a Tramitación</td></tr>
    <tr><td><b>Sector:</b></td><td>Minería</td></tr>
    <tr><td><b>Titular:</b></td><td>Compañía Contractual Minera Candelaria</td></tr>
    <tr><td><b>Inversión:</b></td><td>25.0 MMU$</td></tr>
    <tr><td><b>Región / Comuna:</b></td><td>Región de Atacama / Tierra Amarilla</td></tr>
    <tr><td><b>Fecha ingreso:</b></td><td></td></tr>
    <tr><td><b>Fecha calificación:</b></td><td>2007-04-11</td></tr>
    <tr><td><b>Lat/Long:</b></td><td>-27.530504, -70.3011</td></tr>
    <tr><td><b>UTM 19S:</b></td><td>371516 E / 6954130 N</td></tr>
  </table>
</div>
]]>
</description>
      <Point>
        <coordinates>-70.3011,-27.530504,0</coordinates>
      </Point>
    </Placemark>

    <Placemark>
      <name>Construccion Planta SX-EW 350 TMF/MES, Las Pintadas (e-seia)</name>
      <description>
<![CDATA[
<div style="font-family:Segoe UI,Arial,sans-serif;font-size:13px;">
  <h2 style="margin:0;color:#1e3a8a;">Construccion Planta SX-EW 350 TMF/MES, Las Pintadas (e-seia)</h2>
  <table style="border-collapse:collapse;margin-top:6px;">
    <tr><td><b>Tipo presentación:</b></td><td>DIA</td></tr>
    <tr><td><b>Estado:</b></td><td>No Admitido a Tramitación</td></tr>
    <tr><td><b>Sector:</b></td><td>Minería</td></tr>
    <tr><td><b>Titular:</b></td><td>Compañia Minera Carmen Bajo</td></tr>
    <tr><td><b>Inversión:</b></td><td>3.0 MMU$</td></tr>
    <tr><td><b>Región / Comuna:</b></td><td>Región de Atacama / Tierra Amarilla</td></tr>
    <tr><td><b>Fecha ingreso:</b></td><td></td></tr>
    <tr><td><b>Fecha calificación:</b></td><td>2007-03-21</td></tr>
    <tr><td><b>Lat/Long:</b></td><td>-27.582727, -70.353044</td></tr>
    <tr><td><b>UTM 19S:</b></td><td>366449 E / 6948289 N</td></tr>
  </table>
</div>
]]>
</description>
      <Point>
        <coordinates>-70.353044,-27.582727,0</coordinates>
      </Point>
    </Placemark>

    <Placemark>
      <name>Construcción Planta LIX - SX - EW 400 TMF/MES ENAMI (e-seia)</name>
      <description>
<![CDATA[
<div style="font-family:Segoe UI,Arial,sans-serif;font-size:13px;">
  <h2 style="margin:0;color:#1e3a8a;">Construcción Planta LIX - SX - EW 400 TMF/MES ENAMI (e-seia)</h2>
  <table style="border-collapse:collapse;margin-top:6px;">
    <tr><td><b>Tipo presentación:</b></td><td>DIA</td></tr>
    <tr><td><b>Estado:</b></td><td>No Admitido a Tramitación</td></tr>
    <tr><td><b>Sector:</b></td><td>Minería</td></tr>
    <tr><td><b>Titular:</b></td><td>Empresa Nacional de Minería</td></tr>
    <tr><td><b>Inversión:</b></td><td>10.75 MMU$</td></tr>
    <tr><td><b>Región / Comuna:</b></td><td>Región de Atacama / Copiapó</td></tr>
    <tr><td><b>Fecha ingreso:</b></td><td></td></tr>
    <tr><td><b>Fecha calificación:</b></td><td>2007-02-07</td></tr>
    <tr><td><b>Lat/Long:</b></td><td>-27.410131, -70.252047</td></tr>
    <tr><td><b>UTM 19S:</b></td><td>376226 E / 6967515 N</td></tr>
  </table>
</div>
]]>
</description>
      <Point>
        <coordinates>-70.252047,-27.410131,0</coordinates>
      </Point>
    </Placemark>

    <Placemark>
      <name>Proyecto de Exploración Minera Recuperada (e-seia)</name>
      <description>
<![CDATA[
<div style="font-family:Segoe UI,Arial,sans-serif;font-size:13px;">
  <h2 style="margin:0;color:#1e3a8a;">Proyecto de Exploración Minera Recuperada (e-seia)</h2>
  <table style="border-collapse:collapse;margin-top:6px;">
    <tr><td><b>Tipo presentación:</b></td><td>DIA</td></tr>
    <tr><td><b>Estado:</b></td><td>No Admitido a Tramitación</td></tr>
    <tr><td><b>Sector:</b></td><td>Minería</td></tr>
    <tr><td><b>Titular:</b></td><td>Sociedad Minera Recuperada Ltda.</td></tr>
    <tr><td><b>Inversión:</b></td><td>0.07 MMU$</td></tr>
    <tr><td><b>Región / Comuna:</b></td><td>Región de Atacama / Copiapó</td></tr>
    <tr><td><b>Fecha ingreso:</b></td><td></td></tr>
    <tr><td><b>Fecha calificación:</b></td><td>2006-11-29</td></tr>
    <tr><td><b>Lat/Long:</b></td><td>-26.999948, -70.204611</td></tr>
    <tr><td><b>UTM 19S:</b></td><td>380479 E / 7013000 N</td></tr>
  </table>
</div>
]]>
</description>
      <Point>
        <coordinates>-70.204611,-26.999948,0</coordinates>
      </Point>
    </Placemark>

    <Placemark>
      <name>Sondajes de Prospección y Planta Piloto de Lixiviación. Proyecto Regalito (e-seia)</name>
      <description>
<![CDATA[
<div style="font-family:Segoe UI,Arial,sans-serif;font-size:13px;">
  <h2 style="margin:0;color:#1e3a8a;">Sondajes de Prospección y Planta Piloto de Lixiviación. Proyecto Regalito (e-seia)</h2>
  <table style="border-collapse:collapse;margin-top:6px;">
    <tr><td><b>Tipo presentación:</b></td><td>DIA</td></tr>
    <tr><td><b>Estado:</b></td><td>No Admitido a Tramitación</td></tr>
    <tr><td><b>Sector:</b></td><td>Minería</td></tr>
    <tr><td><b>Titular:</b></td><td>SCM MINERA LUMINA COPPER CHILE</td></tr>
    <tr><td><b>Inversión:</b></td><td>13.5 MMU$</td></tr>
    <tr><td><b>Región / Comuna:</b></td><td>Región de Atacama / Tierra Amarilla</td></tr>
    <tr><td><b>Fecha ingreso:</b></td><td></td></tr>
    <tr><td><b>Fecha calificación:</b></td><td>2006-10-17</td></tr>
    <tr><td><b>Lat/Long:</b></td><td>-28.167827, -69.547781</td></tr>
    <tr><td><b>UTM 19S:</b></td><td>446224 E / 6884085 N</td></tr>
  </table>
</div>
]]>
</description>
      <Point>
        <coordinates>-69.547781,-28.167827,0</coordinates>
      </Point>
    </Placemark>

    <Placemark>
      <name>Proyecto de Ampliacion Planta Cerrillos (e-seia)</name>
      <description>
<![CDATA[
<div style="font-family:Segoe UI,Arial,sans-serif;font-size:13px;">
  <h2 style="margin:0;color:#1e3a8a;">Proyecto de Ampliacion Planta Cerrillos (e-seia)</h2>
  <table style="border-collapse:collapse;margin-top:6px;">
    <tr><td><b>Tipo presentación:</b></td><td>DIA</td></tr>
    <tr><td><b>Estado:</b></td><td>No Admitido a Tramitación</td></tr>
    <tr><td><b>Sector:</b></td><td>Minería</td></tr>
    <tr><td><b>Titular:</b></td><td>Compañía Exploradora y Explotadora Minera Chilena Rumana COEMIN S.A.</td></tr>
    <tr><td><b>Inversión:</b></td><td>10.0 MMU$</td></tr>
    <tr><td><b>Región / Comuna:</b></td><td>Región de Atacama / Tierra Amarilla</td></tr>
    <tr><td><b>Fecha ingreso:</b></td><td></td></tr>
    <tr><td><b>Fecha calificación:</b></td><td>2006-10-12</td></tr>
    <tr><td><b>Lat/Long:</b></td><td>-27.572872, -70.249271</td></tr>
    <tr><td><b>UTM 19S:</b></td><td>376682 E / 6949489 N</td></tr>
  </table>
</div>
]]>
</description>
      <Point>
        <coordinates>-70.249271,-27.572872,0</coordinates>
      </Point>
    </Placemark>

    <Placemark>
      <name>Explotación de Minerales de Hierro desde Depósitos Aluviales, Sector Llanos de Cristales (e-seia)</name>
      <description>
<![CDATA[
<div style="font-family:Segoe UI,Arial,sans-serif;font-size:13px;">
  <h2 style="margin:0;color:#1e3a8a;">Explotación de Minerales de Hierro desde Depósitos Aluviales, Sector Llanos de Cristales (e-seia)</h2>
  <table style="border-collapse:collapse;margin-top:6px;">
    <tr><td><b>Tipo presentación:</b></td><td>DIA</td></tr>
    <tr><td><b>Estado:</b></td><td>No Admitido a Tramitación</td></tr>
    <tr><td><b>Sector:</b></td><td>Minería</td></tr>
    <tr><td><b>Titular:</b></td><td>Compañía Minera Tauro S.C.M</td></tr>
    <tr><td><b>Inversión:</b></td><td>3.1 MMU$</td></tr>
    <tr><td><b>Región / Comuna:</b></td><td>Región de Atacama / Vallenar</td></tr>
    <tr><td><b>Fecha ingreso:</b></td><td></td></tr>
    <tr><td><b>Fecha calificación:</b></td><td>2005-06-17</td></tr>
    <tr><td><b>Lat/Long:</b></td><td>-29.134093, -71.02294</td></tr>
    <tr><td><b>UTM 19S:</b></td><td>303199 E / 6775466 N</td></tr>
  </table>
</div>
]]>
</description>
      <Point>
        <coordinates>-71.02294,-29.134093,0</coordinates>
      </Point>
    </Placemark>
  </Folder>

  <Folder>
    <name>No calificado</name>

    <Placemark>
      <name>Prospección Minera Proyecto El Encierro.</name>
      <description>
<![CDATA[
<div style="font-family:Segoe UI,Arial,sans-serif;font-size:13px;">
  <h2 style="margin:0;color:#1e3a8a;">Prospección Minera Proyecto El Encierro.</h2>
  <table style="border-collapse:collapse;margin-top:6px;">
    <tr><td><b>Tipo presentación:</b></td><td>DIA</td></tr>
    <tr><td><b>Estado:</b></td><td>No calificado</td></tr>
    <tr><td><b>Sector:</b></td><td>Minería</td></tr>
    <tr><td><b>Titular:</b></td><td>Sociedad Contractual Minera El Encierro</td></tr>
    <tr><td><b>Inversión:</b></td><td>95.0 MMU$</td></tr>
    <tr><td><b>Región / Comuna:</b></td><td>Región de Atacama / Alto del Carmen</td></tr>
    <tr><td><b>Fecha ingreso:</b></td><td></td></tr>
    <tr><td><b>Fecha calificación:</b></td><td>2024-02-16</td></tr>
    <tr><td><b>Lat/Long:</b></td><td>-29.067414, -69.900155</td></tr>
    <tr><td><b>UTM 19S:</b></td><td>412380 E / 6784211 N</td></tr>
  </table>
</div>
]]>
</description>
      <Point>
        <coordinates>-69.900155,-29.067414,0</coordinates>
      </Point>
    </Placemark>

    <Placemark>
      <name>Continuidad operacional La Farola</name>
      <description>
<![CDATA[
<div style="font-family:Segoe UI,Arial,sans-serif;font-size:13px;">
  <h2 style="margin:0;color:#1e3a8a;">Continuidad operacional La Farola</h2>
  <table style="border-collapse:collapse;margin-top:6px;">
    <tr><td><b>Tipo presentación:</b></td><td>DIA</td></tr>
    <tr><td><b>Estado:</b></td><td>No calificado</td></tr>
    <tr><td><b>Sector:</b></td><td>Minería</td></tr>
    <tr><td><b>Titular:</b></td><td>MINERA ALTAIR S.A.</td></tr>
    <tr><td><b>Inversión:</b></td><td>250.0 MMU$</td></tr>
    <tr><td><b>Región / Comuna:</b></td><td>Región de Atacama / Tierra Amarilla</td></tr>
    <tr><td><b>Fecha ingreso:</b></td><td></td></tr>
    <tr><td><b>Fecha calificación:</b></td><td>2023-10-24</td></tr>
    <tr><td><b>Lat/Long:</b></td><td>-27.589906, -70.347552</td></tr>
    <tr><td><b>UTM 19S:</b></td><td>367000 E / 6947500 N</td></tr>
  </table>
</div>
]]>
</description>
      <Point>
        <coordinates>-70.347552,-27.589906,0</coordinates>
      </Point>
    </Placemark>

    <Placemark>
      <name>Proyecto Explotación Subterránea - Mina Venus - Marta (VEM)</name>
      <description>
<![CDATA[
<div style="font-family:Segoe UI,Arial,sans-serif;font-size:13px;">
  <h2 style="margin:0;color:#1e3a8a;">Proyecto Explotación Subterránea - Mina Venus - Marta (VEM)</h2>
  <table style="border-collapse:collapse;margin-top:6px;">
    <tr><td><b>Tipo presentación:</b></td><td>DIA</td></tr>
    <tr><td><b>Estado:</b></td><td>No calificado</td></tr>
    <tr><td><b>Sector:</b></td><td>Minería</td></tr>
    <tr><td><b>Titular:</b></td><td>Minera de Cobre SpA</td></tr>
    <tr><td><b>Inversión:</b></td><td>50.0 MMU$</td></tr>
    <tr><td><b>Región / Comuna:</b></td><td>Región de Atacama / Tierra Amarilla-Copiapó</td></tr>
    <tr><td><b>Fecha ingreso:</b></td><td></td></tr>
    <tr><td><b>Fecha calificación:</b></td><td>2023-07-05</td></tr>
    <tr><td><b>Lat/Long:</b></td><td>-27.446972, -70.271667</td></tr>
    <tr><td><b>UTM 19S:</b></td><td>374328 E / 6963414 N</td></tr>
  </table>
</div>
]]>
</description>
      <Point>
        <coordinates>-70.271667,-27.446972,0</coordinates>
      </Point>
    </Placemark>

    <Placemark>
      <name>Minera Carolina</name>
      <description>
<![CDATA[
<div style="font-family:Segoe UI,Arial,sans-serif;font-size:13px;">
  <h2 style="margin:0;color:#1e3a8a;">Minera Carolina</h2>
  <table style="border-collapse:collapse;margin-top:6px;">
    <tr><td><b>Tipo presentación:</b></td><td>DIA</td></tr>
    <tr><td><b>Estado:</b></td><td>No calificado</td></tr>
    <tr><td><b>Sector:</b></td><td>Minería</td></tr>
    <tr><td><b>Titular:</b></td><td> LUIS ADOLFO GALLARDO GALLARDO</td></tr>
    <tr><td><b>Inversión:</b></td><td>3.0 MMU$</td></tr>
    <tr><td><b>Región / Comuna:</b></td><td>Región de Atacama / Copiapó</td></tr>
    <tr><td><b>Fecha ingreso:</b></td><td></td></tr>
    <tr><td><b>Fecha calificación:</b></td><td>2021-12-10</td></tr>
    <tr><td><b>Lat/Long:</b></td><td>-27.45728, -70.60005</td></tr>
    <tr><td><b>UTM 19S:</b></td><td>341886 E / 6961897 N</td></tr>
  </table>
</div>
]]>
</description>
      <Point>
        <coordinates>-70.60005,-27.45728,0</coordinates>
      </Point>
    </Placemark>

    <Placemark>
      <name>Actualización Arqueros</name>
      <description>
<![CDATA[
<div style="font-family:Segoe UI,Arial,sans-serif;font-size:13px;">
  <h2 style="margin:0;color:#1e3a8a;">Actualización Arqueros</h2>
  <table style="border-collapse:collapse;margin-top:6px;">
    <tr><td><b>Tipo presentación:</b></td><td>DIA</td></tr>
    <tr><td><b>Estado:</b></td><td>No calificado</td></tr>
    <tr><td><b>Sector:</b></td><td>Minería</td></tr>
    <tr><td><b>Titular:</b></td><td>Laguna Resources Chile Limitada</td></tr>
    <tr><td><b>Inversión:</b></td><td>207.0 MMU$</td></tr>
    <tr><td><b>Región / Comuna:</b></td><td>Región de Atacama / Diego de Almagro</td></tr>
    <tr><td><b>Fecha ingreso:</b></td><td></td></tr>
    <tr><td><b>Fecha calificación:</b></td><td>2017-08-30</td></tr>
    <tr><td><b>Lat/Long:</b></td><td>-26.651974, -69.113628</td></tr>
    <tr><td><b>UTM 19S:</b></td><td>488692 E / 7052106 N</td></tr>
  </table>
</div>
]]>
</description>
      <Point>
        <coordinates>-69.113628,-26.651974,0</coordinates>
      </Point>
    </Placemark>

    <Placemark>
      <name>Aumento de vida útil de faena Minera Atacama Kozan, incorporando Relaves Filtrados en quebrada El Gato</name>
      <description>
<![CDATA[
<div style="font-family:Segoe UI,Arial,sans-serif;font-size:13px;">
  <h2 style="margin:0;color:#1e3a8a;">Aumento de vida útil de faena Minera Atacama Kozan, incorporando Relaves Filtrados en quebrada El Gato</h2>
  <table style="border-collapse:collapse;margin-top:6px;">
    <tr><td><b>Tipo presentación:</b></td><td>DIA</td></tr>
    <tr><td><b>Estado:</b></td><td>No calificado</td></tr>
    <tr><td><b>Sector:</b></td><td>Minería</td></tr>
    <tr><td><b>Titular:</b></td><td>Sociedad Contractual Minera Atacama Kozan</td></tr>
    <tr><td><b>Inversión:</b></td><td>15.764 MMU$</td></tr>
    <tr><td><b>Región / Comuna:</b></td><td>Región de Atacama / Tierra Amarilla-Copiapó</td></tr>
    <tr><td><b>Fecha ingreso:</b></td><td></td></tr>
    <tr><td><b>Fecha calificación:</b></td><td>2017-07-27</td></tr>
    <tr><td><b>Lat/Long:</b></td><td>-27.387617, -70.261158</td></tr>
    <tr><td><b>UTM 19S:</b></td><td>375300 E / 6970000 N</td></tr>
  </table>
</div>
]]>
</description>
      <Point>
        <coordinates>-70.261158,-27.387617,0</coordinates>
      </Point>
    </Placemark>

    <Placemark>
      <name>Continuidad Operacional y Optimización del Sellado y Estabilizado de Depósito de Relaves Nº 1</name>
      <description>
<![CDATA[
<div style="font-family:Segoe UI,Arial,sans-serif;font-size:13px;">
  <h2 style="margin:0;color:#1e3a8a;">Continuidad Operacional y Optimización del Sellado y Estabilizado de Depósito de Relaves Nº 1</h2>
  <table style="border-collapse:collapse;margin-top:6px;">
    <tr><td><b>Tipo presentación:</b></td><td>DIA</td></tr>
    <tr><td><b>Estado:</b></td><td>No calificado</td></tr>
    <tr><td><b>Sector:</b></td><td>Minería</td></tr>
    <tr><td><b>Titular:</b></td><td>Compañía Exploradora y Explotadora Minera Chilena Rumana COEMIN S.A.</td></tr>
    <tr><td><b>Inversión:</b></td><td>1.3 MMU$</td></tr>
    <tr><td><b>Región / Comuna:</b></td><td>Región de Atacama / Tierra Amarilla</td></tr>
    <tr><td><b>Fecha ingreso:</b></td><td></td></tr>
    <tr><td><b>Fecha calificación:</b></td><td>2017-05-18</td></tr>
    <tr><td><b>Lat/Long:</b></td><td>-27.55521, -70.228633</td></tr>
    <tr><td><b>UTM 19S:</b></td><td>378700 E / 6951466 N</td></tr>
  </table>
</div>
]]>
</description>
      <Point>
        <coordinates>-70.228633,-27.55521,0</coordinates>
      </Point>
    </Placemark>

    <Placemark>
      <name>Proyecto Minero Mariposa</name>
      <description>
<![CDATA[
<div style="font-family:Segoe UI,Arial,sans-serif;font-size:13px;">
  <h2 style="margin:0;color:#1e3a8a;">Proyecto Minero Mariposa</h2>
  <table style="border-collapse:collapse;margin-top:6px;">
    <tr><td><b>Tipo presentación:</b></td><td>DIA</td></tr>
    <tr><td><b>Estado:</b></td><td>No calificado</td></tr>
    <tr><td><b>Sector:</b></td><td>Minería</td></tr>
    <tr><td><b>Titular:</b></td><td>Admiralty Minerals Chile PTI LTD Agencia en Chile</td></tr>
    <tr><td><b>Inversión:</b></td><td>161.0 MMU$</td></tr>
    <tr><td><b>Región / Comuna:</b></td><td>Región de Atacama / Copiapó-Vallenar-Freirina-Huasco</td></tr>
    <tr><td><b>Fecha ingreso:</b></td><td></td></tr>
    <tr><td><b>Fecha calificación:</b></td><td>2017-01-31</td></tr>
    <tr><td><b>Lat/Long:</b></td><td>-28.672372, -70.819599</td></tr>
    <tr><td><b>UTM 19S:</b></td><td>322199 E / 6826957 N</td></tr>
  </table>
</div>
]]>
</description>
      <Point>
        <coordinates>-70.819599,-28.672372,0</coordinates>
      </Point>
    </Placemark>

    <Placemark>
      <name>Beneficio de Desmontes de Minerales de Hierro Mina Candelaria I del 1 al 10.</name>
      <description>
<![CDATA[
<div style="font-family:Segoe UI,Arial,sans-serif;font-size:13px;">
  <h2 style="margin:0;color:#1e3a8a;">Beneficio de Desmontes de Minerales de Hierro Mina Candelaria I del 1 al 10.</h2>
  <table style="border-collapse:collapse;margin-top:6px;">
    <tr><td><b>Tipo presentación:</b></td><td>DIA</td></tr>
    <tr><td><b>Estado:</b></td><td>No calificado</td></tr>
    <tr><td><b>Sector:</b></td><td>Minería</td></tr>
    <tr><td><b>Titular:</b></td><td>MINERAS LIMPIAS SPA</td></tr>
    <tr><td><b>Inversión:</b></td><td>0.75 MMU$</td></tr>
    <tr><td><b>Región / Comuna:</b></td><td>Región de Atacama / Caldera</td></tr>
    <tr><td><b>Fecha ingreso:</b></td><td></td></tr>
    <tr><td><b>Fecha calificación:</b></td><td>2016-09-22</td></tr>
    <tr><td><b>Lat/Long:</b></td><td>-26.919672, -70.455153</td></tr>
    <tr><td><b>UTM 19S:</b></td><td>355515 E / 7021631 N</td></tr>
  </table>
</div>
]]>
</description>
      <Point>
        <coordinates>-70.455153,-26.919672,0</coordinates>
      </Point>
    </Placemark>

    <Placemark>
      <name>Aumento ritmo de extracción Mina Carola</name>
      <description>
<![CDATA[
<div style="font-family:Segoe UI,Arial,sans-serif;font-size:13px;">
  <h2 style="margin:0;color:#1e3a8a;">Aumento ritmo de extracción Mina Carola</h2>
  <table style="border-collapse:collapse;margin-top:6px;">
    <tr><td><b>Tipo presentación:</b></td><td>DIA</td></tr>
    <tr><td><b>Estado:</b></td><td>No calificado</td></tr>
    <tr><td><b>Sector:</b></td><td>Minería</td></tr>
    <tr><td><b>Titular:</b></td><td>Sociedad Contractual Minera Carola</td></tr>
    <tr><td><b>Inversión:</b></td><td>20.0 MMU$</td></tr>
    <tr><td><b>Región / Comuna:</b></td><td>Región de Atacama / Tierra Amarilla</td></tr>
    <tr><td><b>Fecha ingreso:</b></td><td></td></tr>
    <tr><td><b>Fecha calificación:</b></td><td>2016-02-19</td></tr>
    <tr><td><b>Lat/Long:</b></td><td>-27.496665, -70.257624</td></tr>
    <tr><td><b>UTM 19S:</b></td><td>375772 E / 6957923 N</td></tr>
  </table>
</div>
]]>
</description>
      <Point>
        <coordinates>-70.257624,-27.496665,0</coordinates>
      </Point>
    </Placemark>

    <Placemark>
      <name>Proyecto Transpacific</name>
      <description>
<![CDATA[
<div style="font-family:Segoe UI,Arial,sans-serif;font-size:13px;">
  <h2 style="margin:0;color:#1e3a8a;">Proyecto Transpacific</h2>
  <table style="border-collapse:collapse;margin-top:6px;">
    <tr><td><b>Tipo presentación:</b></td><td>DIA</td></tr>
    <tr><td><b>Estado:</b></td><td>No calificado</td></tr>
    <tr><td><b>Sector:</b></td><td>Minería</td></tr>
    <tr><td><b>Titular:</b></td><td>Inversiones Sierra Chicharra SpA</td></tr>
    <tr><td><b>Inversión:</b></td><td>7.5 MMU$</td></tr>
    <tr><td><b>Región / Comuna:</b></td><td>Región de Atacama / Caldera-Chañaral-Copiapó</td></tr>
    <tr><td><b>Fecha ingreso:</b></td><td></td></tr>
    <tr><td><b>Fecha calificación:</b></td><td>2014-08-29</td></tr>
    <tr><td><b>Lat/Long:</b></td><td>-27.515311, -70.574427</td></tr>
    <tr><td><b>UTM 19S:</b></td><td>344500 E / 6955500 N</td></tr>
  </table>
</div>
]]>
</description>
      <Point>
        <coordinates>-70.574427,-27.515311,0</coordinates>
      </Point>
    </Placemark>

    <Placemark>
      <name>"Modificaciones Arqueros"</name>
      <description>
<![CDATA[
<div style="font-family:Segoe UI,Arial,sans-serif;font-size:13px;">
  <h2 style="margin:0;color:#1e3a8a;">"Modificaciones Arqueros"</h2>
  <table style="border-collapse:collapse;margin-top:6px;">
    <tr><td><b>Tipo presentación:</b></td><td>DIA</td></tr>
    <tr><td><b>Estado:</b></td><td>No calificado</td></tr>
    <tr><td><b>Sector:</b></td><td>Minería</td></tr>
    <tr><td><b>Titular:</b></td><td>Laguna Resources Chile Limitada</td></tr>
    <tr><td><b>Inversión:</b></td><td>150.0 MMU$</td></tr>
    <tr><td><b>Región / Comuna:</b></td><td>Región de Atacama / Diego de Almagro</td></tr>
    <tr><td><b>Fecha ingreso:</b></td><td></td></tr>
    <tr><td><b>Fecha calificación:</b></td><td>2014-06-30</td></tr>
    <tr><td><b>Lat/Long:</b></td><td>-26.6459, -69.155871</td></tr>
    <tr><td><b>UTM 19S:</b></td><td>484487 E / 7052774 N</td></tr>
  </table>
</div>
]]>
</description>
      <Point>
        <coordinates>-69.155871,-26.6459,0</coordinates>
      </Point>
    </Placemark>

    <Placemark>
      <name>Proyecto Prospección Tierra Morena</name>
      <description>
<![CDATA[
<div style="font-family:Segoe UI,Arial,sans-serif;font-size:13px;">
  <h2 style="margin:0;color:#1e3a8a;">Proyecto Prospección Tierra Morena</h2>
  <table style="border-collapse:collapse;margin-top:6px;">
    <tr><td><b>Tipo presentación:</b></td><td>DIA</td></tr>
    <tr><td><b>Estado:</b></td><td>No calificado</td></tr>
    <tr><td><b>Sector:</b></td><td>Minería</td></tr>
    <tr><td><b>Titular:</b></td><td>Sociedad por Acciones Mantos de Fuego SPA</td></tr>
    <tr><td><b>Inversión:</b></td><td>5.1 MMU$</td></tr>
    <tr><td><b>Región / Comuna:</b></td><td>Región de Atacama / Tierra Amarilla</td></tr>
    <tr><td><b>Fecha ingreso:</b></td><td></td></tr>
    <tr><td><b>Fecha calificación:</b></td><td>2014-02-05</td></tr>
    <tr><td><b>Lat/Long:</b></td><td>-27.219778, -69.28418</td></tr>
    <tr><td><b>UTM 19S:</b></td><td>471860 E / 6989190 N</td></tr>
  </table>
</div>
]]>
</description>
      <Point>
        <coordinates>-69.28418,-27.219778,0</coordinates>
      </Point>
    </Placemark>

    <Placemark>
      <name>Extracción de mineral de hierro, Mina Molle F</name>
      <description>
<![CDATA[
<div style="font-family:Segoe UI,Arial,sans-serif;font-size:13px;">
  <h2 style="margin:0;color:#1e3a8a;">Extracción de mineral de hierro, Mina Molle F</h2>
  <table style="border-collapse:collapse;margin-top:6px;">
    <tr><td><b>Tipo presentación:</b></td><td>DIA</td></tr>
    <tr><td><b>Estado:</b></td><td>No calificado</td></tr>
    <tr><td><b>Sector:</b></td><td>Minería</td></tr>
    <tr><td><b>Titular:</b></td><td>Sociedad Facaz Minera Valle Hermoso</td></tr>
    <tr><td><b>Inversión:</b></td><td>0.2 MMU$</td></tr>
    <tr><td><b>Región / Comuna:</b></td><td>Región de Atacama / Vallenar</td></tr>
    <tr><td><b>Fecha ingreso:</b></td><td></td></tr>
    <tr><td><b>Fecha calificación:</b></td><td>2012-10-04</td></tr>
    <tr><td><b>Lat/Long:</b></td><td>-29.263751, -71.079292</td></tr>
    <tr><td><b>UTM 19S:</b></td><td>297970 E / 6761000 N</td></tr>
  </table>
</div>
]]>
</description>
      <Point>
        <coordinates>-71.079292,-29.263751,0</coordinates>
      </Point>
    </Placemark>

    <Placemark>
      <name>Proyecto Ampliación y Optimización Planta San José</name>
      <description>
<![CDATA[
<div style="font-family:Segoe UI,Arial,sans-serif;font-size:13px;">
  <h2 style="margin:0;color:#1e3a8a;">Proyecto Ampliación y Optimización Planta San José</h2>
  <table style="border-collapse:collapse;margin-top:6px;">
    <tr><td><b>Tipo presentación:</b></td><td>DIA</td></tr>
    <tr><td><b>Estado:</b></td><td>No calificado</td></tr>
    <tr><td><b>Sector:</b></td><td>Minería</td></tr>
    <tr><td><b>Titular:</b></td><td>SOCIEDAD PUNTA DEL COBRE S.A.</td></tr>
    <tr><td><b>Inversión:</b></td><td>65.0 MMU$</td></tr>
    <tr><td><b>Región / Comuna:</b></td><td>Región de Atacama / Tierra Amarilla</td></tr>
    <tr><td><b>Fecha ingreso:</b></td><td></td></tr>
    <tr><td><b>Fecha calificación:</b></td><td>2012-07-06</td></tr>
    <tr><td><b>Lat/Long:</b></td><td>-27.479604, -70.280472</td></tr>
    <tr><td><b>UTM 19S:</b></td><td>373495 E / 6959790 N</td></tr>
  </table>
</div>
]]>
</description>
      <Point>
        <coordinates>-70.280472,-27.479604,0</coordinates>
      </Point>
    </Placemark>

    <Placemark>
      <name>Aumento de Producción Proyecto Minero Filipina Grande</name>
      <description>
<![CDATA[
<div style="font-family:Segoe UI,Arial,sans-serif;font-size:13px;">
  <h2 style="margin:0;color:#1e3a8a;">Aumento de Producción Proyecto Minero Filipina Grande</h2>
  <table style="border-collapse:collapse;margin-top:6px;">
    <tr><td><b>Tipo presentación:</b></td><td>DIA</td></tr>
    <tr><td><b>Estado:</b></td><td>No calificado</td></tr>
    <tr><td><b>Sector:</b></td><td>Minería</td></tr>
    <tr><td><b>Titular:</b></td><td>Compañia Minera Filipinas Spa</td></tr>
    <tr><td><b>Inversión:</b></td><td>2.5 MMU$</td></tr>
    <tr><td><b>Región / Comuna:</b></td><td>Región de Atacama / Freirina</td></tr>
    <tr><td><b>Fecha ingreso:</b></td><td></td></tr>
    <tr><td><b>Fecha calificación:</b></td><td>2011-12-28</td></tr>
    <tr><td><b>Lat/Long:</b></td><td>-28.404549, -70.886847</td></tr>
    <tr><td><b>UTM 19S:</b></td><td>315159 E / 6856534 N</td></tr>
  </table>
</div>
]]>
</description>
      <Point>
        <coordinates>-70.886847,-28.404549,0</coordinates>
      </Point>
    </Placemark>
  </Folder>

  <Folder>
    <name>Rechazado</name>

    <Placemark>
      <name>Reconversión Planta Las Pintadas</name>
      <description>
<![CDATA[
<div style="font-family:Segoe UI,Arial,sans-serif;font-size:13px;">
  <h2 style="margin:0;color:#1e3a8a;">Reconversión Planta Las Pintadas</h2>
  <table style="border-collapse:collapse;margin-top:6px;">
    <tr><td><b>Tipo presentación:</b></td><td>DIA</td></tr>
    <tr><td><b>Estado:</b></td><td>Rechazado</td></tr>
    <tr><td><b>Sector:</b></td><td>Minería</td></tr>
    <tr><td><b>Titular:</b></td><td>Compañía Minera Carmen Bajo Limitada</td></tr>
    <tr><td><b>Inversión:</b></td><td>2.9 MMU$</td></tr>
    <tr><td><b>Región / Comuna:</b></td><td>Región de Atacama / Tierra Amarilla</td></tr>
    <tr><td><b>Fecha ingreso:</b></td><td></td></tr>
    <tr><td><b>Fecha calificación:</b></td><td>2023-03-02</td></tr>
    <tr><td><b>Lat/Long:</b></td><td>-27.58976, -70.35929</td></tr>
    <tr><td><b>UTM 19S:</b></td><td>365841 E / 6947504 N</td></tr>
  </table>
</div>
]]>
</description>
      <Point>
        <coordinates>-70.35929,-27.58976,0</coordinates>
      </Point>
    </Placemark>

    <Placemark>
      <name>DIA PLANTA DE CONCENTRACION MAGNETICA GUANG DA ATACAMA</name>
      <description>
<![CDATA[
<div style="font-family:Segoe UI,Arial,sans-serif;font-size:13px;">
  <h2 style="margin:0;color:#1e3a8a;">DIA PLANTA DE CONCENTRACION MAGNETICA GUANG DA ATACAMA</h2>
  <table style="border-collapse:collapse;margin-top:6px;">
    <tr><td><b>Tipo presentación:</b></td><td>DIA</td></tr>
    <tr><td><b>Estado:</b></td><td>Rechazado</td></tr>
    <tr><td><b>Sector:</b></td><td>Minería</td></tr>
    <tr><td><b>Titular:</b></td><td>Sociedad Minera Guang Da Atacama Ltda.</td></tr>
    <tr><td><b>Inversión:</b></td><td>2.9 MMU$</td></tr>
    <tr><td><b>Región / Comuna:</b></td><td>Región de Atacama / Tierra Amarilla</td></tr>
    <tr><td><b>Fecha ingreso:</b></td><td></td></tr>
    <tr><td><b>Fecha calificación:</b></td><td>2015-06-16</td></tr>
    <tr><td><b>Lat/Long:</b></td><td>-27.717806, -70.189124</td></tr>
    <tr><td><b>UTM 19S:</b></td><td>382774 E / 6933491 N</td></tr>
  </table>
</div>
]]>
</description>
      <Point>
        <coordinates>-70.189124,-27.717806,0</coordinates>
      </Point>
    </Placemark>

    <Placemark>
      <name>ACOPIO Y EMBARQUE TEMPORAL DE MINERALES</name>
      <description>
<![CDATA[
<div style="font-family:Segoe UI,Arial,sans-serif;font-size:13px;">
  <h2 style="margin:0;color:#1e3a8a;">ACOPIO Y EMBARQUE TEMPORAL DE MINERALES</h2>
  <table style="border-collapse:collapse;margin-top:6px;">
    <tr><td><b>Tipo presentación:</b></td><td>DIA</td></tr>
    <tr><td><b>Estado:</b></td><td>Rechazado</td></tr>
    <tr><td><b>Sector:</b></td><td>Minería</td></tr>
    <tr><td><b>Titular:</b></td><td>CCA CHILE INVERSIÓN Y DESARROLLO MINERO S.A.</td></tr>
    <tr><td><b>Inversión:</b></td><td>46.0 MMU$</td></tr>
    <tr><td><b>Región / Comuna:</b></td><td>Región de Atacama / Caldera</td></tr>
    <tr><td><b>Fecha ingreso:</b></td><td></td></tr>
    <tr><td><b>Fecha calificación:</b></td><td>2011-07-01</td></tr>
    <tr><td><b>Lat/Long:</b></td><td>-27.056321, -70.837627</td></tr>
    <tr><td><b>UTM 19S:</b></td><td>317752 E / 7005997 N</td></tr>
  </table>
</div>
]]>
</description>
      <Point>
        <coordinates>-70.837627,-27.056321,0</coordinates>
      </Point>
    </Placemark>

    <Placemark>
      <name>Acopio y Embarque Concentrado de Hierro Global</name>
      <description>
<![CDATA[
<div style="font-family:Segoe UI,Arial,sans-serif;font-size:13px;">
  <h2 style="margin:0;color:#1e3a8a;">Acopio y Embarque Concentrado de Hierro Global</h2>
  <table style="border-collapse:collapse;margin-top:6px;">
    <tr><td><b>Tipo presentación:</b></td><td>DIA</td></tr>
    <tr><td><b>Estado:</b></td><td>Rechazado</td></tr>
    <tr><td><b>Sector:</b></td><td>Minería</td></tr>
    <tr><td><b>Titular:</b></td><td>Global Mining Int¿l Inc Chile ltda</td></tr>
    <tr><td><b>Inversión:</b></td><td>0.2 MMU$</td></tr>
    <tr><td><b>Región / Comuna:</b></td><td>Región de Atacama / Caldera-Copiapó</td></tr>
    <tr><td><b>Fecha ingreso:</b></td><td></td></tr>
    <tr><td><b>Fecha calificación:</b></td><td>2011-09-29</td></tr>
    <tr><td><b>Lat/Long:</b></td><td>-27.095141, -70.768766</td></tr>
    <tr><td><b>UTM 19S:</b></td><td>324643 E / 7001794 N</td></tr>
  </table>
</div>
]]>
</description>
      <Point>
        <coordinates>-70.768766,-27.095141,0</coordinates>
      </Point>
    </Placemark>

    <Placemark>
      <name>METODO DE EXPLOTACION MINA JILGUERO (e-seia)</name>
      <description>
<![CDATA[
<div style="font-family:Segoe UI,Arial,sans-serif;font-size:13px;">
  <h2 style="margin:0;color:#1e3a8a;">METODO DE EXPLOTACION MINA JILGUERO (e-seia)</h2>
  <table style="border-collapse:collapse;margin-top:6px;">
    <tr><td><b>Tipo presentación:</b></td><td>DIA</td></tr>
    <tr><td><b>Estado:</b></td><td>Rechazado</td></tr>
    <tr><td><b>Sector:</b></td><td>Minería</td></tr>
    <tr><td><b>Titular:</b></td><td>Minera Jilguero S.A.</td></tr>
    <tr><td><b>Inversión:</b></td><td>2.5 MMU$</td></tr>
    <tr><td><b>Región / Comuna:</b></td><td>Región de Atacama / Tierra Amarilla</td></tr>
    <tr><td><b>Fecha ingreso:</b></td><td></td></tr>
    <tr><td><b>Fecha calificación:</b></td><td>2009-10-06</td></tr>
    <tr><td><b>Lat/Long:</b></td><td>-27.454025, -70.21528</td></tr>
    <tr><td><b>UTM 19S:</b></td><td>379909 E / 6962688 N</td></tr>
  </table>
</div>
]]>
</description>
      <Point>
        <coordinates>-70.21528,-27.454025,0</coordinates>
      </Point>
    </Placemark>

    <Placemark>
      <name>Prospección Minera Azucar (e-seia)</name>
      <description>
<![CDATA[
<div style="font-family:Segoe UI,Arial,sans-serif;font-size:13px;">
  <h2 style="margin:0;color:#1e3a8a;">Prospección Minera Azucar (e-seia)</h2>
  <table style="border-collapse:collapse;margin-top:6px;">
    <tr><td><b>Tipo presentación:</b></td><td>DIA</td></tr>
    <tr><td><b>Estado:</b></td><td>Rechazado</td></tr>
    <tr><td><b>Sector:</b></td><td>Minería</td></tr>
    <tr><td><b>Titular:</b></td><td>Minera Condor S.A.</td></tr>
    <tr><td><b>Inversión:</b></td><td>0.7 MMU$</td></tr>
    <tr><td><b>Región / Comuna:</b></td><td>Región de Atacama / Huasco</td></tr>
    <tr><td><b>Fecha ingreso:</b></td><td></td></tr>
    <tr><td><b>Fecha calificación:</b></td><td>2004-08-12</td></tr>
    <tr><td><b>Lat/Long:</b></td><td>-28.114925, -70.945076</td></tr>
    <tr><td><b>UTM 19S:</b></td><td>308938 E / 6888538 N</td></tr>
  </table>
</div>
]]>
</description>
      <Point>
        <coordinates>-70.945076,-28.114925,0</coordinates>
      </Point>
    </Placemark>

    <Placemark>
      <name>Exploración Minera Azúcar</name>
      <description>
<![CDATA[
<div style="font-family:Segoe UI,Arial,sans-serif;font-size:13px;">
  <h2 style="margin:0;color:#1e3a8a;">Exploración Minera Azúcar</h2>
  <table style="border-collapse:collapse;margin-top:6px;">
    <tr><td><b>Tipo presentación:</b></td><td>DIA</td></tr>
    <tr><td><b>Estado:</b></td><td>Rechazado</td></tr>
    <tr><td><b>Sector:</b></td><td>Minería</td></tr>
    <tr><td><b>Titular:</b></td><td> David Marcus Mitchell</td></tr>
    <tr><td><b>Inversión:</b></td><td>11.6 MMU$</td></tr>
    <tr><td><b>Región / Comuna:</b></td><td>Región de Atacama / Huasco</td></tr>
    <tr><td><b>Fecha ingreso:</b></td><td></td></tr>
    <tr><td><b>Fecha calificación:</b></td><td>1998-10-10</td></tr>
    <tr><td><b>Lat/Long:</b></td><td>-28.111681, -70.943521</td></tr>
    <tr><td><b>UTM 19S:</b></td><td>309085 E / 6888900 N</td></tr>
  </table>
</div>
]]>
</description>
      <Point>
        <coordinates>-70.943521,-28.111681,0</coordinates>
      </Point>
    </Placemark>

    <Placemark>
      <name>Exploración Minera Checo Cobre</name>
      <description>
<![CDATA[
<div style="font-family:Segoe UI,Arial,sans-serif;font-size:13px;">
  <h2 style="margin:0;color:#1e3a8a;">Exploración Minera Checo Cobre</h2>
  <table style="border-collapse:collapse;margin-top:6px;">
    <tr><td><b>Tipo presentación:</b></td><td>DIA</td></tr>
    <tr><td><b>Estado:</b></td><td>Rechazado</td></tr>
    <tr><td><b>Sector:</b></td><td>Minería</td></tr>
    <tr><td><b>Titular:</b></td><td>Minera Metalsearch</td></tr>
    <tr><td><b>Inversión:</b></td><td>0.7 MMU$</td></tr>
    <tr><td><b>Región / Comuna:</b></td><td>Región de Atacama / Tierra Amarilla</td></tr>
    <tr><td><b>Fecha ingreso:</b></td><td></td></tr>
    <tr><td><b>Fecha calificación:</b></td><td>2006-05-15</td></tr>
    <tr><td><b>Lat/Long:</b></td><td>-27.516685, -70.166728</td></tr>
    <tr><td><b>UTM 19S:</b></td><td>384772 E / 6955793 N</td></tr>
  </table>
</div>
]]>
</description>
      <Point>
        <coordinates>-70.166728,-27.516685,0</coordinates>
      </Point>
    </Placemark>
  </Folder>

  <Folder>
    <name>Revocado</name>

    <Placemark>
      <name>Prospección Minera Norte Abierto Sector Caspiche</name>
      <description>
<![CDATA[
<div style="font-family:Segoe UI,Arial,sans-serif;font-size:13px;">
  <h2 style="margin:0;color:#1e3a8a;">Prospección Minera Norte Abierto Sector Caspiche</h2>
  <table style="border-collapse:collapse;margin-top:6px;">
    <tr><td><b>Tipo presentación:</b></td><td>DIA</td></tr>
    <tr><td><b>Estado:</b></td><td>Revocado</td></tr>
    <tr><td><b>Sector:</b></td><td>Minería</td></tr>
    <tr><td><b>Titular:</b></td><td>Norte Abierto SpA</td></tr>
    <tr><td><b>Inversión:</b></td><td>75.0 MMU$</td></tr>
    <tr><td><b>Región / Comuna:</b></td><td>Región de Atacama / Tierra Amarilla-Copiapó</td></tr>
    <tr><td><b>Fecha ingreso:</b></td><td></td></tr>
    <tr><td><b>Fecha calificación:</b></td><td>2019-01-25</td></tr>
    <tr><td><b>Lat/Long:</b></td><td>-27.680244, -69.380371</td></tr>
    <tr><td><b>UTM 19S:</b></td><td>462491 E / 6938160 N</td></tr>
  </table>
</div>
]]>
</description>
      <Point>
        <coordinates>-69.380371,-27.680244,0</coordinates>
      </Point>
    </Placemark>
  </Folder>
</Document>
</kml>
